site_id,year,pixel_row,pixel_col,latitude,longitude,confidence,label
T45QUE,2021,6496,3904,22.009851,85.443805,0.9847,Mining
T45QUE,2021,8064,3712,21.868064,85.426768,0.9837,Mining
T45QUE,2021,6656,3808,21.995312,85.434666,0.9837,Mining
T45QUE,2021,7520,960,21.91443,85.159892,0.9832,Mining
T45QUE,2021,8128,1888,21.860505,85.250368,0.9827,Mining
T45QUE,2021,7968,896,21.873906,85.154219,0.9827,Mining
T45QUE,2021,7520,3744,21.917224,85.429326,0.9817,Mining
T45QUE,2021,5344,4288,22.11424,85.479883,0.9798,Mining
T45QUE,2021,10400,4416,21.65772,85.497082,0.9796,Mining
T45QUE,2021,4800,9280,22.167167,85.96342,0.9794,Mining
T45QUE,2021,6944,3232,21.968761,85.379182,0.9793,Mining
T45QUE,2021,9248,896,21.758321,85.155701,0.9789,Mining
T45QUE,2021,8160,1856,21.857582,85.247308,0.9772,Mining
T45QUE,2021,5024,4384,22.143227,85.48888,0.9769,Mining
T45QUE,2021,6656,3840,21.995342,85.437765,0.9765,Mining
T45QUE,2021,5056,4384,22.140337,85.488911,0.9763,Mining
T45QUE,2021,7200,3104,21.945519,85.367053,0.9752,Mining
T45QUE,2021,7072,3328,21.957293,85.388607,0.9749,Mining
T45QUE,2021,10368,4448,21.660638,85.500144,0.9747,Mining
T45QUE,2021,7552,3776,21.914363,85.432455,0.9744,Mining
T45QUE,2021,7232,3232,21.942752,85.379477,0.9741,Mining
T45QUE,2021,8032,3712,21.870954,85.426736,0.9736,Mining
T45QUE,2021,8128,1856,21.860472,85.247273,0.9734,Mining
T45QUE,2021,5440,2208,22.10357,85.2784,0.9731,Mining
T45QUE,2021,8064,3744,21.868093,85.429864,0.9727,Mining
T45QUE,2021,10400,4448,21.657748,85.500174,0.9726,Mining
T45QUE,2021,5408,6080,22.109984,85.653632,0.9719,Mining
T45QUE,2021,5440,4000,22.105308,85.452064,0.9717,Mining
T45QUE,2021,7872,3264,21.884984,85.383227,0.9714,Mining
T45QUE,2021,8032,3680,21.870924,85.42364,0.971,Mining
T45QUE,2021,10432,4416,21.65483,85.497112,0.971,Mining
T45QUE,2021,5216,4480,22.125973,85.49837,0.9703,Mining
T45QUE,2021,8256,768,21.847761,85.142173,0.9701,Mining
T45QUE,2021,7328,3712,21.934534,85.426038,0.9701,Mining
T45QUE,2021,7968,864,21.873871,85.151124,0.9694,Mining
T45QUE,2021,5408,2496,22.106752,85.306274,0.9688,Mining
T45QUE,2021,6624,3840,21.998232,85.437733,0.9685,Mining
T45QUE,2021,7456,1792,21.92109,85.240337,0.9682,Mining
T45QUE,2021,8224,768,21.85065,85.142135,0.9674,Mining
T45QUE,2021,7456,2624,21.921932,85.32086,0.9672,Mining
T45QUE,2021,5056,4352,22.140308,85.485809,0.9671,Mining
T45QUE,2021,7424,1792,21.92398,85.240301,0.9671,Mining
T45QUE,2021,10496,4416,21.649049,85.497172,0.9667,Mining
T45QUE,2021,5728,7072,22.081845,85.750041,0.966,Mining
T45QUE,2021,5088,4448,22.137504,85.495146,0.9657,Mining
T45QUE,2021,10688,4448,21.631736,85.500443,0.9656,Mining
T45QUE,2021,5248,4352,22.122968,85.485994,0.9655,Mining
T45QUE,2021,8000,3712,21.873844,85.426704,0.9655,Mining
T45QUE,2021,5600,2464,22.089381,85.303381,0.9651,Mining
T45QUE,2021,5376,2496,22.109642,85.30624,0.9648,Mining
T45QUE,2021,6464,3904,22.012741,85.443773,0.9645,Mining
T45QUE,2021,7264,3264,21.939893,85.382607,0.9645,Mining
T45QUE,2021,4736,7744,22.171933,85.814418,0.9644,Mining
T45QUE,2021,7200,3136,21.94555,85.370151,0.9642,Mining
T45QUE,2021,7552,3744,21.914334,85.429357,0.9642,Mining
T45QUE,2021,5312,4288,22.11713,85.479852,0.964,Mining
T45QUE,2021,5504,3968,22.099499,85.449026,0.9639,Mining
T45QUE,2021,6624,3552,21.997964,85.409843,0.9635,Mining
T45QUE,2021,3680,10784,22.269201,86.108639,0.9633,Mining
T45QUE,2021,7008,3168,21.96292,85.373051,0.9632,Mining
T45QUE,2021,5248,7680,22.125641,85.808601,0.9631,Mining
T45QUE,2021,7872,3520,21.885225,85.407999,0.9624,Mining
T45QUE,2021,7904,1152,21.879961,85.178913,0.9623,Mining
T45QUE,2021,7104,3776,21.954823,85.432011,0.962,Mining
T45QUE,2021,5472,9760,22.106754,86.010394,0.9618,Mining
T45QUE,2021,5344,4416,22.114355,85.49229,0.9617,Mining
T45QUE,2021,7648,1728,21.903686,85.234357,0.9617,Mining
T45QUE,2021,5376,2208,22.10935,85.27833,0.9616,Mining
T45QUE,2021,7360,3648,21.931585,85.419875,0.9611,Mining
T45QUE,2021,5536,3904,22.09655,85.442856,0.9611,Mining
T45QUE,2021,4384,7680,22.203681,85.807943,0.961,Mining
T45QUE,2021,4064,3168,22.228787,85.37,0.9606,Mining
T45QUE,2021,5184,4480,22.128863,85.49834,0.9606,Mining
T45QUE,2021,9280,896,21.755432,85.155738,0.9606,Mining
T45QUE,2021,4704,8768,22.175515,85.913701,0.9605,Mining
T45QUE,2021,3680,2208,22.262503,85.276462,0.9602,Mining
T45QUE,2021,5408,2240,22.106493,85.281466,0.9601,Mining
T45QUE,2021,7488,1792,21.918201,85.240372,0.9601,Mining
T45QUE,2021,7520,3584,21.917075,85.41384,0.96,Mining
T45QUE,2021,6656,3584,21.995104,85.412974,0.9599,Mining
T45QUE,2021,7648,1696,21.903652,85.23126,0.9598,Mining
T45QUE,2021,5408,2272,22.106525,85.284567,0.9596,Mining
T45QUE,2021,7168,3328,21.948623,85.388705,0.9595,Mining
T45QUE,2021,6592,3840,22.001122,85.437701,0.9592,Mining
T45QUE,2021,10528,4416,21.646159,85.497202,0.9591,Mining
T45QUE,2021,6240,3072,22.032185,85.362961,0.9587,Mining
T45QUE,2021,1024,9984,22.508669,86.029335,0.9583,Mining
T45QUE,2021,8192,576,21.853329,85.123526,0.9582,Mining
T45QUE,2021,6272,3072,22.029295,85.362994,0.9582,Mining
T45QUE,2021,8096,1888,21.863395,85.250333,0.9581,Mining
T45QUE,2021,5056,4544,22.14048,85.504421,0.9579,Mining
T45QUE,2021,6208,3136,22.035137,85.369127,0.9579,Mining
T45QUE,2021,5728,2112,22.077465,85.269414,0.9575,Mining
T45QUE,2021,7488,3360,21.919754,85.392127,0.9572,Mining
T45QUE,2021,3680,2176,22.26247,85.273358,0.9568,Mining
T45QUE,2021,6656,3552,21.995074,85.409875,0.9567,Mining
T45QUE,2021,4736,2976,22.167914,85.352086,0.9565,Mining
T45QUE,2021,4992,9120,22.149725,85.948033,0.9565,Mining
T45QUE,2021,2400,1056,22.376857,85.163192,0.9562,Mining
T45QUE,2021,4544,3008,22.185284,85.354986,0.9561,Mining
T45QUE,2021,9312,1024,21.752679,85.168148,0.9561,Mining
T45QUE,2021,7648,896,21.902802,85.153847,0.9558,Mining
T45QUE,2021,7040,3808,21.960633,85.435046,0.9557,Mining
T45QUE,2021,6464,3872,22.012711,85.440674,0.9556,Mining
T45QUE,2021,7328,3776,21.934593,85.432233,0.9554,Mining
T45QUE,2021,5472,2208,22.100681,85.278435,0.9553,Mining
T45QUE,2021,6656,3520,21.995044,85.406776,0.9551,Mining
T45QUE,2021,10368,4576,21.660749,85.512511,0.9551,Mining
T45QUE,2021,7232,3168,21.942691,85.373282,0.955,Mining
T45QUE,2021,5440,6080,22.107094,85.65366,0.9549,Mining
T45QUE,2021,6624,3808,21.998202,85.434634,0.9549,Mining
T45QUE,2021,6944,3648,21.969154,85.419459,0.9548,Mining
T45QUE,2021,5088,4480,22.137533,85.498248,0.9547,Mining
T45QUE,2021,5504,9920,22.103957,86.025924,0.9547,Mining
T45QUE,2021,3680,1856,22.262137,85.242313,0.9546,Mining
T45QUE,2021,640,10080,22.543411,86.038428,0.9546,Mining
T45QUE,2021,7872,3200,21.884923,85.377034,0.954,Mining
T45QUE,2021,7328,3168,21.934021,85.37338,0.9539,Mining
T45QUE,2021,5184,4384,22.128777,85.489034,0.9537,Mining
T45QUE,2021,7648,1504,21.903452,85.212681,0.9534,Mining
T45QUE,2021,7328,3456,21.934295,85.401258,0.9531,Mining
T45QUE,2021,4192,10496,22.222796,86.08099,0.953,Mining
T45QUE,2021,7488,3744,21.920114,85.429294,0.9529,Mining
T45QUE,2021,7520,3776,21.917253,85.432423,0.9529,Mining
T45QUE,2021,8128,1824,21.860439,85.244177,0.9526,Mining
T45QUE,2021,6784,7424,21.98672,85.784969,0.9524,Mining
T45QUE,2021,7648,2112,21.90408,85.271516,0.9523,Mining
T45QUE,2021,6944,3488,21.969004,85.403968,0.9518,Mining
T45QUE,2021,7456,3616,21.922885,85.416873,0.9518,Mining
T45QUE,2021,8256,736,21.847726,85.139078,0.9518,Mining
T45QUE,2021,7328,3680,21.934504,85.42294,0.9511,Mining
T45QUE,2021,6624,3776,21.998173,85.431535,0.951,Mining
T45QUE,2021,8096,1856,21.863362,85.247237,0.9507,Mining
T45QUE,2021,5088,4384,22.137447,85.488942,0.9502,Mining
T45QUE,2021,7424,1760,21.923947,85.237204,0.9502,Mining
T45QUE,2021,7264,3232,21.939862,85.37951,0.9502,Mining
T45QUE,2021,7264,3296,21.939923,85.385705,0.9502,Mining
T45QUE,2021,7008,6720,21.965968,85.71697,0.9501,Mining
T45QUE,2021,6624,2528,21.996972,85.31068,0.95,Mining
T45QUE,2021,7840,3232,21.887844,85.380098,0.9499,Mining
T45QUE,2021,10496,4384,21.649021,85.494081,0.9496,Mining
T45QUE,2021,7616,8192,21.9121,85.85995,0.9496,Mining
T45QUE,2021,4992,10368,22.15046,86.069048,0.9495,Mining
T45QUE,2021,10720,4512,21.628902,85.506655,0.9494,Mining
T45QUE,2021,3616,10432,22.274792,86.074439,0.9489,Mining
T45QUE,2021,7424,3648,21.925805,85.419939,0.9485,Mining
T45QUE,2021,7648,928,21.902837,85.156944,0.9484,Mining
T45QUE,2021,4256,2976,22.211261,85.35158,0.9481,Mining
T45QUE,2021,9344,1056,21.749824,85.171278,0.9481,Mining
T45QUE,2021,8192,3328,21.856145,85.389744,0.948,Mining
T45QUE,2021,7936,896,21.876796,85.154182,0.948,Mining
T45QUE,2021,7360,2304,21.930283,85.289785,0.9477,Mining
T45QUE,2021,5408,2176,22.106427,85.275264,0.9476,Mining
T45QUE,2021,6240,3040,22.032154,85.359862,0.9474,Mining
T45QUE,2021,64,2720,22.589555,85.322214,0.9466,Mining
T45QUE,2021,5568,8544,22.097326,85.892588,0.9464,Mining
T45QUE,2021,7104,3808,21.954853,85.435109,0.9463,Mining
T45QUE,2021,5216,4448,22.125944,85.495269,0.9463,Mining
T45QUE,2021,3712,2144,22.259547,85.270289,0.9461,Mining
T45QUE,2021,5376,2464,22.109609,85.303139,0.946,Mining
T45QUE,2021,6656,2528,21.994083,85.310715,0.9459,Mining
T45QUE,2021,5504,2912,22.098495,85.34669,0.9458,Mining
T45QUE,2021,5568,3872,22.093631,85.439786,0.9458,Mining
T45QUE,2021,5184,4448,22.128834,85.495238,0.9456,Mining
T45QUE,2021,5504,3936,22.09947,85.445925,0.9455,Mining
T45QUE,2021,6976,3232,21.965872,85.379215,0.945,Mining
T45QUE,2021,6240,3456,22.032553,85.400157,0.9447,Mining
T45QUE,2021,5440,2240,22.103603,85.281501,0.9447,Mining
T45QUE,2021,8000,896,21.871016,85.154257,0.9445,Mining
T45QUE,2021,4192,10464,22.222779,86.077886,0.9443,Mining
T45QUE,2021,7168,2304,21.947621,85.289578,0.9443,Mining
T45QUE,2021,8416,3392,21.835976,85.396162,0.944,Mining
T45QUE,2021,3744,2176,22.256691,85.273428,0.9439,Mining
T45QUE,2021,256,1152,22.570553,85.16997,0.9438,Mining
T45QUE,2021,7968,3328,21.876375,85.389517,0.9438,Mining
T45QUE,2021,8832,864,21.795852,85.152127,0.9437,Mining
T45QUE,2021,1664,3104,22.445456,85.361262,0.9437,Mining
T45QUE,2021,7296,1888,21.935638,85.249451,0.9437,Mining
T45QUE,2021,6528,10816,22.011949,86.113357,0.9437,Mining
T45QUE,2021,10720,4544,21.628929,85.509746,0.9437,Mining
T45QUE,2021,7072,3200,21.957171,85.376215,0.9437,Mining
T45QUE,2021,3584,10464,22.2777,86.077526,0.9436,Mining
T45QUE,2021,8896,864,21.790073,85.152201,0.9436,Mining
T45QUE,2021,5536,2432,22.095128,85.300211,0.9436,Mining
T45QUE,2021,7936,3360,21.879295,85.392581,0.9436,Mining
T45QUE,2021,7648,1632,21.903586,85.225067,0.9435,Mining
T45QUE,2021,9280,864,21.755397,85.152645,0.9435,Mining
T45QUE,2021,5856,2080,22.065873,85.266454,0.9433,Mining
T45QUE,2021,7296,3136,21.93688,85.37025,0.9433,Mining
T45QUE,2021,6624,3520,21.997934,85.406744,0.9431,Mining
T45QUE,2021,5152,9696,22.135622,86.003987,0.9431,Mining
T45QUE,2021,7360,2464,21.930443,85.305272,0.943,Mining
T45QUE,2021,5504,4000,22.099528,85.452127,0.943,Mining
T45QUE,2021,7968,832,21.873837,85.148028,0.943,Mining
T45QUE,2021,7232,3296,21.942813,85.385672,0.9429,Mining
T45QUE,2021,6624,3584,21.997994,85.412941,0.9428,Mining
T45QUE,2021,5152,4352,22.131638,85.485901,0.9424,Mining
T45QUE,2021,6944,1920,21.967458,85.25216,0.9422,Mining
T45QUE,2021,7520,3712,21.917194,85.426229,0.942,Mining
T45QUE,2021,7552,960,21.91154,85.159929,0.9419,Mining
T45QUE,2021,7584,3744,21.911444,85.429389,0.9419,Mining
T45QUE,2021,6208,3040,22.035044,85.359828,0.9419,Mining
T45QUE,2021,6208,3072,22.035075,85.362928,0.9419,Mining
T45QUE,2021,7520,1792,21.915311,85.240408,0.9419,Mining
T45QUE,2021,9312,1056,21.752714,85.171241,0.9418,Mining
T45QUE,2021,5760,2080,22.074542,85.266349,0.9417,Mining
T45QUE,2021,9344,1024,21.74979,85.168185,0.9414,Mining
T45QUE,2021,7136,3296,21.951483,85.385574,0.9414,Mining
T45QUE,2021,8096,1824,21.863329,85.244142,0.9413,Mining
T45QUE,2021,5824,3072,22.069753,85.362529,0.9412,Mining
T45QUE,2021,7424,2528,21.924727,85.311534,0.9411,Mining
T45QUE,2021,7968,3200,21.876253,85.377133,0.9411,Mining
T45QUE,2021,3680,10816,22.269218,86.111745,0.9411,Mining
T45QUE,2021,6592,3776,22.001063,85.431503,0.9411,Mining
T45QUE,2021,5440,2176,22.103538,85.275299,0.9411,Mining
T45QUE,2021,3712,2176,22.25958,85.273393,0.941,Mining
T45QUE,2021,4096,3104,22.225835,85.363826,0.9408,Mining
T45QUE,2021,3968,10016,22.24276,86.034283,0.9408,Mining
T45QUE,2021,7488,3616,21.919995,85.416905,0.9407,Mining
T45QUE,2021,5440,2496,22.103862,85.306309,0.9407,Mining
T45QUE,2021,7360,1792,21.929759,85.24023,0.9407,Mining
T45QUE,2021,7200,2560,21.944988,85.314393,0.9406,Mining
T45QUE,2021,7776,5376,21.895535,85.587517,0.9405,Mining
T45QUE,2021,2144,544,22.3994,85.113172,0.9404,Mining
T45QUE,2021,5856,2016,22.065807,85.260254,0.9404,Mining
T45QUE,2021,5088,10624,22.141928,86.093928,0.9403,Mining
T45QUE,2021,4128,10304,22.228471,86.062324,0.9401,Mining
T45QUE,2021,6976,1920,21.964568,85.252195,0.94,Mining
T45QUE,2021,7968,3680,21.876704,85.423576,0.94,Mining
T45QUE,2021,6528,3808,22.006872,85.434539,0.94,Mining
T45QUE,2021,6944,3520,21.969034,85.407066,0.9396,Mining
T45QUE,2021,5440,3776,22.105101,85.430355,0.9394,Mining
T45QUE,2021,4672,10176,22.179259,86.050236,0.9394,Mining
T45QUE,2021,7392,3712,21.928754,85.426101,0.9393,Mining
T45QUE,2021,9248,928,21.758356,85.158795,0.939,Mining
T45QUE,2021,7360,3136,21.931101,85.370316,0.939,Mining
T45QUE,2021,160,7584,22.58513,85.795349,0.9386,Mining
T45QUE,2021,5856,2048,22.06584,85.263354,0.9386,Mining
T45QUE,2021,7232,3328,21.942844,85.38877,0.9384,Mining
T45QUE,2021,5312,3872,22.11675,85.439532,0.9382,Mining
T45QUE,2021,7936,3328,21.879265,85.389485,0.9382,Mining
T45QUE,2021,8416,3424,21.836006,85.399257,0.9381,Mining
T45QUE,2021,8192,1856,21.854692,85.247343,0.9381,Mining
T45QUE,2021,5312,3840,22.11672,85.436431,0.938,Mining
T45QUE,2021,7328,3744,21.934564,85.429135,0.938,Mining
T45QUE,2021,4576,3008,22.182394,85.35502,0.938,Mining
T45QUE,2021,7968,3488,21.876526,85.404999,0.938,Mining
T45QUE,2021,4064,3136,22.228756,85.366897,0.9378,Mining
T45QUE,2021,3296,9536,22.303178,85.987271,0.9377,Mining
T45QUE,2021,7520,3616,21.917105,85.416937,0.9377,Mining
T45QUE,2021,6496,3776,22.009733,85.431408,0.9377,Mining
T45QUE,2021,6400,3840,22.018462,85.437511,0.9377,Mining
T45QUE,2021,6976,1952,21.964601,85.255293,0.9377,Mining
T45QUE,2021,7456,2528,21.921837,85.311568,0.9376,Mining
T45QUE,2021,7360,3232,21.931193,85.379608,0.9375,Mining
T45QUE,2021,5344,4320,22.114269,85.482985,0.9373,Mining
T45QUE,2021,5152,4480,22.131753,85.498309,0.9371,Mining
T45QUE,2021,6592,3808,22.001092,85.434602,0.937,Mining
T45QUE,2021,4096,3136,22.225866,85.36693,0.937,Mining
T45QUE,2021,6592,8736,22.004955,85.911906,0.937,Mining
T45QUE,2021,7104,3328,21.954403,85.38864,0.9368,Mining
T45QUE,2021,6560,3808,22.003982,85.434571,0.9367,Mining
T45QUE,2021,7328,3232,21.934082,85.379575,0.9367,Mining
T45QUE,2021,5344,10720,22.118854,86.103383,0.9367,Mining
T45QUE,2021,7008,3200,21.962951,85.37615,0.9366,Mining
T45QUE,2021,7840,3136,21.887752,85.370809,0.9364,Mining
T45QUE,2021,4096,3168,22.225897,85.370034,0.9363,Mining
T45QUE,2021,10816,4576,21.620286,85.512926,0.9362,Mining
T45QUE,2021,7072,3808,21.957743,85.435078,0.9361,Mining
T45QUE,2021,7072,3168,21.957141,85.373117,0.936,Mining
T45QUE,2021,10080,3808,21.686079,85.438029,0.9357,Mining
T45QUE,2021,1440,8160,22.469929,85.852328,0.9357,Mining
T45QUE,2021,8224,800,21.850685,85.145231,0.9357,Mining
T45QUE,2021,6432,3872,22.015601,85.440642,0.9356,Mining
T45QUE,2021,7136,6496,21.954236,85.695386,0.9356,Mining
T45QUE,2021,8000,3680,21.873814,85.423608,0.9355,Mining
T45QUE,2021,10368,4416,21.66061,85.497052,0.9355,Mining
T45QUE,2021,8032,1152,21.868402,85.179059,0.9354,Mining
T45QUE,2021,2304,1472,22.385979,85.20347,0.9354,Mining
T45QUE,2021,10560,4576,21.643408,85.512689,0.9351,Mining
T45QUE,2021,8192,2496,21.855339,85.309255,0.935,Mining
T45QUE,2021,64,9664,22.595191,85.9976,0.9345,Mining
T45QUE,2021,6784,1632,21.981607,85.224098,0.9343,Mining
T45QUE,2021,5792,7296,22.076229,85.7718,0.9343,Mining
T45QUE,2021,6432,3840,22.015572,85.437543,0.9342,Mining
T45QUE,2021,7648,1536,21.903485,85.215777,0.9342,Mining
T45QUE,2021,5184,9696,22.132732,86.004007,0.9341,Mining
T45QUE,2021,7232,3104,21.94263,85.367086,0.9341,Mining
T45QUE,2021,7488,1760,21.918167,85.237275,0.934,Mining
T45QUE,2021,5568,4128,22.093865,85.464595,0.9338,Mining
T45QUE,2021,10432,5984,21.656132,85.648609,0.9337,Mining
T45QUE,2021,5344,3744,22.113741,85.427158,0.9336,Mining
T45QUE,2021,7360,3680,21.931614,85.422972,0.9334,Mining
T45QUE,2021,7296,3744,21.937454,85.429104,0.9334,Mining
T45QUE,2021,6784,3360,21.983333,85.391412,0.9333,Mining
T45QUE,2021,7360,2432,21.930411,85.302174,0.9331,Mining
T45QUE,2021,5536,2464,22.095161,85.303312,0.933,Mining
T45QUE,2021,7392,1856,21.926936,85.24646,0.9329,Mining
T45QUE,2021,7104,3296,21.954373,85.385542,0.9329,Mining
T45QUE,2021,3648,2176,22.26536,85.273322,0.9328,Mining
T45QUE,2021,7232,3136,21.94266,85.370184,0.9327,Mining
T45QUE,2021,3104,4704,22.316912,85.51808,0.9327,Mining
T45QUE,2021,5056,4416,22.140366,85.492013,0.9326,Mining
T45QUE,2021,6752,6656,21.989042,85.710564,0.9325,Mining
T45QUE,2021,7360,7552,21.934783,85.797804,0.9325,Mining
T45QUE,2021,8960,7808,21.790438,85.823772,0.9325,Mining
T45QUE,2021,6592,3872,22.001152,85.4408,0.9325,Mining
T45QUE,2021,10528,4384,21.646131,85.494111,0.9324,Mining
T45QUE,2021,5280,10304,22.124409,86.063014,0.9324,Mining
T45QUE,2021,1504,6912,22.46324,85.731099,0.9322,Mining
T45QUE,2021,7808,3200,21.890703,85.376969,0.9321,Mining
T45QUE,2021,7616,1696,21.906542,85.231224,0.932,Mining
T45QUE,2021,64,2816,22.589652,85.33155,0.9319,Mining
T45QUE,2021,8192,768,21.85354,85.142098,0.9319,Mining
T45QUE,2021,5312,10272,22.121501,86.059931,0.9316,Mining
T45QUE,2021,5408,2208,22.10646,85.278365,0.9314,Mining
T45QUE,2021,7456,1760,21.921057,85.23724,0.9314,Mining
T45QUE,2021,8224,1792,21.851737,85.241187,0.9312,Mining
T45QUE,2021,7616,1536,21.906375,85.215741,0.9312,Mining
T45QUE,2021,3072,9760,22.323546,86.008872,0.931,Mining
T45QUE,2021,6528,3872,22.006931,85.440737,0.931,Mining
T45QUE,2021,6752,3360,21.986223,85.39138,0.9309,Mining
T45QUE,2021,6656,2560,21.994114,85.313813,0.9309,Mining
T45QUE,2021,7040,3168,21.96003,85.373084,0.9309,Mining
T45QUE,2021,4000,10080,22.239907,86.040512,0.9308,Mining
T45QUE,2021,736,10176,22.534795,86.047822,0.9308,Mining
T45QUE,2021,5408,3776,22.107991,85.430323,0.9308,Mining
T45QUE,2021,6624,2560,21.997004,85.313779,0.9308,Mining
T45QUE,2021,5440,4096,22.105396,85.461368,0.9306,Mining
T45QUE,2021,5376,2240,22.109382,85.281431,0.9306,Mining
T45QUE,2021,5600,2400,22.089317,85.297179,0.9305,Mining
T45QUE,2021,4960,10688,22.153525,86.10006,0.9303,Mining
T45QUE,2021,1504,10752,22.465744,86.104277,0.9301,Mining
T45QUE,2021,10624,4608,21.637655,85.51584,0.9299,Mining
T45QUE,2021,7232,3264,21.942783,85.382575,0.9299,Mining
T45QUE,2021,6528,3840,22.006902,85.437638,0.9298,Mining
T45QUE,2021,4736,3008,22.167945,85.355188,0.9297,Mining
T45QUE,2021,3616,10080,22.274593,86.040276,0.9297,Mining
T45QUE,2021,5536,3968,22.096609,85.449058,0.9297,Mining
T45QUE,2021,5440,3744,22.105071,85.427254,0.9292,Mining
T45QUE,2021,7360,3264,21.931223,85.382705,0.929,Mining
T45QUE,2021,768,7296,22.530004,85.767826,0.9287,Mining
T45QUE,2021,8000,864,21.870982,85.151161,0.9287,Mining
T45QUE,2021,10400,4384,21.657692,85.493991,0.9281,Mining
T45QUE,2021,5376,2528,22.109674,85.309341,0.9281,Mining
T45QUE,2021,3424,96,22.283314,85.071262,0.9275,Mining
T45QUE,2021,7392,2432,21.927521,85.302209,0.9275,Mining
T45QUE,2021,8864,864,21.792962,85.152164,0.9273,Mining
T45QUE,2021,10720,4448,21.628846,85.500473,0.9272,Mining
T45QUE,2021,4032,3168,22.231677,85.369967,0.9272,Mining
T45QUE,2021,10912,4416,21.611477,85.497561,0.9272,Mining
T45QUE,2021,8192,608,21.853365,85.126621,0.9272,Mining
T45QUE,2021,7392,1632,21.926703,85.22478,0.9271,Mining
T45QUE,2021,7872,1216,21.882919,85.185068,0.927,Mining
T45QUE,2021,8224,4896,21.854667,85.541474,0.9269,Mining
T45QUE,2021,192,2272,22.577536,85.278793,0.9268,Mining
T45QUE,2021,9312,864,21.752507,85.152682,0.9266,Mining
T45QUE,2021,7296,3264,21.937003,85.38264,0.9266,Mining
T45QUE,2021,10688,4512,21.631792,85.506625,0.9266,Mining
T45QUE,2021,5024,4416,22.143256,85.491982,0.9266,Mining
T45QUE,2021,192,9664,22.583629,85.997684,0.9265,Mining
T45QUE,2021,2560,1280,22.362655,85.185127,0.9265,Mining
T45QUE,2021,960,7136,22.512543,85.752426,0.9264,Mining
T45QUE,2021,5120,4448,22.134614,85.495176,0.9264,Mining
T45QUE,2021,7904,3424,21.882245,85.398742,0.9264,Mining
T45QUE,2021,7488,1888,21.9183,85.249663,0.9263,Mining
T45QUE,2021,1632,6976,22.451728,85.737423,0.9262,Mining
T45QUE,2021,5248,4480,22.123083,85.498401,0.926,Mining
T45QUE,2021,7552,3712,21.914304,85.42626,0.926,Mining
T45QUE,2021,64,3712,22.590534,85.418684,0.9259,Mining
T45QUE,2021,3872,9760,22.251282,86.009382,0.9254,Mining
T45QUE,2021,1536,1248,22.455083,85.180817,0.9253,Mining
T45QUE,2021,5280,6176,22.121622,85.662829,0.9252,Mining
T45QUE,2021,3168,9792,22.314893,86.01204,0.925,Mining
T45QUE,2021,224,9760,22.580797,86.007042,0.9249,Mining
T45QUE,2021,5152,4448,22.131724,85.495207,0.9249,Mining
T45QUE,2021,5440,3104,22.104462,85.36523,0.9247,Mining
T45QUE,2021,7200,3328,21.945734,85.388737,0.9245,Mining
T45QUE,2021,5888,2048,22.06295,85.26339,0.9244,Mining
T45QUE,2021,1984,8320,22.420903,85.868277,0.9244,Mining
T45QUE,2021,8256,2496,21.849559,85.309323,0.9243,Mining
T45QUE,2021,800,704,22.520933,85.127078,0.9242,Mining
T45QUE,2021,2656,8224,22.36014,85.859445,0.924,Mining
T45QUE,2021,7488,3584,21.919965,85.413808,0.9238,Mining
T45QUE,2021,7968,3520,21.876555,85.408095,0.9237,Mining
T45QUE,2021,8032,3744,21.870984,85.429832,0.9234,Mining
T45QUE,2021,10688,4544,21.631819,85.509716,0.9234,Mining
T45QUE,2021,3520,9696,22.28304,86.002946,0.9232,Mining
T45QUE,2021,6528,3552,22.006634,85.409746,0.9232,Mining
T45QUE,2021,10816,4544,21.620259,85.509835,0.9232,Mining
T45QUE,2021,7872,3168,21.884893,85.373938,0.9228,Mining
T45QUE,2021,5344,2496,22.112531,85.306205,0.9228,Mining
T45QUE,2021,4992,1600,22.143393,85.218973,0.9226,Mining
T45QUE,2021,4032,10912,22.237472,86.12126,0.9225,Mining
T45QUE,2021,1440,1312,22.463821,85.186922,0.9225,Mining
T45QUE,2021,5760,9952,22.08085,86.029184,0.9225,Mining
T45QUE,2021,3456,96,22.280425,85.071302,0.9225,Mining
T45QUE,2021,1472,3456,22.463138,85.395258,0.9224,Mining
T45QUE,2021,7456,3680,21.922944,85.423068,0.9223,Mining
T45QUE,2021,2848,9824,22.343817,86.014944,0.9222,Mining
T45QUE,2021,7424,2560,21.924759,85.314632,0.9218,Mining
T45QUE,2021,5408,2464,22.10672,85.303173,0.9218,Mining
T45QUE,2021,7424,2592,21.924791,85.317729,0.9216,Mining
T45QUE,2021,5120,4480,22.134643,85.498278,0.9216,Mining
T45QUE,2021,352,6496,22.566961,85.689694,0.9215,Mining
T45QUE,2021,5024,4128,22.142995,85.464063,0.9213,Mining
T45QUE,2021,7872,1184,21.882885,85.181972,0.9213,Mining
T45QUE,2021,1216,9536,22.491058,85.985909,0.9212,Mining
T45QUE,2021,10464,4416,21.651939,85.497142,0.9211,Mining
T45QUE,2021,8256,800,21.847795,85.145268,0.9208,Mining
T45QUE,2021,7520,3488,21.916985,85.404548,0.9208,Mining
T45QUE,2021,7360,2336,21.930315,85.292883,0.9208,Mining
T45QUE,2021,5376,2176,22.109317,85.275228,0.9208,Mining
T45QUE,2021,5536,2912,22.095606,85.346724,0.9208,Mining
T45QUE,2021,5344,9792,22.118335,86.013416,0.9207,Mining
T45QUE,2021,6912,3680,21.972074,85.422526,0.9207,Mining
T45QUE,2021,10400,4544,21.657831,85.509449,0.9207,Mining
T45QUE,2021,4288,10112,22.21391,86.043794,0.9206,Mining
T45QUE,2021,8224,608,21.850475,85.126659,0.9206,Mining
T45QUE,2021,8992,5024,21.785412,85.554555,0.9205,Mining
T45QUE,2021,7040,6720,21.963078,85.716996,0.9205,Mining
T45QUE,2021,7424,3136,21.925321,85.370382,0.9204,Mining
T45QUE,2021,2656,1120,22.353812,85.169708,0.9203,Mining
T45QUE,2021,2432,9536,22.381221,85.986707,0.9202,Mining
T45QUE,2021,6560,3872,22.004041,85.440769,0.9201,Mining
T45QUE,2021,3232,9696,22.309055,86.002761,0.92,Mining
T45QUE,2021,5536,8544,22.100217,85.892565,0.9199,Mining
T45QUE,2021,5472,9792,22.106773,86.013496,0.9198,Mining
T45QUE,2021,7840,3488,21.888085,85.40487,0.9198,Mining
T45QUE,2021,4288,10880,22.21433,86.1183,0.9197,Mining
T45QUE,2021,1120,10496,22.50029,86.079168,0.9197,Mining
T45QUE,2021,2112,8544,22.409492,85.89013,0.9196,Mining
T45QUE,2021,6176,3488,22.038363,85.403191,0.9196,Mining
T45QUE,2021,7392,1760,21.926837,85.237169,0.9196,Mining
T45QUE,2021,5280,4480,22.120193,85.498432,0.9196,Mining
T45QUE,2021,7456,2592,21.921901,85.317763,0.9194,Mining
T45QUE,2021,5568,3936,22.09369,85.445988,0.9192,Mining
T45QUE,2021,7904,3168,21.882003,85.373971,0.919,Mining
T45QUE,2021,5312,2656,22.115581,85.321677,0.9188,Mining
T45QUE,2021,4704,2976,22.170803,85.352052,0.9185,Mining
T45QUE,2021,6592,3744,22.001033,85.428404,0.9185,Mining
T45QUE,2021,160,2080,22.580224,85.260088,0.9185,Mining
T45QUE,2021,6976,2560,21.965216,85.314155,0.9184,Mining
T45QUE,2021,5472,4192,22.102594,85.470704,0.9184,Mining
T45QUE,2021,6880,1472,21.97277,85.208716,0.9182,Mining
T45QUE,2021,7360,3456,21.931405,85.40129,0.9181,Mining
T45QUE,2021,5760,7296,22.07912,85.771775,0.918,Mining
T45QUE,2021,2464,8320,22.377548,85.868627,0.918,Mining
T45QUE,2021,10368,4512,21.660694,85.506328,0.9175,Mining
T45QUE,2021,7360,1664,21.929626,85.227841,0.9174,Mining
T45QUE,2021,7904,1216,21.880029,85.185105,0.9174,Mining
T45QUE,2021,7520,1824,21.915344,85.243505,0.9172,Mining
T45QUE,2021,5472,2624,22.1011,85.318747,0.9167,Mining
T45QUE,2021,7648,1664,21.903619,85.228163,0.9167,Mining
T45QUE,2021,4128,8448,22.227333,85.882255,0.9166,Mining
T45QUE,2021,4832,9280,22.164277,85.963441,0.9166,Mining
T45QUE,2021,3648,2208,22.265393,85.276427,0.9166,Mining
T45QUE,2021,7840,3456,21.888055,85.401774,0.9164,Mining
T45QUE,2021,7872,3232,21.884954,85.380131,0.9164,Mining
T45QUE,2021,9280,992,21.755535,85.165018,0.9163,Mining
T45QUE,2021,4320,6944,22.208924,85.736502,0.9161,Mining
T45QUE,2021,7808,1120,21.888596,85.175706,0.9161,Mining
T45QUE,2021,1536,10752,22.462853,86.104296,0.9161,Mining
T45QUE,2021,5472,2464,22.10094,85.303242,0.916,Mining
T45QUE,2021,576,1120,22.541624,85.167241,0.9159,Mining
T45QUE,2021,5184,4352,22.128748,85.485932,0.9157,Mining
T45QUE,2021,3712,9664,22.265678,85.999963,0.9156,Mining
T45QUE,2021,7136,3328,21.951513,85.388672,0.9156,Mining
T45QUE,2021,6816,3744,21.980803,85.428627,0.9156,Mining
T45QUE,2021,6144,3072,22.040855,85.362862,0.9155,Mining
T45QUE,2021,7904,1184,21.879995,85.182009,0.9155,Mining
T45QUE,2021,4640,7840,22.180671,85.823656,0.9154,Mining
T45QUE,2021,5568,3904,22.09366,85.442887,0.9154,Mining
T45QUE,2021,4672,7840,22.177781,85.82368,0.9154,Mining
T45QUE,2021,6720,2560,21.988335,85.313882,0.9154,Mining
T45QUE,2021,6976,2400,21.965057,85.298664,0.9154,Mining
T45QUE,2021,3968,9952,22.242723,86.028073,0.9153,Mining
T45QUE,2021,5760,2112,22.074575,85.269449,0.9153,Mining
T45QUE,2021,3840,9856,22.25423,86.018677,0.9152,Mining
T45QUE,2021,7296,3296,21.937033,85.385738,0.9152,Mining
T45QUE,2021,6912,2432,21.970868,85.301694,0.9152,Mining
T45QUE,2021,7712,1696,21.897873,85.231331,0.9151,Mining
T45QUE,2021,6208,6208,22.03783,85.666717,0.9151,Mining
T45QUE,2021,5952,10048,22.063562,86.038606,0.9151,Mining
T45QUE,2021,2464,10656,22.378975,86.095509,0.9151,Mining
T45QUE,2021,6816,6624,21.983237,85.707518,0.9148,Mining
T45QUE,2021,2848,9792,22.343798,86.011836,0.9147,Mining
T45QUE,2021,256,9184,22.577551,85.951039,0.9146,Mining
T45QUE,2021,4832,7744,22.163261,85.814491,0.9145,Mining
T45QUE,2021,3968,7200,22.240908,85.761055,0.9145,Mining
T45QUE,2021,0,640,22.593093,85.119879,0.9144,Mining
T45QUE,2021,4352,10272,22.208219,86.059354,0.9144,Mining
T45QUE,2021,160,2272,22.580425,85.278757,0.9142,Mining
T45QUE,2021,6880,1536,21.972837,85.214912,0.9141,Mining
T45QUE,2021,5344,3872,22.11386,85.439564,0.9141,Mining
T45QUE,2021,5088,10048,22.141608,86.038077,0.9141,Mining
T45QUE,2021,6976,3200,21.965841,85.376117,0.914,Mining
T45QUE,2021,5664,9472,22.089239,85.9826,0.9139,Mining
T45QUE,2021,7968,3392,21.876435,85.39571,0.9139,Mining
T45QUE,2021,8288,3520,21.847656,85.408415,0.9138,Mining
T45QUE,2021,10336,4544,21.663612,85.50939,0.9135,Mining
T45QUE,2021,1792,10208,22.439427,86.051584,0.9135,Mining
T45QUE,2021,9280,832,21.755363,85.149552,0.9134,Mining
T45QUE,2021,6368,3904,22.021411,85.443678,0.9134,Mining
T45QUE,2021,7040,3200,21.960061,85.376182,0.9132,Mining
T45QUE,2021,960,6464,22.512024,85.687102,0.9132,Mining
T45QUE,2021,5760,4288,22.07667,85.480286,0.9129,Mining
T45QUE,2021,1024,10048,22.508706,86.035557,0.9128,Mining
T45QUE,2021,6368,3872,22.021381,85.440579,0.9127,Mining
T45QUE,2021,7328,3136,21.933991,85.370283,0.9126,Mining
T45QUE,2021,5600,6400,22.092896,85.68481,0.9125,Mining
T45QUE,2021,2688,8224,22.35725,85.859469,0.9123,Mining
T45QUE,2021,1760,7104,22.440264,85.749964,0.9122,Mining
T45QUE,2021,7872,3104,21.884831,85.367745,0.9122,Mining
T45QUE,2021,7968,3712,21.876734,85.426673,0.9122,Mining
T45QUE,2021,576,7776,22.547696,85.814345,0.9122,Mining
T45QUE,2021,1024,10016,22.508688,86.032446,0.9121,Mining
T45QUE,2021,7168,7712,21.952238,85.81315,0.9121,Mining
T45QUE,2021,1632,10656,22.454129,86.095022,0.9121,Mining
T45QUE,2021,3648,10848,22.272126,86.114832,0.9119,Mining
T45QUE,2021,8032,3488,21.870746,85.405063,0.9119,Mining
T45QUE,2021,7936,864,21.876761,85.151086,0.9118,Mining
T45QUE,2021,7360,3168,21.931131,85.373413,0.9116,Mining
T45QUE,2021,6464,3840,22.012682,85.437575,0.9116,Mining
T45QUE,2021,5952,10080,22.06358,86.041707,0.9116,Mining
T45QUE,2021,6944,3936,21.96942,85.447344,0.9116,Mining
T45QUE,2021,1184,2080,22.487759,85.261246,0.9114,Mining
T45QUE,2021,7232,2304,21.941842,85.289647,0.9114,Mining
T45QUE,2021,8192,2464,21.855307,85.30616,0.9113,Mining
T45QUE,2021,6944,3200,21.968731,85.376084,0.9112,Mining
T45QUE,2021,8224,4864,21.85464,85.538378,0.9111,Mining
T45QUE,2021,5632,7040,22.090493,85.746864,0.911,Mining
T45QUE,2021,6976,2592,21.965248,85.317253,0.9109,Mining
T45QUE,2021,5664,5920,22.086734,85.638346,0.9108,Mining
T45QUE,2021,6176,3456,22.038332,85.400092,0.9106,Mining
T45QUE,2021,4576,3040,22.182425,85.358123,0.9105,Mining
T45QUE,2021,5088,10336,22.141771,86.066002,0.9104,Mining
T45QUE,2021,4704,10112,22.176332,86.044048,0.9103,Mining
T45QUE,2021,5568,2464,22.092271,85.303346,0.9103,Mining
T45QUE,2021,10368,4544,21.660721,85.50942,0.9101,Mining
T45QUE,2021,736,5056,22.531079,85.550028,0.9101,Mining
T45QUE,2021,256,1184,22.570589,85.173081,0.9101,Mining
T45QUE,2021,1664,10784,22.451308,86.10748,0.91,Mining
T45QUE,2021,6496,3872,22.009821,85.440705,0.9099,Mining
T45QUE,2021,4992,4320,22.146059,85.482645,0.9098,Mining
T45QUE,2021,3040,416,22.318353,85.10184,0.9098,Mining
T45QUE,2021,5440,4128,22.105425,85.46447,0.9098,Mining
T45QUE,2021,5472,8544,22.105998,85.89252,0.9098,Mining
T45QUE,2021,4384,8576,22.204295,85.894855,0.9096,Mining
T45QUE,2021,7872,3136,21.884862,85.370842,0.9093,Mining
T45QUE,2021,2304,6080,22.390331,85.65095,0.9092,Mining
T45QUE,2021,7008,9152,21.96764,85.952478,0.9091,Mining
T45QUE,2021,2112,3520,22.405405,85.402138,0.909,Mining
T45QUE,2021,7488,3200,21.919602,85.376642,0.9089,Mining
T45QUE,2021,7136,3808,21.951963,85.435141,0.9088,Mining
T45QUE,2021,7392,2464,21.927553,85.305306,0.9088,Mining
T45QUE,2021,3744,9920,22.262939,86.024827,0.9086,Mining
T45QUE,2021,6208,6976,22.038419,85.741122,0.9086,Mining
T45QUE,2021,7424,7712,21.929115,85.813342,0.9086,Mining
T45QUE,2021,1312,10592,22.483,86.088614,0.9085,Mining
T45QUE,2021,10624,4512,21.637572,85.506566,0.9085,Mining
T45QUE,2021,5152,4320,22.131609,85.482799,0.9085,Mining
T45QUE,2021,480,1312,22.550504,85.185791,0.9083,Mining
T45QUE,2021,5344,8128,22.117281,85.852102,0.9082,Mining
T45QUE,2021,6688,2400,21.991065,85.298354,0.9082,Mining
T45QUE,2021,6912,3648,21.972044,85.419427,0.9081,Mining
T45QUE,2021,6944,3296,21.968823,85.385378,0.908,Mining
T45QUE,2021,8032,864,21.868092,85.151198,0.9079,Mining
T45QUE,2021,4960,4352,22.148978,85.485716,0.9078,Mining
T45QUE,2021,3872,6688,22.249192,85.711301,0.9077,Mining
T45QUE,2021,7168,8032,21.952459,85.844135,0.9076,Mining
T45QUE,2021,4960,8544,22.152245,85.892159,0.9076,Mining
T45QUE,2021,4576,10208,22.187949,86.053281,0.9076,Mining
T45QUE,2021,9376,7776,21.752839,85.820985,0.9076,Mining
T45QUE,2021,4320,10400,22.211181,86.071752,0.9075,Mining
T45QUE,2021,448,5760,22.557692,85.618209,0.9073,Mining
T45QUE,2021,544,1312,22.544725,85.185866,0.9073,Mining
T45QUE,2021,4416,10656,22.202649,86.096643,0.9072,Mining
T45QUE,2021,10560,4608,21.643436,85.515781,0.907,Mining
T45QUE,2021,8160,1824,21.857549,85.244212,0.9065,Mining
T45QUE,2021,8096,832,21.862278,85.148177,0.9063,Mining
T45QUE,2021,5248,6880,22.125057,85.731047,0.9063,Mining
T45QUE,2021,4288,4544,22.20984,85.503687,0.9062,Mining
T45QUE,2021,10336,4384,21.663472,85.493931,0.9062,Mining
T45QUE,2021,5440,2464,22.10383,85.303208,0.9061,Mining
T45QUE,2021,4128,9984,22.228289,86.031277,0.9061,Mining
T45QUE,2021,6240,3424,22.032522,85.397057,0.906,Mining
T45QUE,2021,7936,3168,21.879113,85.374004,0.906,Mining
T45QUE,2021,4192,10272,22.222672,86.059258,0.906,Mining
T45QUE,2021,1056,1184,22.498354,85.174032,0.9059,Mining
T45QUE,2021,6848,2464,21.97668,85.304723,0.9058,Mining
T45QUE,2021,8000,1184,21.871326,85.182118,0.9056,Mining
T45QUE,2021,7456,2560,21.921869,85.314666,0.9054,Mining
T45QUE,2021,256,4096,22.573558,85.456222,0.9054,Mining
T45QUE,2021,9344,960,21.749721,85.161998,0.9052,Mining
T45QUE,2021,3648,10816,22.272109,86.111727,0.9051,Mining
T45QUE,2021,384,10432,22.566735,86.072502,0.905,Mining
T45QUE,2021,7392,3680,21.928724,85.423004,0.905,Mining
T45QUE,2021,1184,8192,22.493073,85.855248,0.9049,Mining
T45QUE,2021,8224,2496,21.852449,85.309289,0.9049,Mining
T45QUE,2021,5440,3968,22.105279,85.448963,0.9049,Mining
T45QUE,2021,3008,3872,22.324823,85.437228,0.9047,Mining
T45QUE,2021,8288,2400,21.846574,85.300071,0.9047,Mining
T45QUE,2021,6368,9440,22.025627,85.979955,0.9045,Mining
T45QUE,2021,7008,2624,21.96239,85.320385,0.9045,Mining
T45QUE,2021,256,1504,22.570939,85.204193,0.9045,Mining
T45QUE,2021,6848,3648,21.977824,85.419363,0.9044,Mining
T45QUE,2021,544,10080,22.552082,86.038368,0.9042,Mining
T45QUE,2021,7392,3648,21.928695,85.419907,0.9042,Mining
T45QUE,2021,0,1760,22.594331,85.228788,0.9041,Mining
T45QUE,2021,5280,4448,22.120164,85.49533,0.9041,Mining
T45QUE,2021,5056,4576,22.140508,85.507524,0.904,Mining
T45QUE,2021,6848,6496,21.980249,85.695148,0.904,Mining
T45QUE,2021,7392,1792,21.92687,85.240266,0.9037,Mining
T45QUE,2021,0,256,22.592651,85.08254,0.9036,Mining
T45QUE,2021,6720,3392,21.989143,85.394446,0.9036,Mining
T45QUE,2021,1632,10528,22.454059,86.082583,0.9035,Mining
T45QUE,2021,3840,9888,22.254248,86.021782,0.9035,Mining
T45QUE,2021,6688,3520,21.992154,85.406808,0.9034,Mining
T45QUE,2021,96,9664,22.592301,85.997621,0.9032,Mining
T45QUE,2021,7680,896,21.899912,85.153885,0.903,Mining
T45QUE,2021,1888,10624,22.430988,86.092063,0.903,Mining
T45QUE,2021,5376,10144,22.115647,86.04756,0.903,Mining
T45QUE,2021,1088,224,22.49438,85.080788,0.9029,Mining
T45QUE,2021,7424,2624,21.924822,85.320826,0.9029,Mining
T45QUE,2021,5184,8064,22.13169,85.845781,0.9028,Mining
T45QUE,2021,6304,5632,22.028696,85.611,0.9026,Mining
T45QUE,2021,7616,1664,21.906509,85.228128,0.9026,Mining
T45QUE,2021,7392,3456,21.928515,85.401322,0.9025,Mining
T45QUE,2021,2304,1504,22.386013,85.206577,0.9024,Mining
T45QUE,2021,7296,3200,21.936942,85.376445,0.9023,Mining
T45QUE,2021,960,9472,22.514142,85.979518,0.9023,Mining
T45QUE,2021,7872,1248,21.882953,85.188164,0.9022,Mining
T45QUE,2021,9344,832,21.749583,85.149626,0.9022,Mining
T45QUE,2021,10656,4448,21.634626,85.500413,0.902,Mining
T45QUE,2021,7264,3200,21.939832,85.376412,0.902,Mining
T45QUE,2021,7040,2592,21.959468,85.317321,0.9019,Mining
T45QUE,2021,7040,3232,21.960092,85.37928,0.9019,Mining
T45QUE,2021,192,10336,22.584024,86.063048,0.9019,Mining
T45QUE,2021,5344,4352,22.114298,85.486087,0.9018,Mining
T45QUE,2021,5440,2432,22.103798,85.300107,0.9017,Mining
T45QUE,2021,6400,3872,22.018491,85.440611,0.9016,Mining
T45QUE,2021,8096,1792,21.863296,85.241046,0.9014,Mining
T45QUE,2021,5120,9632,22.138475,85.997761,0.9014,Mining
T45QUE,2021,4704,3008,22.170835,85.355155,0.9013,Mining
T45QUE,2021,4672,10688,22.179541,86.099894,0.9011,Mining
T45QUE,2021,4960,4640,22.149235,85.513637,0.901,Mining
T45QUE,2021,7456,3712,21.922974,85.426165,0.901,Mining
T45QUE,2021,6720,2368,21.988143,85.29529,0.9009,Mining
T45QUE,2021,8768,7936,21.807869,85.836012,0.9008,Mining
T45QUE,2021,4576,10656,22.188195,86.096735,0.9007,Mining
T45QUE,2021,7296,1856,21.935605,85.246354,0.9007,Mining
T45QUE,2021,5344,3808,22.113801,85.433361,0.9006,Mining
T45QUE,2021,608,10048,22.546282,86.035296,0.9006,Mining
T45QUE,2021,6208,3456,22.035443,85.400124,0.9006,Mining
T45QUE,2021,5408,6048,22.109959,85.650531,0.9006,Mining
T45QUE,2021,1120,9536,22.499729,85.985846,0.9003,Mining
T45QUE,2021,5088,10272,22.141735,86.059797,0.9002,Mining
T45QUE,2021,5216,4320,22.125829,85.482861,0.9002,Mining
T45QUE,2021,1504,10784,22.465761,86.107387,0.9001,Mining
T45QUE,2021,7744,2176,21.895476,85.277813,0.9001,Mining
T45QUE,2021,2368,10368,22.387488,86.067478,0.9,Mining
T45QUE,2021,6976,3488,21.966114,85.404,0.8998,Mining
T45QUE,2021,8672,3584,21.813035,85.414989,0.8998,Mining
T45QUE,2021,7424,3776,21.925923,85.432328,0.8998,Mining
T45QUE,2021,1728,10016,22.445097,86.032888,0.8997,Mining
T45QUE,2021,8160,2528,21.858261,85.312317,0.8997,Mining
T45QUE,2021,7104,3360,21.954434,85.391738,0.8997,Mining
T45QUE,2021,896,1984,22.513664,85.251591,0.8996,Mining
T45QUE,2021,5344,3776,22.113771,85.430259,0.8996,Mining
T45QUE,2021,7360,3712,21.931644,85.42607,0.8996,Mining
T45QUE,2021,7168,6496,21.951346,85.695412,0.8996,Mining
T45QUE,2021,9344,864,21.749618,85.152719,0.8995,Mining
T45QUE,2021,8000,832,21.870947,85.148065,0.8994,Mining
T45QUE,2021,4544,2976,22.185252,85.351884,0.8994,Mining
T45QUE,2021,7104,3168,21.954251,85.37315,0.8993,Mining
T45QUE,2021,9344,7776,21.755729,85.820961,0.899,Mining
T45QUE,2021,6560,3840,22.004012,85.43767,0.899,Mining
T45QUE,2021,3680,10752,22.269184,86.105534,0.8989,Mining
T45QUE,2021,9312,992,21.752645,85.165055,0.8989,Mining
T45QUE,2021,6720,3360,21.989113,85.391347,0.8988,Mining
T45QUE,2021,5440,9504,22.109493,85.985557,0.8983,Mining
T45QUE,2021,7104,3136,21.95422,85.370052,0.8982,Mining
T45QUE,2021,4256,3264,22.211541,85.379511,0.8982,Mining
T45QUE,2021,4192,10432,22.222761,86.074781,0.8982,Mining
T45QUE,2021,6208,6016,22.037678,85.648117,0.8981,Mining
T45QUE,2021,416,3968,22.558989,85.443937,0.8981,Mining
T45QUE,2021,8096,800,21.862243,85.145081,0.8981,Mining
T45QUE,2021,7200,3840,21.946212,85.438302,0.8981,Mining
T45QUE,2021,4768,6400,22.168042,85.684113,0.898,Mining
T45QUE,2021,5152,9664,22.135603,86.000884,0.898,Mining
T45QUE,2021,5216,4288,22.1258,85.479759,0.8979,Mining
T45QUE,2021,10688,4480,21.631764,85.503534,0.8979,Mining
T45QUE,2021,7136,3168,21.951361,85.373183,0.8979,Mining
T45QUE,2021,7200,3232,21.945642,85.379444,0.8979,Mining
T45QUE,2021,3712,5984,22.263087,85.642857,0.8978,Mining
T45QUE,2021,10432,4448,21.654858,85.500204,0.8978,Mining
T45QUE,2021,5568,2432,22.092239,85.300245,0.8978,Mining
T45QUE,2021,832,9728,22.52586,86.004324,0.8976,Mining
T45QUE,2021,192,9632,22.58361,85.994571,0.8976,Mining
T45QUE,2021,6880,2432,21.973758,85.301659,0.8975,Mining
T45QUE,2021,10336,4576,21.663639,85.512482,0.8974,Mining
T45QUE,2021,4320,10880,22.21144,86.118318,0.8972,Mining
T45QUE,2021,704,960,22.529889,85.151842,0.8972,Mining
T45QUE,2021,8384,3424,21.838896,85.399225,0.8971,Mining
T45QUE,2021,7840,3104,21.887721,85.367712,0.8969,Mining
T45QUE,2021,7840,1184,21.885774,85.181935,0.8969,Mining
T45QUE,2021,5280,2752,22.118566,85.330947,0.8968,Mining
T45QUE,2021,3552,5984,22.277538,85.642717,0.8968,Mining
T45QUE,2021,6592,2528,21.999862,85.310646,0.8965,Mining
T45QUE,2021,4544,3040,22.185315,85.358089,0.8965,Mining
T45QUE,2021,2592,8224,22.365921,85.859398,0.8965,Mining
T45QUE,2021,7680,1696,21.900763,85.231296,0.8964,Mining
T45QUE,2021,704,10208,22.537704,86.050914,0.8963,Mining
T45QUE,2021,2592,3552,22.362088,85.40574,0.8962,Mining
T45QUE,2021,5952,4160,22.059215,85.46807,0.896,Mining
T45QUE,2021,8288,3552,21.847685,85.411511,0.896,Mining
T45QUE,2021,6272,8096,22.033436,85.849679,0.896,Mining
T45QUE,2021,7168,3776,21.949043,85.432075,0.8959,Mining
T45QUE,2021,4384,9920,22.205127,86.025227,0.8959,Mining
T45QUE,2021,416,5632,22.560474,85.605734,0.8958,Mining
T45QUE,2021,3040,4992,22.322945,85.545975,0.8958,Mining
T45QUE,2021,6912,2368,21.970804,85.295497,0.8958,Mining
T45QUE,2021,1600,6976,22.454618,85.737397,0.8958,Mining
T45QUE,2021,7424,3200,21.925382,85.376576,0.8957,Mining
T45QUE,2021,9312,896,21.752542,85.155775,0.8955,Mining
T45QUE,2021,7904,3520,21.882335,85.408031,0.8953,Mining
T45QUE,2021,5216,8064,22.128799,85.845804,0.895,Mining
T45QUE,2021,2944,3520,22.33027,85.402995,0.8949,Mining
T45QUE,2021,7392,3424,21.928485,85.398225,0.8948,Mining
T45QUE,2021,8128,1792,21.860406,85.241081,0.8947,Mining
T45QUE,2021,7840,3264,21.887874,85.383195,0.8947,Mining
T45QUE,2021,7616,8224,21.912122,85.863047,0.8946,Mining
T45QUE,2021,9280,928,21.755466,85.158831,0.8946,Mining
T45QUE,2021,4896,9024,22.158336,85.938659,0.8945,Mining
T45QUE,2021,10656,4544,21.63471,85.509687,0.8943,Mining
T45QUE,2021,5344,2208,22.112239,85.278294,0.8942,Mining
T45QUE,2021,4928,8576,22.155157,85.895239,0.8941,Mining
T45QUE,2021,3712,10656,22.266242,86.096235,0.8941,Mining
T45QUE,2021,4384,10656,22.205539,86.096624,0.894,Mining
T45QUE,2021,640,7456,22.541683,85.78328,0.8939,Mining
T45QUE,2021,8032,800,21.868023,85.145007,0.8938,Mining
T45QUE,2021,8000,1216,21.87136,85.185214,0.8938,Mining
T45QUE,2021,864,4992,22.519463,85.543927,0.8937,Mining
T45QUE,2021,5472,2432,22.100908,85.300141,0.8937,Mining
T45QUE,2021,5120,10560,22.139003,86.087741,0.8936,Mining
T45QUE,2021,5312,3776,22.116661,85.430227,0.8934,Mining
T45QUE,2021,6208,3168,22.035168,85.372227,0.8934,Mining
T45QUE,2021,4800,8192,22.166462,85.85791,0.8934,Mining
T45QUE,2021,6176,7200,22.041475,85.762798,0.8933,Mining
T45QUE,2021,192,10752,22.584255,86.103513,0.8933,Mining
T45QUE,2021,4576,10304,22.188003,86.062593,0.8932,Mining
T45QUE,2021,1440,6112,22.46839,85.653305,0.8931,Mining
T45QUE,2021,5600,7072,22.093407,85.74994,0.893,Mining
T45QUE,2021,6848,1472,21.97566,85.208679,0.8929,Mining
T45QUE,2021,5408,3744,22.107961,85.427222,0.8929,Mining
T45QUE,2021,5696,10560,22.086971,86.088075,0.8929,Mining
T45QUE,2021,7904,3104,21.881941,85.367778,0.8929,Mining
T45QUE,2021,7680,5472,21.904285,85.596723,0.8929,Mining
T45QUE,2021,5024,4096,22.142966,85.46096,0.8928,Mining
T45QUE,2021,3520,9344,22.282827,85.968782,0.8928,Mining
T45QUE,2021,3552,10816,22.280781,86.111672,0.8927,Mining
T45QUE,2021,5472,4128,22.102535,85.464501,0.8927,Mining
T45QUE,2021,3584,10432,22.277682,86.07442,0.8925,Mining
T45QUE,2021,6496,3808,22.009762,85.434507,0.8924,Mining
T45QUE,2021,4256,10400,22.216962,86.071714,0.8923,Mining
T45QUE,2021,3520,9728,22.283059,86.006052,0.8923,Mining
T45QUE,2021,7296,3168,21.936911,85.373347,0.8923,Mining
T45QUE,2021,800,7264,22.52709,85.76474,0.8922,Mining
T45QUE,2021,9344,1088,21.749858,85.174371,0.8921,Mining
T45QUE,2021,7168,3104,21.948409,85.36702,0.8921,Mining
T45QUE,2021,480,10080,22.557863,86.038328,0.892,Mining
T45QUE,2021,6176,10112,22.043364,86.044944,0.8919,Mining
T45QUE,2021,416,8576,22.562702,85.89202,0.8919,Mining
T45QUE,2021,7136,3776,21.951933,85.432043,0.8918,Mining
T45QUE,2021,4000,10048,22.239888,86.037407,0.8918,Mining
T45QUE,2021,7680,2112,21.90119,85.271551,0.8917,Mining
T45QUE,2021,9344,896,21.749652,85.155812,0.8917,Mining
T45QUE,2021,7808,3136,21.890642,85.370776,0.8917,Mining
T45QUE,2021,7168,8256,21.952611,85.865824,0.8916,Mining
T45QUE,2021,7840,3200,21.887813,85.377002,0.8916,Mining
T45QUE,2021,6944,2400,21.967946,85.29863,0.8915,Mining
T45QUE,2021,5472,2048,22.100517,85.26293,0.8913,Mining
T45QUE,2021,960,9440,22.514122,85.976407,0.8912,Mining
T45QUE,2021,7968,800,21.873802,85.144932,0.8911,Mining
T45QUE,2021,352,9472,22.56906,85.979115,0.891,Mining
T45QUE,2021,4832,10496,22.164984,86.081366,0.891,Mining
T45QUE,2021,288,9632,22.574939,85.994634,0.891,Mining
T45QUE,2021,3104,4736,22.31694,85.521186,0.891,Mining
T45QUE,2021,7552,3616,21.914215,85.416969,0.8909,Mining
T45QUE,2021,352,10528,22.569679,86.08182,0.8909,Mining
T45QUE,2021,2688,800,22.350568,85.138683,0.8908,Mining
T45QUE,2021,704,9600,22.537344,85.991795,0.8908,Mining
T45QUE,2021,1632,8064,22.45252,85.843143,0.8907,Mining
T45QUE,2021,5888,2016,22.062917,85.26029,0.8907,Mining
T45QUE,2021,1472,9888,22.468146,86.020287,0.8906,Mining
T45QUE,2021,5600,7040,22.093383,85.746838,0.8905,Mining
T45QUE,2021,768,7488,22.530146,85.786492,0.8903,Mining
T45QUE,2021,3552,8352,22.279296,85.872525,0.8903,Mining
T45QUE,2021,5248,6144,22.124487,85.659699,0.8903,Mining
T45QUE,2021,7008,1920,21.961679,85.25223,0.8903,Mining
T45QUE,2021,7200,2336,21.944764,85.29271,0.8902,Mining
T45QUE,2021,5216,2752,22.124346,85.330879,0.8902,Mining
T45QUE,2021,384,10464,22.566753,86.075614,0.8902,Mining
T45QUE,2021,7040,3616,21.960454,85.416457,0.8902,Mining
T45QUE,2021,10752,4512,21.626011,85.506685,0.8902,Mining
T45QUE,2021,5152,10720,22.136198,86.103273,0.8901,Mining
T45QUE,2021,2464,8352,22.377569,85.871735,0.89,Mining
T45QUE,2021,224,1120,22.573407,85.166821,0.89,Mining
T45QUE,2021,8064,3680,21.868034,85.423672,0.8898,Mining
T45QUE,2021,4928,7232,22.154222,85.764918,0.8898,Mining
T45QUE,2021,6624,2496,21.99694,85.307582,0.8898,Mining
T45QUE,2021,4224,10368,22.219835,86.068591,0.8898,Mining
T45QUE,2021,64,4064,22.590867,85.452916,0.8898,Mining
T45QUE,2021,2592,10848,22.367516,86.114231,0.8898,Mining
T45QUE,2021,3680,2144,22.262437,85.270253,0.8897,Mining
T45QUE,2021,1088,6784,22.500714,85.718315,0.8897,Mining
T45QUE,2021,10368,4320,21.660526,85.487777,0.8897,Mining
T45QUE,2021,5632,2432,22.086459,85.300315,0.8896,Mining
T45QUE,2021,2080,6112,22.410588,85.653863,0.8895,Mining
T45QUE,2021,5632,10848,22.092906,86.115954,0.8895,Mining
T45QUE,2021,8832,832,21.795817,85.149032,0.8895,Mining
T45QUE,2021,6720,1600,21.987353,85.220928,0.8894,Mining
T45QUE,2021,5856,1984,22.065774,85.257154,0.8894,Mining
T45QUE,2021,7872,3488,21.885195,85.404902,0.8893,Mining
T45QUE,2021,7520,3168,21.916682,85.373577,0.8892,Mining
T45QUE,2021,6848,2144,21.976357,85.273741,0.8892,Mining
T45QUE,2021,6688,2560,21.991225,85.313847,0.8891,Mining
T45QUE,2021,4352,6368,22.20559,85.680659,0.8891,Mining
T45QUE,2021,32,9664,22.598082,85.997579,0.8891,Mining
T45QUE,2021,5024,4544,22.14337,85.504391,0.889,Mining
T45QUE,2021,7968,3360,21.876405,85.392614,0.8889,Mining
T45QUE,2021,2912,10912,22.338644,86.120628,0.8889,Mining
T45QUE,2021,5472,4160,22.102565,85.467602,0.8889,Mining
T45QUE,2021,5024,4352,22.143198,85.485778,0.8889,Mining
T45QUE,2021,7488,3712,21.920084,85.426197,0.8888,Mining
T45QUE,2021,5600,2432,22.089349,85.30028,0.8888,Mining
T45QUE,2021,320,9472,22.57195,85.979093,0.8888,Mining
T45QUE,2021,2624,8352,22.363118,85.871852,0.8887,Mining
T45QUE,2021,5440,2592,22.103958,85.315612,0.8886,Mining
T45QUE,2021,1952,8288,22.423772,85.865144,0.8885,Mining
T45QUE,2021,6976,3296,21.965933,85.385411,0.8883,Mining
T45QUE,2021,8160,2496,21.858229,85.309221,0.8883,Mining
T45QUE,2021,5120,4544,22.1347,85.504482,0.8882,Mining
T45QUE,2021,5344,3840,22.11383,85.436462,0.8879,Mining
T45QUE,2021,7904,1248,21.880063,85.188201,0.8879,Mining
T45QUE,2021,1440,9888,22.471036,86.020267,0.8878,Mining
T45QUE,2021,192,2048,22.577301,85.257012,0.8877,Mining
T45QUE,2021,4896,8576,22.158047,85.895216,0.8877,Mining
T45QUE,2021,10656,4512,21.634682,85.506595,0.8877,Mining
T45QUE,2021,7200,3168,21.945581,85.373249,0.8876,Mining
T45QUE,2021,4192,3040,22.217103,85.35772,0.8875,Mining
T45QUE,2021,6656,3776,21.995283,85.431567,0.8874,Mining
T45QUE,2021,4544,10912,22.191222,86.121548,0.8872,Mining
T45QUE,2021,5120,6304,22.136174,85.675101,0.8871,Mining
T45QUE,2021,5856,9056,22.07164,85.942409,0.8871,Mining
T45QUE,2021,6016,4256,22.053521,85.477433,0.8871,Mining
T45QUE,2021,640,9568,22.543105,85.988641,0.8869,Mining
T45QUE,2021,5440,2400,22.103765,85.297006,0.8869,Mining
T45QUE,2021,5440,2144,22.103505,85.272198,0.8869,Mining
T45QUE,2021,1504,10816,22.465778,86.110497,0.8868,Mining
T45QUE,2021,1664,9888,22.450803,86.020409,0.8868,Mining
T45QUE,2021,96,2720,22.586665,85.322249,0.8868,Mining
T45QUE,2021,5952,4128,22.059186,85.46497,0.8867,Mining
T45QUE,2021,5408,4000,22.108198,85.452033,0.8867,Mining
T45QUE,2021,4480,10272,22.196656,86.059431,0.8867,Mining
T45QUE,2021,7328,7616,21.937719,85.803976,0.8866,Mining
T45QUE,2021,7168,3840,21.949102,85.43827,0.8866,Mining
T45QUE,2021,3616,6848,22.272437,85.726616,0.8865,Mining
T45QUE,2021,6752,3392,21.986253,85.394478,0.8865,Mining
T45QUE,2021,6848,6464,21.980224,85.692049,0.8865,Mining
T45QUE,2021,5632,2912,22.086936,85.346825,0.8865,Mining
T45QUE,2021,352,3968,22.564769,85.443872,0.8862,Mining
T45QUE,2021,7168,7744,21.952261,85.816248,0.8862,Mining
T45QUE,2021,6464,1760,22.010638,85.236134,0.8861,Mining
T45QUE,2021,4832,7776,22.163284,85.817594,0.8861,Mining
T45QUE,2021,7840,1120,21.885706,85.175743,0.8861,Mining
T45QUE,2021,6176,3168,22.038057,85.372194,0.8859,Mining
T45QUE,2021,7104,6752,21.957321,85.720147,0.8858,Mining
T45QUE,2021,1792,10720,22.439711,86.101335,0.8858,Mining
T45QUE,2021,3648,9952,22.271629,86.027873,0.8858,Mining
T45QUE,2021,4736,5568,22.170261,85.603408,0.8857,Mining
T45QUE,2021,2528,10752,22.373246,86.10487,0.8857,Mining
T45QUE,2021,7424,3680,21.925834,85.423036,0.8856,Mining
T45QUE,2021,1024,10272,22.508835,86.057334,0.8856,Mining
T45QUE,2021,7712,2112,21.898301,85.271586,0.8856,Mining
T45QUE,2021,3136,9728,22.317746,86.005806,0.8856,Mining
T45QUE,2021,8416,3744,21.836303,85.430211,0.8855,Mining
T45QUE,2021,5504,4032,22.099558,85.455229,0.8854,Mining
T45QUE,2021,5824,9056,22.074531,85.942387,0.8853,Mining
T45QUE,2021,5568,3968,22.093719,85.449089,0.8853,Mining
T45QUE,2021,5696,2112,22.080354,85.269379,0.8851,Mining
T45QUE,2021,7520,3200,21.916712,85.376674,0.8849,Mining
T45QUE,2021,5376,3776,22.110881,85.430291,0.8847,Mining
T45QUE,2021,5344,4384,22.114327,85.489188,0.8847,Mining
T45QUE,2021,5312,8160,22.120193,85.855181,0.8847,Mining
T45QUE,2021,5184,4320,22.128719,85.48283,0.8845,Mining
T45QUE,2021,2464,6304,22.37606,85.672842,0.8844,Mining
T45QUE,2021,4704,8032,22.175024,85.842324,0.8844,Mining
T45QUE,2021,5248,10176,22.127228,86.050585,0.8841,Mining
T45QUE,2021,3584,10080,22.277484,86.040256,0.884,Mining
T45QUE,2021,3392,10752,22.2952,86.105368,0.884,Mining
T45QUE,2021,5824,3136,22.069815,85.36873,0.8839,Mining
T45QUE,2021,4800,8160,22.16644,85.854807,0.8838,Mining
T45QUE,2021,5216,7328,22.128279,85.774452,0.8837,Mining
T45QUE,2021,10656,4480,21.634654,85.503504,0.8836,Mining
T45QUE,2021,1408,5824,22.471044,85.62529,0.8835,Mining
T45QUE,2021,64,2368,22.589194,85.287984,0.8835,Mining
T45QUE,2021,1088,9472,22.50258,85.979603,0.8834,Mining
T45QUE,2021,5408,3808,22.108021,85.433425,0.8833,Mining
T45QUE,2021,5280,7680,22.122751,85.808625,0.8833,Mining
T45QUE,2021,5504,2720,22.098306,85.328085,0.8832,Mining
T45QUE,2021,512,10560,22.555245,86.085028,0.8832,Mining
T45QUE,2021,4000,10176,22.239961,86.049827,0.883,Mining
T45QUE,2021,7360,7648,21.934851,85.807098,0.8829,Mining
T45QUE,2021,5152,4384,22.131667,85.489003,0.8829,Mining
T45QUE,2021,1984,10752,22.422385,86.104556,0.8828,Mining
T45QUE,2021,3584,9728,22.277278,86.006093,0.8828,Mining
T45QUE,2021,1312,1088,22.475133,85.165008,0.8828,Mining
T45QUE,2021,6400,3392,22.018042,85.39412,0.8827,Mining
T45QUE,2021,1152,9440,22.49678,85.976535,0.8826,Mining
T45QUE,2021,9408,6272,21.748848,85.67559,0.8825,Mining
T45QUE,2021,8448,7648,21.836575,85.807915,0.8825,Mining
T45QUE,2021,5056,7872,22.143118,85.827071,0.8825,Mining
T45QUE,2021,2336,2784,22.384454,85.3309,0.8825,Mining
T45QUE,2021,5472,4064,22.102477,85.458298,0.8824,Mining
T45QUE,2021,8032,3648,21.870895,85.420544,0.8824,Mining
T45QUE,2021,3680,1664,22.261934,85.223687,0.8823,Mining
T45QUE,2021,6336,7936,22.027546,85.834225,0.8823,Mining
T45QUE,2021,1664,10656,22.451239,86.095041,0.8822,Mining
T45QUE,2021,6560,5184,22.005201,85.567835,0.8821,Mining
T45QUE,2021,128,3552,22.5846,85.403191,0.8821,Mining
T45QUE,2021,6400,3904,22.018521,85.44371,0.8821,Mining
T45QUE,2021,4896,8160,22.157769,85.854877,0.8821,Mining
T45QUE,2021,7072,10208,21.962479,86.054783,0.882,Mining
T45QUE,2021,6720,3488,21.989234,85.403742,0.8819,Mining
T45QUE,2021,3328,10624,22.300912,86.092906,0.8819,Mining
T45QUE,2021,3968,9984,22.242742,86.031178,0.8819,Mining
T45QUE,2021,1600,8096,22.455433,85.846228,0.8817,Mining
T45QUE,2021,5984,4512,22.05664,85.502204,0.8815,Mining
T45QUE,2021,5824,1984,22.068664,85.257119,0.8815,Mining
T45QUE,2021,2496,3328,22.370542,85.383892,0.8814,Mining
T45QUE,2021,8320,2400,21.843684,85.300105,0.8813,Mining
T45QUE,2021,32,9568,22.598023,85.98824,0.8813,Mining
T45QUE,2021,1408,7072,22.472032,85.746569,0.8811,Mining
T45QUE,2021,4384,10816,22.205625,86.112146,0.8811,Mining
T45QUE,2021,4928,4672,22.152153,85.516709,0.881,Mining
T45QUE,2021,4352,8576,22.207185,85.894832,0.8809,Mining
T45QUE,2021,7008,2400,21.962167,85.298699,0.8809,Mining
T45QUE,2021,7360,3744,21.931674,85.429167,0.8809,Mining
T45QUE,2021,4320,6336,22.208455,85.677528,0.8807,Mining
T45QUE,2021,5664,9728,22.089392,86.007413,0.8807,Mining
T45QUE,2021,928,2752,22.511567,85.326268,0.8807,Mining
T45QUE,2021,8160,1792,21.857516,85.241117,0.8806,Mining
T45QUE,2021,7296,8064,21.940919,85.847326,0.8806,Mining
T45QUE,2021,7936,3200,21.879143,85.3771,0.8805,Mining
T45QUE,2021,1440,448,22.462856,85.102986,0.8805,Mining
T45QUE,2021,7168,3296,21.948593,85.385607,0.8805,Mining
T45QUE,2021,1248,6528,22.486063,85.693567,0.8803,Mining
T45QUE,2021,4960,8576,22.152266,85.895261,0.8802,Mining
T45QUE,2021,7328,3264,21.934113,85.382673,0.8802,Mining
T45QUE,2021,192,5568,22.58065,85.599306,0.8802,Mining
T45QUE,2021,800,960,22.52122,85.151958,0.8802,Mining
T45QUE,2021,384,3904,22.561819,85.437682,0.8801,Mining
T45QUE,2021,3264,5888,22.303471,85.633148,0.8799,Mining
T45QUE,2021,7136,2272,21.950479,85.286446,0.8797,Mining
T45QUE,2021,7136,6528,21.95426,85.698484,0.8797,Mining
T45QUE,2021,736,7488,22.533036,85.786467,0.8796,Mining
T45QUE,2021,2720,7808,22.35407,85.819098,0.8796,Mining
T45QUE,2021,2016,5696,22.416026,85.613398,0.8795,Mining
T45QUE,2021,10880,8800,21.617654,85.921012,0.8795,Mining
T45QUE,2021,6816,3328,21.980413,85.388346,0.8794,Mining
T45QUE,2021,2336,1504,22.383124,85.206614,0.8794,Mining
T45QUE,2021,2656,4928,22.357569,85.539401,0.8794,Mining
T45QUE,2021,6176,3040,22.037934,85.359795,0.8793,Mining
T45QUE,2021,4192,10400,22.222743,86.071676,0.8792,Mining
T45QUE,2021,6560,9344,22.008226,85.97078,0.8792,Mining
T45QUE,2021,2144,10336,22.407704,86.064235,0.8792,Mining
T45QUE,2021,4256,3232,22.21151,85.376408,0.8791,Mining
T45QUE,2021,7968,3552,21.876585,85.411191,0.8791,Mining
T45QUE,2021,5824,8992,22.074491,85.936185,0.8791,Mining
T45QUE,2021,7392,3232,21.928303,85.379641,0.879,Mining
T45QUE,2021,64,2400,22.589227,85.291096,0.8789,Mining
T45QUE,2021,3360,10496,22.297952,86.080499,0.8789,Mining
T45QUE,2021,640,9856,22.543279,86.016646,0.8787,Mining
T45QUE,2021,5472,3968,22.102389,85.448995,0.8785,Mining
T45QUE,2021,8608,9440,21.823283,85.981396,0.8784,Mining
T45QUE,2021,5376,10176,22.115665,86.050662,0.8784,Mining
T45QUE,2021,1920,10336,22.427937,86.064099,0.8783,Mining
T45QUE,2021,7808,1152,21.88863,85.178803,0.8782,Mining
T45QUE,2021,2368,6144,22.384602,85.657221,0.8782,Mining
T45QUE,2021,1152,9472,22.4968,85.979646,0.878,Mining
T45QUE,2021,3008,3648,22.324612,85.415485,0.8779,Mining
T45QUE,2021,2208,5952,22.398897,85.638434,0.8778,Mining
T45QUE,2021,5632,7232,22.090634,85.765472,0.8778,Mining
T45QUE,2021,7680,1632,21.900696,85.225103,0.8777,Mining
T45QUE,2021,1184,9952,22.494198,86.026325,0.8776,Mining
T45QUE,2021,7328,3424,21.934265,85.39816,0.8776,Mining
T45QUE,2021,5184,10720,22.133307,86.103291,0.8775,Mining
T45QUE,2021,6912,2400,21.970836,85.298596,0.8772,Mining
T45QUE,2021,2176,1024,22.397048,85.159819,0.8771,Mining
T45QUE,2021,3168,576,22.306976,85.117522,0.8771,Mining
T45QUE,2021,2656,6912,22.359192,85.732044,0.8771,Mining
T45QUE,2021,6976,5600,21.967975,85.608493,0.877,Mining
T45QUE,2021,1536,1216,22.455048,85.177709,0.877,Mining
T45QUE,2021,5888,9984,22.069306,86.032364,0.8769,Mining
T45QUE,2021,6912,1440,21.969846,85.205654,0.8767,Mining
T45QUE,2021,8192,800,21.853575,85.145193,0.8767,Mining
T45QUE,2021,5248,10400,22.127353,86.072302,0.8767,Mining
T45QUE,2021,7328,1600,21.932449,85.221611,0.8766,Mining
T45QUE,2021,6048,3072,22.049524,85.362762,0.8763,Mining
T45QUE,2021,5504,2656,22.098243,85.321883,0.8763,Mining
T45QUE,2021,4384,10496,22.205452,86.081103,0.8763,Mining
T45QUE,2021,6368,9056,22.025391,85.942753,0.8761,Mining
T45QUE,2021,8704,3616,21.810175,85.418116,0.876,Mining
T45QUE,2021,1984,10720,22.422368,86.101446,0.876,Mining
T45QUE,2021,1472,1344,22.460966,85.190068,0.876,Mining
T45QUE,2021,96,480,22.584242,85.10444,0.876,Mining
T45QUE,2021,4128,9888,22.228233,86.021963,0.8759,Mining
T45QUE,2021,5440,6048,22.107069,85.650558,0.8757,Mining
T45QUE,2021,896,10144,22.520324,86.04481,0.8757,Mining
T45QUE,2021,1024,5120,22.505126,85.55652,0.8757,Mining
T45QUE,2021,2016,10880,22.419563,86.11701,0.8756,Mining
T45QUE,2021,7872,1152,21.882851,85.178876,0.8755,Mining
T45QUE,2021,2784,9856,22.349617,86.01801,0.8755,Mining
T45QUE,2021,2336,2976,22.384646,85.349544,0.8755,Mining
T45QUE,2021,3008,10304,22.329641,86.061649,0.8755,Mining
T45QUE,2021,6656,2496,21.994051,85.307616,0.8755,Mining
T45QUE,2021,9280,7840,21.761554,85.827103,0.8754,Mining
T45QUE,2021,7424,3712,21.925864,85.426133,0.8753,Mining
T45QUE,2021,4032,3136,22.231646,85.366863,0.8753,Mining
T45QUE,2021,8000,3232,21.873394,85.380261,0.8751,Mining
T45QUE,2021,7264,3744,21.940344,85.429072,0.875,Mining
T45QUE,2021,3424,4064,22.287433,85.456278,0.8749,Mining
T45QUE,2021,7296,3712,21.937424,85.426006,0.8749,Mining
T45QUE,2021,768,6400,22.529313,85.680716,0.8749,Mining
T45QUE,2021,4224,3072,22.214244,85.360857,0.8749,Mining
T45QUE,2021,7936,832,21.876726,85.14799,0.8747,Mining
T45QUE,2021,6944,2432,21.967978,85.301728,0.8747,Mining
T45QUE,2021,6528,3904,22.006961,85.443836,0.8747,Mining
T45QUE,2021,5312,9440,22.121016,85.97927,0.8746,Mining
T45QUE,2021,9248,7840,21.764445,85.827079,0.8745,Mining
T45QUE,2021,5600,7136,22.093454,85.756143,0.8745,Mining
T45QUE,2021,5600,3872,22.090741,85.439818,0.8744,Mining
T45QUE,2021,4256,10304,22.216909,86.062401,0.8744,Mining
T45QUE,2021,6816,2144,21.979247,85.273706,0.8744,Mining
T45QUE,2021,5184,2816,22.127299,85.337049,0.8743,Mining
T45QUE,2021,6048,9696,22.054686,86.004555,0.8743,Mining
T45QUE,2021,5536,9920,22.101066,86.025944,0.8742,Mining
T45QUE,2021,5248,2752,22.121456,85.330913,0.8742,Mining
T45QUE,2021,6688,3488,21.992124,85.403709,0.8742,Mining
T45QUE,2021,2880,9920,22.340983,86.024286,0.8742,Mining
T45QUE,2021,3744,10496,22.263264,86.080726,0.8741,Mining
T45QUE,2021,928,1952,22.510741,85.248517,0.8741,Mining
T45QUE,2021,5856,2112,22.065906,85.269555,0.8741,Mining
T45QUE,2021,32,288,22.589799,85.085692,0.874,Mining
T45QUE,2021,2176,10304,22.404795,86.061146,0.8739,Mining
T45QUE,2021,3936,6656,22.243387,85.708249,0.8739,Mining
T45QUE,2021,2976,4128,22.327951,85.462045,0.8738,Mining
T45QUE,2021,8032,3424,21.870685,85.398871,0.8737,Mining
T45QUE,2021,4352,10240,22.208201,86.05625,0.8737,Mining
T45QUE,2021,480,1248,22.550433,85.179569,0.8737,Mining
T45QUE,2021,6272,5408,22.0314,85.589273,0.8737,Mining
T45QUE,2021,4064,3104,22.228725,85.363793,0.8736,Mining
T45QUE,2021,4224,10432,22.21987,86.0748,0.8736,Mining
T45QUE,2021,5600,3904,22.09077,85.442919,0.8736,Mining
T45QUE,2021,4512,10912,22.194113,86.12153,0.8736,Mining
T45QUE,2021,3072,3744,22.318923,85.424868,0.8735,Mining
T45QUE,2021,10336,4512,21.663584,85.506298,0.8735,Mining
T45QUE,2021,6688,5760,21.994118,85.623735,0.8735,Mining
T45QUE,2021,4000,10912,22.240363,86.121242,0.8734,Mining
T45QUE,2021,4800,10560,22.167909,86.087554,0.8734,Mining
T45QUE,2021,3136,10240,22.318043,86.055513,0.8733,Mining
T45QUE,2021,3520,9504,22.282925,85.984311,0.8733,Mining
T45QUE,2021,6784,3200,21.98318,85.375919,0.8733,Mining
T45QUE,2021,7264,3168,21.939801,85.373315,0.8733,Mining
T45QUE,2021,3616,10048,22.274575,86.03717,0.8732,Mining
T45QUE,2021,3072,7872,22.322321,85.825578,0.8732,Mining
T45QUE,2021,4960,4384,22.149007,85.488818,0.8731,Mining
T45QUE,2021,736,10208,22.534813,86.050934,0.873,Mining
T45QUE,2021,7584,8192,21.914991,85.859927,0.8729,Mining
T45QUE,2021,768,6368,22.529288,85.677605,0.8729,Mining
T45QUE,2021,7200,3296,21.945703,85.38564,0.8727,Mining
T45QUE,2021,5056,10496,22.144749,86.081498,0.8727,Mining
T45QUE,2021,6400,3808,22.018432,85.434412,0.8726,Mining
T45QUE,2021,3680,6016,22.266003,85.645934,0.8726,Mining
T45QUE,2021,6656,3488,21.995014,85.403677,0.8725,Mining
T45QUE,2021,5664,7072,22.087626,85.749991,0.8725,Mining
T45QUE,2021,4256,10432,22.21698,86.074819,0.8724,Mining
T45QUE,2021,3200,4864,22.308383,85.533701,0.8722,Mining
T45QUE,2021,5408,6432,22.110262,85.687751,0.8722,Mining
T45QUE,2021,6144,3104,22.040886,85.365961,0.8721,Mining
T45QUE,2021,6848,2336,21.976551,85.29233,0.8721,Mining
T45QUE,2021,4704,8160,22.175111,85.854737,0.8719,Mining
T45QUE,2021,4992,5792,22.147324,85.625353,0.8719,Mining
T45QUE,2021,672,10048,22.540501,86.035336,0.8719,Mining
T45QUE,2021,10624,4448,21.637516,85.500383,0.8718,Mining
T45QUE,2021,9312,960,21.752611,85.161961,0.8718,Mining
T45QUE,2021,7232,6944,21.945904,85.738839,0.8717,Mining
T45QUE,2021,6720,3520,21.989264,85.406841,0.8717,Mining
T45QUE,2021,4352,10464,22.208325,86.07798,0.8717,Mining
T45QUE,2021,5216,10816,22.130468,86.112617,0.8716,Mining
T45QUE,2021,1632,10848,22.454233,86.113681,0.8716,Mining
T45QUE,2021,3008,6304,22.326928,85.673307,0.8715,Mining
T45QUE,2021,5536,2944,22.095637,85.349825,0.8714,Mining
T45QUE,2021,320,2656,22.566373,85.316272,0.8714,Mining
T45QUE,2021,3648,10080,22.271703,86.040296,0.8714,Mining
T45QUE,2021,3328,5664,22.297506,85.611464,0.8714,Mining
T45QUE,2021,640,9888,22.543298,86.019758,0.8713,Mining
T45QUE,2021,1920,8000,22.426463,85.837141,0.8713,Mining
T45QUE,2021,4384,9856,22.20509,86.019019,0.8713,Mining
T45QUE,2021,7488,1536,21.917934,85.215597,0.8712,Mining
T45QUE,2021,7040,6400,21.962833,85.686011,0.8712,Mining
T45QUE,2021,5728,288,22.075499,85.0927,0.8712,Mining
T45QUE,2021,5824,2112,22.068796,85.269519,0.8711,Mining
T45QUE,2021,5600,6944,22.093311,85.737534,0.8711,Mining
T45QUE,2021,7168,6528,21.95137,85.69851,0.8711,Mining
T45QUE,2021,3008,9728,22.329308,86.005725,0.8708,Mining
T45QUE,2021,1664,736,22.442957,85.131235,0.8708,Mining
T45QUE,2021,384,3040,22.56098,85.353676,0.8708,Mining
T45QUE,2021,2496,2752,22.369974,85.327966,0.8707,Mining
T45QUE,2021,3264,9536,22.306068,85.98725,0.8707,Mining
T45QUE,2021,10624,4480,21.637544,85.503474,0.8707,Mining
T45QUE,2021,3520,2112,22.276852,85.266971,0.8706,Mining
T45QUE,2021,640,8000,22.542074,85.836174,0.8704,Mining
T45QUE,2021,7104,6400,21.957052,85.686064,0.8704,Mining
T45QUE,2021,4704,7648,22.174755,85.805084,0.8703,Mining
T45QUE,2021,4864,10112,22.161879,86.044146,0.8703,Mining
T45QUE,2021,7648,2080,21.904048,85.268419,0.8702,Mining
T45QUE,2021,608,5280,22.542834,85.571685,0.8702,Mining
T45QUE,2021,4704,3040,22.170866,85.358257,0.8701,Mining
T45QUE,2021,6944,3264,21.968792,85.38228,0.8701,Mining
T45QUE,2021,6144,4384,22.042076,85.489956,0.87,Mining
T45QUE,2021,352,6464,22.566936,85.686582,0.87,Mining
T45QUE,2021,7776,7552,21.897207,85.798119,0.8699,Mining
T45QUE,2021,8000,3648,21.873785,85.420512,0.8699,Mining
T45QUE,2021,7264,3776,21.940373,85.43217,0.8699,Mining
T45QUE,2021,4256,8864,22.216044,85.922703,0.8697,Mining
T45QUE,2021,96,2944,22.586891,85.344032,0.8696,Mining
T45QUE,2021,928,7424,22.515648,85.780397,0.8695,Mining
T45QUE,2021,3040,9760,22.326436,86.008852,0.8695,Mining
T45QUE,2021,1920,9280,22.42731,85.961499,0.8695,Mining
T45QUE,2021,224,3360,22.575745,85.384621,0.8695,Mining
T45QUE,2021,7488,2528,21.918947,85.311603,0.8694,Mining
T45QUE,2021,2656,8064,22.36003,85.843908,0.8694,Mining
T45QUE,2021,4224,5248,22.216234,85.571911,0.8694,Mining
T45QUE,2021,3040,4960,22.322917,85.542869,0.8694,Mining
T45QUE,2021,4992,4384,22.146117,85.488849,0.8693,Mining
T45QUE,2021,7488,8576,21.923916,85.897032,0.8693,Mining
T45QUE,2021,7424,10784,21.930992,86.110761,0.8693,Mining
T45QUE,2021,4704,10176,22.176368,86.050255,0.8692,Mining
T45QUE,2021,3744,2688,22.257211,85.323099,0.8692,Mining
T45QUE,2021,7680,928,21.899947,85.156981,0.8692,Mining
T45QUE,2021,3488,7744,22.284657,85.81347,0.8691,Mining
T45QUE,2021,1952,1376,22.417659,85.193738,0.8691,Mining
T45QUE,2021,7904,3136,21.881972,85.370874,0.869,Mining
T45QUE,2021,4256,10144,22.216818,86.046879,0.869,Mining
T45QUE,2021,6240,6144,22.034889,85.660544,0.8689,Mining
T45QUE,2021,1152,5120,22.493566,85.55664,0.8688,Mining
T45QUE,2021,928,3680,22.51248,85.416463,0.8688,Mining
T45QUE,2021,1536,10688,22.462818,86.098076,0.8688,Mining
T45QUE,2021,5440,5536,22.106651,85.600933,0.8687,Mining
T45QUE,2021,2080,6080,22.410562,85.650754,0.8687,Mining
T45QUE,2021,960,7168,22.512567,85.755537,0.8686,Mining
T45QUE,2021,2560,1248,22.36262,85.182021,0.8685,Mining
T45QUE,2021,672,9888,22.540407,86.019778,0.8685,Mining
T45QUE,2021,608,512,22.53805,85.108182,0.8684,Mining
T45QUE,2021,4224,10208,22.219745,86.053068,0.8683,Mining
T45QUE,2021,8992,7776,21.787525,85.820701,0.8683,Mining
T45QUE,2021,3584,10848,22.277907,86.114796,0.8683,Mining
T45QUE,2021,7456,1728,21.921024,85.234143,0.8682,Mining
T45QUE,2021,3104,6016,22.318026,85.645433,0.8682,Mining
T45QUE,2021,3360,128,22.28913,85.074288,0.8682,Mining
T45QUE,2021,6912,7136,21.974949,85.757178,0.8681,Mining
T45QUE,2021,7328,3648,21.934475,85.419843,0.8681,Mining
T45QUE,2021,6848,1504,21.975693,85.211778,0.868,Mining
T45QUE,2021,3136,10272,22.318061,86.05862,0.8679,Mining
T45QUE,2021,4736,9056,22.172809,85.941654,0.8679,Mining
T45QUE,2021,5792,3104,22.072674,85.365596,0.8679,Mining
T45QUE,2021,7968,3232,21.876284,85.380229,0.8678,Mining
T45QUE,2021,4992,6848,22.148155,85.727737,0.8677,Mining
T45QUE,2021,3520,9376,22.282847,85.971887,0.8677,Mining
T45QUE,2021,2208,10688,22.402117,86.098468,0.8675,Mining
T45QUE,2021,6560,3904,22.004071,85.443868,0.8674,Mining
T45QUE,2021,5792,5632,22.074939,85.610549,0.8673,Mining
T45QUE,2021,3840,9952,22.254286,86.027993,0.8671,Mining
T45QUE,2021,1056,7104,22.503848,85.749393,0.8671,Mining
T45QUE,2021,576,5536,22.545943,85.596545,0.867,Mining
T45QUE,2021,7392,7712,21.932005,85.813318,0.867,Mining
T45QUE,2021,8384,3392,21.838866,85.39613,0.867,Mining
T45QUE,2021,64,2752,22.589587,85.325326,0.8669,Mining
T45QUE,2021,9280,960,21.7555,85.161925,0.8669,Mining
T45QUE,2021,4320,2400,22.204906,85.295788,0.8667,Mining
T45QUE,2021,416,4928,22.559866,85.53728,0.8666,Mining
T45QUE,2021,8896,832,21.790038,85.149107,0.8666,Mining
T45QUE,2021,6656,3616,21.995134,85.416072,0.8665,Mining
T45QUE,2021,8000,3488,21.873636,85.405031,0.8665,Mining
T45QUE,2021,96,1248,22.585106,85.179114,0.8664,Mining
T45QUE,2021,4608,7968,22.183651,85.836045,0.8663,Mining
T45QUE,2021,1952,1440,22.417729,85.199954,0.8662,Mining
T45QUE,2021,5056,10528,22.144767,86.084601,0.8662,Mining
T45QUE,2021,5920,6528,22.064092,85.697481,0.8662,Mining
T45QUE,2021,5440,5504,22.106625,85.597831,0.8661,Mining
T45QUE,2021,7104,3744,21.954794,85.428913,0.8661,Mining
T45QUE,2021,10528,4576,21.646298,85.51266,0.866,Mining
T45QUE,2021,5728,7520,22.082172,85.793459,0.8659,Mining
T45QUE,2021,9536,6848,21.737723,85.731383,0.8659,Mining
T45QUE,2021,5088,4512,22.137561,85.50135,0.8658,Mining
T45QUE,2021,1408,9312,22.473577,85.964265,0.8658,Mining
T45QUE,2021,8032,1184,21.868437,85.182155,0.8658,Mining
T45QUE,2021,1152,5440,22.493841,85.58774,0.8656,Mining
T45QUE,2021,4224,10400,22.219853,86.071695,0.8656,Mining
T45QUE,2021,7424,3264,21.925443,85.382771,0.8656,Mining
T45QUE,2021,5696,9472,22.086349,85.982621,0.8654,Mining
T45QUE,2021,1184,2272,22.487959,85.279903,0.8652,Mining
T45QUE,2021,5536,3872,22.09652,85.439755,0.8652,Mining
T45QUE,2021,5408,2880,22.107134,85.343488,0.8651,Mining
T45QUE,2021,960,8384,22.513437,85.873747,0.8651,Mining
T45QUE,2021,4384,10240,22.20531,86.056269,0.8651,Mining
T45QUE,2021,4288,10848,22.214313,86.115196,0.865,Mining
T45QUE,2021,736,1120,22.527177,85.167432,0.865,Mining
T45QUE,2021,3680,9696,22.268588,86.003048,0.865,Mining
T45QUE,2021,5472,8672,22.106081,85.904928,0.865,Mining
T45QUE,2021,5216,8768,22.129267,85.914056,0.8647,Mining
T45QUE,2021,3328,8256,22.299464,85.863045,0.8647,Mining
T45QUE,2021,2240,6240,22.39624,85.666434,0.8646,Mining
T45QUE,2021,2240,3040,22.393378,85.355657,0.8646,Mining
T45QUE,2021,7424,2400,21.924599,85.299146,0.8645,Mining
T45QUE,2021,5184,10688,22.13329,86.100189,0.8645,Mining
T45QUE,2021,2080,3232,22.408015,85.374134,0.8644,Mining
T45QUE,2021,6176,6176,22.040695,85.66359,0.8644,Mining
T45QUE,2021,7200,2304,21.944731,85.289613,0.8644,Mining
T45QUE,2021,3264,10016,22.306352,86.033846,0.8643,Mining
T45QUE,2021,3456,8448,22.288032,85.881773,0.8643,Mining
T45QUE,2021,7776,1152,21.89152,85.178766,0.8642,Mining
T45QUE,2021,7936,3520,21.879445,85.408063,0.8642,Mining
T45QUE,2021,6592,9344,22.005335,85.970801,0.8642,Mining
T45QUE,2021,6176,3072,22.037965,85.362895,0.8642,Mining
T45QUE,2021,2016,5728,22.416053,85.616506,0.8641,Mining
T45QUE,2021,640,7424,22.54166,85.780169,0.8641,Mining
T45QUE,2021,7648,960,21.902871,85.16004,0.8641,Mining
T45QUE,2021,1088,9440,22.502561,85.976493,0.8641,Mining
T45QUE,2021,6336,5632,22.025805,85.611029,0.864,Mining
T45QUE,2021,6208,7776,22.038996,85.818629,0.864,Mining
T45QUE,2021,10432,4384,21.654802,85.494021,0.8639,Mining
T45QUE,2021,7488,3776,21.920143,85.432391,0.8639,Mining
T45QUE,2021,5856,3104,22.066894,85.365662,0.8638,Mining
T45QUE,2021,5856,9664,22.072011,86.001332,0.8637,Mining
T45QUE,2021,192,10720,22.584238,86.1004,0.8637,Mining
T45QUE,2021,10720,4480,21.628874,85.503564,0.8636,Mining
T45QUE,2021,7104,6496,21.957126,85.695359,0.8635,Mining
T45QUE,2021,864,3904,22.518472,85.43817,0.8635,Mining
T45QUE,2021,3072,7040,22.321716,85.744809,0.8635,Mining
T45QUE,2021,6176,6112,22.040644,85.65739,0.8634,Mining
T45QUE,2021,6144,7328,22.044458,85.775175,0.8634,Mining
T45QUE,2021,1792,8160,22.438135,85.85259,0.8631,Mining
T45QUE,2021,8224,7392,21.856627,85.782976,0.863,Mining
T45QUE,2021,3456,9760,22.288859,86.009117,0.8629,Mining
T45QUE,2021,1184,6304,22.491665,85.671742,0.8629,Mining
T45QUE,2021,6688,8768,21.996304,85.915071,0.8629,Mining
T45QUE,2021,8064,864,21.865203,85.151235,0.8629,Mining
T45QUE,2021,4256,8896,22.216064,85.925807,0.8628,Mining
T45QUE,2021,10048,1504,21.686722,85.215367,0.8628,Mining
T45QUE,2021,3488,9280,22.285678,85.962549,0.8628,Mining
T45QUE,2021,8064,832,21.865168,85.14814,0.8628,Mining
T45QUE,2021,5536,4128,22.096755,85.464564,0.8627,Mining
T45QUE,2021,6912,4512,21.972828,85.503085,0.8627,Mining
T45QUE,2021,4736,4512,22.169351,85.501013,0.8625,Mining
T45QUE,2021,2240,3392,22.393722,85.38984,0.8625,Mining
T45QUE,2021,5664,7040,22.087602,85.746889,0.8624,Mining
T45QUE,2021,7136,3136,21.95133,85.370085,0.8623,Mining
T45QUE,2021,3616,10112,22.274612,86.043382,0.8622,Mining
T45QUE,2021,6240,6176,22.034915,85.663644,0.8621,Mining
T45QUE,2021,5760,7072,22.078955,85.750067,0.8621,Mining
T45QUE,2021,7392,3488,21.928545,85.40442,0.862,Mining
T45QUE,2021,4992,4352,22.146088,85.485747,0.8619,Mining
T45QUE,2021,8768,7904,21.807847,85.832917,0.8619,Mining
T45QUE,2021,832,4960,22.522325,85.540786,0.8619,Mining
T45QUE,2021,1888,9856,22.430551,86.017442,0.8619,Mining
T45QUE,2021,1792,416,22.431037,85.100311,0.8619,Mining
T45QUE,2021,6976,3264,21.965902,85.382313,0.8619,Mining
T45QUE,2021,7360,7872,21.935007,85.828784,0.8618,Mining
T45QUE,2021,5056,4096,22.140076,85.460992,0.8617,Mining
T45QUE,2021,8032,3520,21.870776,85.408159,0.8617,Mining
T45QUE,2021,7904,3456,21.882275,85.401838,0.8617,Mining
T45QUE,2021,4224,2112,22.21328,85.267753,0.8614,Mining
T45QUE,2021,3648,10112,22.271721,86.043401,0.8614,Mining
T45QUE,2021,6976,5696,21.968054,85.617789,0.8614,Mining
T45QUE,2021,3776,4352,22.255907,85.484568,0.8614,Mining
T45QUE,2021,2656,3232,22.356,85.374738,0.8613,Mining
T45QUE,2021,1664,768,22.442993,85.134344,0.8613,Mining
T45QUE,2021,4608,10208,22.185058,86.053301,0.8612,Mining
T45QUE,2021,5632,9984,22.092431,86.032207,0.8612,Mining
T45QUE,2021,3616,10208,22.274666,86.052699,0.8611,Mining
T45QUE,2021,7488,2560,21.918979,85.3147,0.8611,Mining
T45QUE,2021,7904,3616,21.882425,85.41732,0.861,Mining
T45QUE,2021,1664,10816,22.451325,86.110589,0.861,Mining
T45QUE,2021,608,7776,22.544806,85.81437,0.861,Mining
T45QUE,2021,2816,9824,22.346708,86.014923,0.8609,Mining
T45QUE,2021,3904,10336,22.248723,86.065295,0.8608,Mining
T45QUE,2021,512,9152,22.554407,85.948102,0.8606,Mining
T45QUE,2021,6208,3104,22.035106,85.366028,0.8605,Mining
T45QUE,2021,608,1920,22.539602,85.245042,0.8605,Mining
T45QUE,2021,2656,1088,22.353777,85.166602,0.8604,Mining
T45QUE,2021,6656,7520,21.99835,85.794169,0.8604,Mining
T45QUE,2021,7360,3392,21.931344,85.395095,0.8604,Mining
T45QUE,2021,8992,7808,21.787547,85.823796,0.8602,Mining
T45QUE,2021,2656,1888,22.354637,85.244262,0.8602,Mining
T45QUE,2021,6368,9536,22.025685,85.989256,0.8602,Mining
T45QUE,2021,5696,5920,22.083844,85.638374,0.8602,Mining
T45QUE,2021,1472,9856,22.468127,86.017177,0.8601,Mining
T45QUE,2021,1248,7424,22.486745,85.78065,0.8601,Mining
T45QUE,2021,640,10048,22.543392,86.035316,0.8601,Mining
T45QUE,2021,1344,8160,22.4786,85.852257,0.86,Mining
T45QUE,2021,8320,2432,21.843716,85.3032,0.8599,Mining
T45QUE,2021,7104,7456,21.957838,85.788314,0.8598,Mining
T45QUE,2021,6912,3904,21.972281,85.444214,0.8597,Mining
T45QUE,2021,32,3296,22.59302,85.378194,0.8597,Mining
T45QUE,2021,4928,6176,22.153414,85.662528,0.8597,Mining
T45QUE,2021,4544,10272,22.190875,86.05947,0.8597,Mining
T45QUE,2021,7360,3776,21.931703,85.432265,0.8597,Mining
T45QUE,2021,5888,5856,22.066451,85.632338,0.8597,Mining
T45QUE,2021,4352,10432,22.208308,86.074876,0.8596,Mining
T45QUE,2021,4960,10336,22.153333,86.065926,0.8596,Mining
T45QUE,2021,5376,3744,22.110851,85.42719,0.8595,Mining
T45QUE,2021,3872,9856,22.251339,86.018697,0.8594,Mining
T45QUE,2021,3424,10688,22.292275,86.099174,0.8594,Mining
T45QUE,2021,5248,4288,22.12291,85.47979,0.8594,Mining
T45QUE,2021,4128,10432,22.228542,86.074743,0.8594,Mining
T45QUE,2021,32,3328,22.593051,85.381306,0.8593,Mining
T45QUE,2021,4224,3104,22.214276,85.36396,0.8593,Mining
T45QUE,2021,6624,1696,21.996123,85.230115,0.8592,Mining
T45QUE,2021,928,10048,22.517378,86.035497,0.8592,Mining
T45QUE,2021,7296,3776,21.937483,85.432201,0.8592,Mining
T45QUE,2021,5728,2080,22.077432,85.266313,0.859,Mining
T45QUE,2021,2976,4800,22.328557,85.527277,0.859,Mining
T45QUE,2021,7360,1856,21.929826,85.246424,0.859,Mining
T45QUE,2021,3872,9920,22.251376,86.024908,0.8589,Mining
T45QUE,2021,6880,2336,21.973662,85.292365,0.8588,Mining
T45QUE,2021,2240,3072,22.39341,85.358764,0.8588,Mining
T45QUE,2021,10432,5952,21.656106,85.645517,0.8588,Mining
T45QUE,2021,3040,9824,22.326474,86.015066,0.8586,Mining
T45QUE,2021,4992,2912,22.144732,85.346151,0.8585,Mining
T45QUE,2021,768,7264,22.52998,85.764715,0.8585,Mining
T45QUE,2021,768,960,22.52411,85.151919,0.8584,Mining
T45QUE,2021,7520,1760,21.915278,85.237311,0.8584,Mining
T45QUE,2021,6976,3648,21.966264,85.419491,0.8583,Mining
T45QUE,2021,4864,7776,22.160394,85.817618,0.8583,Mining
T45QUE,2021,1792,7840,22.437911,85.821499,0.8582,Mining
T45QUE,2021,7360,3424,21.931375,85.398192,0.8582,Mining
T45QUE,2021,3744,5984,22.260197,85.642885,0.8582,Mining
T45QUE,2021,6656,5792,21.997034,85.626806,0.8581,Mining
T45QUE,2021,5280,10592,22.124567,86.090936,0.8581,Mining
T45QUE,2021,2048,8288,22.4151,85.865215,0.858,Mining
T45QUE,2021,576,10048,22.549173,86.035276,0.8579,Mining
T45QUE,2021,4384,10432,22.205417,86.074895,0.8579,Mining
T45QUE,2021,5184,8192,22.131777,85.85819,0.8579,Mining
T45QUE,2021,6624,3872,21.998262,85.440832,0.8578,Mining
T45QUE,2021,4064,10336,22.23427,86.06539,0.8578,Mining
T45QUE,2021,4192,3072,22.217134,85.360823,0.8576,Mining
T45QUE,2021,6944,3552,21.969064,85.410165,0.8575,Mining
T45QUE,2021,2560,5536,22.366761,85.598348,0.8575,Mining
T45QUE,2021,4416,7680,22.200791,85.807968,0.8575,Mining
T45QUE,2021,1792,9312,22.438892,85.964522,0.8575,Mining
T45QUE,2021,3616,10816,22.275,86.111708,0.8574,Mining
T45QUE,2021,960,992,22.506809,85.15526,0.8574,Mining
T45QUE,2021,1824,6528,22.43404,85.694055,0.8573,Mining
T45QUE,2021,3328,8928,22.299908,85.928274,0.8573,Mining
T45QUE,2021,4544,10880,22.191205,86.118444,0.8572,Mining
T45QUE,2021,1056,9472,22.505471,85.979582,0.8571,Mining
T45QUE,2021,7456,2496,21.921805,85.308471,0.8571,Mining
T45QUE,2021,5248,4384,22.122997,85.489096,0.857,Mining
T45QUE,2021,4096,10592,22.23152,86.090248,0.857,Mining
T45QUE,2021,5408,2848,22.107102,85.340387,0.8569,Mining
T45QUE,2021,5152,6208,22.133208,85.665822,0.8569,Mining
T45QUE,2021,1728,7104,22.443154,85.749938,0.8568,Mining
T45QUE,2021,6624,2592,21.997036,85.316878,0.8568,Mining
T45QUE,2021,1696,10816,22.448435,86.110608,0.8567,Mining
T45QUE,2021,352,5952,22.566521,85.636793,0.8566,Mining
T45QUE,2021,4768,2976,22.165024,85.352119,0.8566,Mining
T45QUE,2021,3712,10784,22.266311,86.108658,0.8566,Mining
T45QUE,2021,4032,3200,22.231708,85.373071,0.8566,Mining
T45QUE,2021,1536,10624,22.462784,86.091856,0.8565,Mining
T45QUE,2021,7520,8128,21.920729,85.853685,0.8565,Mining
T45QUE,2021,4992,10336,22.150442,86.065945,0.8564,Mining
T45QUE,2021,5856,3136,22.066925,85.368763,0.8564,Mining
T45QUE,2021,1952,8032,22.423595,85.840273,0.8563,Mining
T45QUE,2021,2048,10816,22.416639,86.11081,0.8562,Mining
T45QUE,2021,9120,8032,21.776138,85.845553,0.8562,Mining
T45QUE,2021,5152,4416,22.131696,85.492105,0.8561,Mining
T45QUE,2021,7904,3232,21.882064,85.380163,0.856,Mining
T45QUE,2021,7904,3488,21.882305,85.404934,0.856,Mining
T45QUE,2021,6688,5792,21.994144,85.626834,0.856,Mining
T45QUE,2021,7360,7584,21.934806,85.800902,0.8558,Mining
T45QUE,2021,1504,10688,22.465709,86.098057,0.8558,Mining
T45QUE,2021,6432,3904,22.015631,85.443742,0.8557,Mining
T45QUE,2021,7872,6944,21.888096,85.739348,0.8556,Mining
T45QUE,2021,7072,3360,21.957324,85.391705,0.8555,Mining
T45QUE,2021,960,1632,22.50751,85.217455,0.8555,Mining
T45QUE,2021,3200,5856,22.309225,85.629986,0.8554,Mining
T45QUE,2021,3776,10592,22.260426,86.090061,0.8554,Mining
T45QUE,2021,2048,1472,22.409095,85.203173,0.8554,Mining
T45QUE,2021,3904,6656,22.246277,85.708223,0.8553,Mining
T45QUE,2021,8032,832,21.868057,85.148102,0.8553,Mining
T45QUE,2021,5472,8736,22.106123,85.911131,0.8552,Mining
T45QUE,2021,4224,3136,22.214307,85.367064,0.8552,Mining
T45QUE,2021,5952,6944,22.061518,85.737816,0.8552,Mining
T45QUE,2021,3808,4320,22.252988,85.481495,0.8552,Mining
T45QUE,2021,7712,1664,21.89784,85.228235,0.8551,Mining
T45QUE,2021,1568,6144,22.456855,85.656526,0.8551,Mining
T45QUE,2021,8000,6816,21.876439,85.727063,0.855,Mining
T45QUE,2021,5120,10656,22.139055,86.097049,0.8549,Mining
T45QUE,2021,1376,9312,22.476467,85.964243,0.8548,Mining
T45QUE,2021,5248,4320,22.122939,85.482892,0.8547,Mining
T45QUE,2021,5408,2432,22.106687,85.300072,0.8545,Mining
T45QUE,2021,9312,832,21.752473,85.149589,0.8544,Mining
T45QUE,2021,6080,7296,22.050216,85.772025,0.8543,Mining
T45QUE,2021,2880,4160,22.33665,85.465057,0.8543,Mining
T45QUE,2021,5792,6368,22.075529,85.68187,0.8543,Mining
T45QUE,2021,4544,8704,22.189926,85.907383,0.8542,Mining
T45QUE,2021,1952,1472,22.417763,85.203061,0.8542,Mining
T45QUE,2021,6208,7232,22.038608,85.765924,0.8541,Mining
T45QUE,2021,4736,6624,22.171106,85.705807,0.8541,Mining
T45QUE,2021,448,5728,22.557665,85.615098,0.8541,Mining
T45QUE,2021,4224,9920,22.21958,86.025127,0.854,Mining
T45QUE,2021,3872,6272,22.248867,85.670939,0.854,Mining
T45QUE,2021,1984,10784,22.422403,86.107665,0.8539,Mining
T45QUE,2021,128,1216,22.582182,85.17604,0.8539,Mining
T45QUE,2021,7360,1760,21.929726,85.237133,0.8539,Mining
T45QUE,2021,224,3392,22.575776,85.387732,0.8538,Mining
T45QUE,2021,7840,1152,21.88574,85.178839,0.8538,Mining
T45QUE,2021,128,1248,22.582217,85.179152,0.8538,Mining
T45QUE,2021,1216,7296,22.489541,85.768184,0.8537,Mining
T45QUE,2021,1440,7072,22.469142,85.746595,0.8537,Mining
T45QUE,2021,7392,1568,21.926636,85.218586,0.8537,Mining
T45QUE,2021,5216,4352,22.125858,85.485963,0.8537,Mining
T45QUE,2021,2880,9856,22.340945,86.018071,0.8536,Mining
T45QUE,2021,5344,2656,22.112691,85.321712,0.8536,Mining
T45QUE,2021,4288,3392,22.208774,85.391959,0.8535,Mining
T45QUE,2021,4832,5824,22.161801,85.628315,0.8535,Mining
T45QUE,2021,6592,7360,22.004016,85.778622,0.8534,Mining
T45QUE,2021,6464,3776,22.012623,85.431376,0.8534,Mining
T45QUE,2021,704,5440,22.534301,85.587329,0.8532,Mining
T45QUE,2021,5088,5696,22.138575,85.61613,0.8532,Mining
T45QUE,2021,7424,7616,21.929047,85.804048,0.8532,Mining
T45QUE,2021,5344,8256,22.117368,85.864511,0.853,Mining
T45QUE,2021,4192,3104,22.217165,85.363927,0.853,Mining
T45QUE,2021,7328,1856,21.932715,85.246389,0.8529,Mining
T45QUE,2021,3008,704,22.321567,85.12975,0.8529,Mining
T45QUE,2021,3456,352,22.280718,85.096138,0.8528,Mining
T45QUE,2021,4800,6656,22.16535,85.708963,0.8528,Mining
T45QUE,2021,5632,2400,22.086427,85.297214,0.8528,Mining
T45QUE,2021,5248,7424,22.125458,85.783783,0.8528,Mining
T45QUE,2021,4768,3008,22.165055,85.355222,0.8528,Mining
T45QUE,2021,800,736,22.520969,85.130188,0.8528,Mining
T45QUE,2021,6880,5344,21.976434,85.583619,0.8528,Mining
T45QUE,2021,7072,6368,21.959918,85.682939,0.8526,Mining
T45QUE,2021,2848,10016,22.343929,86.033587,0.8526,Mining
T45QUE,2021,2464,6656,22.376337,85.707025,0.8525,Mining
T45QUE,2021,1344,3808,22.475034,85.429328,0.8525,Mining
T45QUE,2021,4576,2976,22.182363,85.351917,0.8525,Mining
T45QUE,2021,9312,5952,21.757269,85.64457,0.8524,Mining
T45QUE,2021,6784,8000,21.987123,85.840755,0.8524,Mining
T45QUE,2021,4032,10272,22.237125,86.059161,0.8524,Mining
T45QUE,2021,3296,5888,22.300581,85.633176,0.8524,Mining
T45QUE,2021,1536,9696,22.462251,86.001669,0.8522,Mining
T45QUE,2021,5568,2496,22.092303,85.306447,0.8522,Mining
T45QUE,2021,5280,6912,22.122191,85.734175,0.8522,Mining
T45QUE,2021,384,1600,22.559486,85.213676,0.8521,Mining
T45QUE,2021,10592,1568,21.637663,85.222153,0.852,Mining
T45QUE,2021,544,2112,22.545583,85.263633,0.852,Mining
T45QUE,2021,3104,6048,22.318052,85.648539,0.852,Mining
T45QUE,2021,480,10048,22.557844,86.035216,0.8519,Mining
T45QUE,2021,1280,1856,22.478854,85.239589,0.8519,Mining
T45QUE,2021,1760,10048,22.442225,86.036017,0.8518,Mining
T45QUE,2021,5152,7648,22.13429,85.805425,0.8518,Mining
T45QUE,2021,4512,10752,22.194028,86.10601,0.8516,Mining
T45QUE,2021,3872,10336,22.251614,86.065275,0.8516,Mining
T45QUE,2021,4096,10400,22.231415,86.071619,0.8516,Mining
T45QUE,2021,3968,4192,22.238422,85.469234,0.8516,Mining
T45QUE,2021,3936,5824,22.242726,85.627529,0.8515,Mining
T45QUE,2021,4128,10528,22.228595,86.084057,0.8514,Mining
T45QUE,2021,480,6272,22.555222,85.668022,0.8514,Mining
T45QUE,2021,5152,6240,22.133233,85.668924,0.8514,Mining
T45QUE,2021,2560,3232,22.364669,85.374638,0.8513,Mining
T45QUE,2021,8256,6464,21.853049,85.69321,0.8512,Mining
T45QUE,2021,4096,10720,22.231589,86.102667,0.8512,Mining
T45QUE,2021,1728,10848,22.445561,86.113736,0.8512,Mining
T45QUE,2021,96,2784,22.58673,85.328473,0.8511,Mining
T45QUE,2021,2624,3616,22.35926,85.411986,0.8511,Mining
T45QUE,2021,10464,8448,21.655008,85.886719,0.8511,Mining
T45QUE,2021,3552,10432,22.280573,86.074401,0.851,Mining
T45QUE,2021,1920,8128,22.426552,85.849576,0.8509,Mining
T45QUE,2021,1728,7072,22.44313,85.746829,0.8509,Mining
T45QUE,2021,4608,8480,22.183998,85.885702,0.8508,Mining
T45QUE,2021,3584,6912,22.275376,85.732801,0.8508,Mining
T45QUE,2021,3392,3232,22.289535,85.375508,0.8508,Mining
T45QUE,2021,6912,7040,21.974878,85.747881,0.8507,Mining
T45QUE,2021,5504,7072,22.102078,85.749863,0.8506,Mining
T45QUE,2021,128,9088,22.589051,85.941614,0.8506,Mining
T45QUE,2021,2080,992,22.40568,85.156598,0.8506,Mining
T45QUE,2021,7648,3104,21.905061,85.367515,0.8505,Mining
T45QUE,2021,2592,1664,22.360179,85.222443,0.8505,Mining
T45QUE,2021,2944,7840,22.33386,85.822375,0.8504,Mining
T45QUE,2021,10528,4640,21.646353,85.518843,0.8504,Mining
T45QUE,2021,4352,5664,22.205022,85.612376,0.8504,Mining
T45QUE,2021,1952,1408,22.417694,85.196846,0.8504,Mining
T45QUE,2021,1728,608,22.437034,85.11888,0.8503,Mining
T45QUE,2021,6592,5984,22.002969,85.645347,0.8503,Mining
T45QUE,2021,3584,10656,22.277805,86.096161,0.8503,Mining
T45QUE,2021,3936,5440,22.242407,85.590274,0.8502,Mining
T45QUE,2021,6720,5952,21.991382,85.642357,0.8502,Mining
T45QUE,2021,2016,10848,22.419546,86.113901,0.8501,Mining
T45QUE,2021,7808,4512,21.891906,85.503931,0.8501,Mining
T45QUE,2021,4160,3328,22.220272,85.385619,0.8501,Mining
T45QUE,2021,2208,5984,22.398923,85.641542,0.85,Mining
T45QUE,2021,4160,1440,22.218352,85.202509,0.85,Mining
T45QUE,2021,6976,6720,21.968858,85.716944,0.8499,Mining
T45QUE,2021,416,1600,22.556596,85.213713,0.8498,Mining
T45QUE,2021,5504,8672,22.103191,85.90495,0.8498,Mining
T45QUE,2021,1440,1344,22.463856,85.19003,0.8498,Mining
T45QUE,2021,544,10016,22.552045,86.032144,0.8498,Mining
T45QUE,2021,8000,7584,21.876997,85.801385,0.8497,Mining
T45QUE,2021,7264,3456,21.940075,85.401193,0.8497,Mining
T45QUE,2021,7776,2528,21.892939,85.311909,0.8497,Mining
T45QUE,2021,5760,10016,22.080887,86.035387,0.8497,Mining
T45QUE,2021,1504,2976,22.459778,85.348656,0.8496,Mining
T45QUE,2021,4000,7200,22.238017,85.76108,0.8496,Mining
T45QUE,2021,4384,9088,22.204624,85.94452,0.8495,Mining
T45QUE,2021,3904,6624,22.246253,85.705118,0.8495,Mining
T45QUE,2021,8064,800,21.865133,85.145044,0.8495,Mining
T45QUE,2021,1184,9984,22.494217,86.029436,0.8495,Mining
T45QUE,2021,1280,10016,22.485564,86.032607,0.8494,Mining
T45QUE,2021,4192,10368,22.222725,86.068572,0.8493,Mining
T45QUE,2021,4128,3136,22.222976,85.366964,0.8492,Mining
T45QUE,2021,3648,6272,22.269099,85.670748,0.8492,Mining
T45QUE,2021,7136,5856,21.953732,85.63342,0.8491,Mining
T45QUE,2021,7392,3200,21.928272,85.376543,0.849,Mining
T45QUE,2021,1440,2976,22.465557,85.348587,0.8489,Mining
T45QUE,2021,2368,6112,22.384577,85.654113,0.8489,Mining
T45QUE,2021,7968,3584,21.876615,85.414288,0.8488,Mining
T45QUE,2021,7456,7712,21.926224,85.813366,0.8488,Mining
T45QUE,2021,3904,10880,22.249018,86.118083,0.8487,Mining
T45QUE,2021,3104,3328,22.315636,85.384525,0.8487,Mining
T45QUE,2021,5824,8768,22.074348,85.914476,0.8487,Mining
T45QUE,2021,320,7744,22.570795,85.811035,0.8485,Mining
T45QUE,2021,1248,9536,22.488168,85.98593,0.8485,Mining
T45QUE,2021,10528,4608,21.646326,85.515751,0.8485,Mining
T45QUE,2021,5280,10624,22.124584,86.094039,0.8485,Mining
T45QUE,2021,5824,6816,22.072983,85.72531,0.8484,Mining
T45QUE,2021,4032,6592,22.234667,85.70212,0.8484,Mining
T45QUE,2021,4864,7040,22.15986,85.74625,0.8484,Mining
T45QUE,2021,5568,2400,22.092206,85.297145,0.8484,Mining
T45QUE,2021,4064,9984,22.23407,86.031237,0.8483,Mining
T45QUE,2021,288,7744,22.573685,85.81101,0.8483,Mining
T45QUE,2021,3296,8640,22.302611,85.900296,0.8483,Mining
T45QUE,2021,2496,8320,22.374657,85.868651,0.8483,Mining
T45QUE,2021,4512,2976,22.188142,85.35185,0.8483,Mining
T45QUE,2021,5216,10368,22.130226,86.069181,0.8482,Mining
T45QUE,2021,2144,4672,22.403582,85.514055,0.8482,Mining
T45QUE,2021,1984,4768,22.418117,85.523226,0.8481,Mining
T45QUE,2021,5440,7104,22.107882,85.752914,0.8481,Mining
T45QUE,2021,864,1312,22.515831,85.186244,0.8481,Mining
T45QUE,2021,7008,3584,21.963315,85.413327,0.848,Mining
T45QUE,2021,5632,8544,22.091545,85.892633,0.848,Mining
T45QUE,2021,1248,10496,22.488728,86.079244,0.848,Mining
T45QUE,2021,3712,2208,22.259613,85.276497,0.848,Mining
T45QUE,2021,3296,9568,22.303197,85.990377,0.8479,Mining
T45QUE,2021,7392,3136,21.928211,85.370349,0.8479,Mining
T45QUE,2021,4128,10272,22.228453,86.059219,0.8478,Mining
T45QUE,2021,288,3712,22.570306,85.418915,0.8478,Mining
T45QUE,2021,4352,10304,22.208237,86.062459,0.8478,Mining
T45QUE,2021,6944,6752,21.971773,85.720017,0.8478,Mining
T45QUE,2021,3136,416,22.309685,85.101957,0.8477,Mining
T45QUE,2021,5088,2816,22.135968,85.336947,0.8477,Mining
T45QUE,2021,2336,10368,22.390378,86.067459,0.8477,Mining
T45QUE,2021,2016,8320,22.418013,85.8683,0.8475,Mining
T45QUE,2021,4896,4800,22.155156,85.529089,0.8475,Mining
T45QUE,2021,7584,3712,21.911414,85.426292,0.8475,Mining
T45QUE,2021,448,9824,22.560602,86.013411,0.8474,Mining
T45QUE,2021,544,1120,22.544513,85.167203,0.8474,Mining
T45QUE,2021,1920,10368,22.427955,86.067208,0.8473,Mining
T45QUE,2021,9376,5184,21.750863,85.570372,0.8473,Mining
T45QUE,2021,4064,3648,22.229247,85.416559,0.8473,Mining
T45QUE,2021,5248,9888,22.127063,86.022663,0.8472,Mining
T45QUE,2021,2368,4032,22.38277,85.45212,0.8471,Mining
T45QUE,2021,2048,10784,22.416621,86.107702,0.8471,Mining
T45QUE,2021,4224,1280,22.212401,85.187067,0.847,Mining
T45QUE,2021,5280,10816,22.124686,86.112654,0.8469,Mining
T45QUE,2021,6624,2336,21.99678,85.292088,0.8467,Mining
T45QUE,2021,7520,1856,21.915377,85.246601,0.8467,Mining
T45QUE,2021,3840,9920,22.254267,86.024888,0.8466,Mining
T45QUE,2021,8224,1760,21.851704,85.238092,0.8465,Mining
T45QUE,2021,7328,1824,21.932682,85.243292,0.8464,Mining
T45QUE,2021,5216,6720,22.127826,85.71551,0.8464,Mining
T45QUE,2021,1152,9504,22.496819,85.982756,0.8463,Mining
T45QUE,2021,0,2816,22.595431,85.33148,0.8463,Mining
T45QUE,2021,5536,3008,22.0957,85.356027,0.8463,Mining
T45QUE,2021,1024,1536,22.501627,85.2082,0.8462,Mining
T45QUE,2021,5248,10912,22.127627,86.121943,0.8461,Mining
T45QUE,2021,96,10176,22.592604,86.047425,0.8461,Mining
T45QUE,2021,2112,3456,22.405343,85.395922,0.8461,Mining
T45QUE,2021,4992,7456,22.148604,85.786687,0.8461,Mining
T45QUE,2021,5888,10560,22.069627,86.088187,0.8461,Mining
T45QUE,2021,3808,9952,22.257176,86.027973,0.8461,Mining
T45QUE,2021,7904,6944,21.885205,85.739374,0.8459,Mining
T45QUE,2021,4800,10528,22.167892,86.084451,0.8459,Mining
T45QUE,2021,2464,7392,22.376892,85.778502,0.8459,Mining
T45QUE,2021,5216,10848,22.130484,86.11572,0.8459,Mining
T45QUE,2021,6528,6528,22.009177,85.697983,0.8457,Mining
T45QUE,2021,800,9760,22.528769,86.007414,0.8457,Mining
T45QUE,2021,5024,4512,22.143341,85.501289,0.8457,Mining
T45QUE,2021,7456,3744,21.923004,85.429262,0.8456,Mining
T45QUE,2021,1344,5280,22.476364,85.572368,0.8455,Mining
T45QUE,2021,2080,2848,22.407636,85.33684,0.8455,Mining
T45QUE,2021,7072,2624,21.95661,85.320453,0.8455,Mining
T45QUE,2021,2272,10816,22.396405,86.110939,0.8454,Mining
T45QUE,2021,4480,10912,22.197003,86.121512,0.8454,Mining
T45QUE,2021,416,1088,22.556035,85.163939,0.8454,Mining
T45QUE,2021,2240,2816,22.393155,85.333904,0.8453,Mining
T45QUE,2021,6784,7392,21.986697,85.78187,0.8453,Mining
T45QUE,2021,3008,2272,22.323251,85.281929,0.8452,Mining
T45QUE,2021,7552,3584,21.914185,85.413872,0.8452,Mining
T45QUE,2021,192,5760,22.580812,85.617979,0.8452,Mining
T45QUE,2021,928,10912,22.517859,86.119498,0.8452,Mining
T45QUE,2021,6208,3424,22.035412,85.397024,0.8452,Mining
T45QUE,2021,4064,5280,22.230711,85.574869,0.8452,Mining
T45QUE,2021,4992,5824,22.14735,85.628455,0.8451,Mining
T45QUE,2021,4160,3168,22.220118,85.370101,0.8451,Mining
T45QUE,2021,9312,8448,21.75907,85.885918,0.845,Mining
T45QUE,2021,4736,4416,22.169266,85.491705,0.845,Mining
T45QUE,2021,6368,9408,22.025608,85.976855,0.845,Mining
T45QUE,2021,6752,2464,21.985349,85.30462,0.845,Mining
T45QUE,2021,3104,5536,22.31763,85.598839,0.8449,Mining
T45QUE,2021,2624,8224,22.36303,85.859422,0.8449,Mining
T45QUE,2021,1696,10208,22.448098,86.051525,0.8449,Mining
T45QUE,2021,4320,10112,22.211019,86.043813,0.8449,Mining
T45QUE,2021,8000,1152,21.871292,85.179023,0.8448,Mining
T45QUE,2021,3008,9760,22.329327,86.008831,0.8448,Mining
T45QUE,2021,4064,5728,22.231086,85.618329,0.8448,Mining
T45QUE,2021,768,9344,22.531405,85.966946,0.8448,Mining
T45QUE,2021,5504,3904,22.09944,85.442824,0.8448,Mining
T45QUE,2021,7968,3456,21.876496,85.401902,0.8448,Mining
T45QUE,2021,4064,1216,22.226779,85.180674,0.8447,Mining
T45QUE,2021,5504,10144,22.104085,86.047638,0.8447,Mining
T45QUE,2021,2816,3904,22.342192,85.440141,0.8447,Mining
T45QUE,2021,5760,7040,22.078931,85.746966,0.8446,Mining
T45QUE,2021,3584,10816,22.27789,86.11169,0.8446,Mining
T45QUE,2021,736,9152,22.534175,85.948256,0.8444,Mining
T45QUE,2021,9248,992,21.758424,85.164981,0.8443,Mining
T45QUE,2021,3584,10112,22.277502,86.043362,0.8443,Mining
T45QUE,2021,6176,4832,22.039581,85.533386,0.8443,Mining
T45QUE,2021,960,1248,22.507092,85.180137,0.8442,Mining
T45QUE,2021,5184,2784,22.127267,85.333947,0.8442,Mining
T45QUE,2021,1792,384,22.431,85.097203,0.8442,Mining
T45QUE,2021,5632,7072,22.090516,85.749965,0.8442,Mining
T45QUE,2021,2528,10528,22.373124,86.083114,0.8441,Mining
T45QUE,2021,7808,1088,21.888561,85.17261,0.844,Mining
T45QUE,2021,4608,10528,22.185236,86.084339,0.8439,Mining
T45QUE,2021,608,3776,22.541469,85.425466,0.8439,Mining
T45QUE,2021,1792,9824,22.439203,86.014272,0.8438,Mining
T45QUE,2021,4128,8736,22.227523,85.910196,0.8438,Mining
T45QUE,2021,10528,7552,21.648624,85.800188,0.8437,Mining
T45QUE,2021,1408,3296,22.468763,85.379645,0.8436,Mining
T45QUE,2021,5312,8416,22.120365,85.879998,0.8436,Mining
T45QUE,2021,352,1600,22.562375,85.213639,0.8436,Mining
T45QUE,2021,1152,9536,22.496839,85.985867,0.8435,Mining
T45QUE,2021,5344,6784,22.116313,85.721819,0.8435,Mining
T45QUE,2021,5440,4576,22.105828,85.507889,0.8435,Mining
T45QUE,2021,7616,1344,21.906172,85.197162,0.8435,Mining
T45QUE,2021,5440,10144,22.109866,86.047599,0.8434,Mining
T45QUE,2021,7968,3264,21.876314,85.383325,0.8433,Mining
T45QUE,2021,3040,7072,22.32463,85.74789,0.8433,Mining
T45QUE,2021,672,6976,22.538433,85.736636,0.8433,Mining
T45QUE,2021,6208,7168,22.038561,85.759723,0.8433,Mining
T45QUE,2021,9088,5216,21.776902,85.573208,0.8432,Mining
T45QUE,2021,2656,3968,22.356701,85.446194,0.8431,Mining
T45QUE,2021,4160,10272,22.225562,86.059239,0.843,Mining
T45QUE,2021,2048,10592,22.416517,86.089048,0.843,Mining
T45QUE,2021,5952,8512,22.062619,85.889757,0.8428,Mining
T45QUE,2021,8256,4864,21.85175,85.538408,0.8427,Mining
T45QUE,2021,6560,7040,22.006673,85.747602,0.8427,Mining
T45QUE,2021,7488,7712,21.923334,85.81339,0.8426,Mining
T45QUE,2021,3552,10784,22.280764,86.108566,0.8425,Mining
T45QUE,2021,7904,1376,21.880199,85.200585,0.8425,Mining
T45QUE,2021,6848,2400,21.976616,85.298527,0.8425,Mining
T45QUE,2021,4448,9984,22.199383,86.031475,0.8425,Mining
T45QUE,2021,192,7584,22.58224,85.795374,0.8425,Mining
T45QUE,2021,6112,8928,22.048435,85.930178,0.8425,Mining
T45QUE,2021,1888,9664,22.430436,85.998787,0.8425,Mining
T45QUE,2021,0,9568,22.600913,85.988219,0.8424,Mining
T45QUE,2021,6592,2432,21.999766,85.30135,0.8424,Mining
T45QUE,2021,5280,4320,22.120049,85.482923,0.8423,Mining
T45QUE,2021,7072,7392,21.960683,85.782092,0.8423,Mining
T45QUE,2021,7040,8000,21.963999,85.840942,0.8423,Mining
T45QUE,2021,2144,512,22.399363,85.110065,0.8422,Mining
T45QUE,2021,8128,576,21.859108,85.123451,0.8422,Mining
T45QUE,2021,5504,6080,22.101314,85.653715,0.8422,Mining
T45QUE,2021,8032,3552,21.870805,85.411255,0.8421,Mining
T45QUE,2021,384,960,22.558782,85.151458,0.8421,Mining
T45QUE,2021,5760,7328,22.079143,85.774876,0.8421,Mining
T45QUE,2021,4128,3072,22.222914,85.360756,0.842,Mining
T45QUE,2021,640,10656,22.543736,86.094439,0.842,Mining
T45QUE,2021,1952,10784,22.425293,86.107646,0.842,Mining
T45QUE,2021,7200,6816,21.948698,85.726421,0.8419,Mining
T45QUE,2021,7136,3744,21.951904,85.428945,0.8418,Mining
T45QUE,2021,384,6496,22.564071,85.689722,0.8418,Mining
T45QUE,2021,3872,9728,22.251264,86.006276,0.8418,Mining
T45QUE,2021,832,10208,22.526142,86.050993,0.8417,Mining
T45QUE,2021,224,3872,22.576237,85.434407,0.8417,Mining
T45QUE,2021,5280,4352,22.120078,85.486025,0.8417,Mining
T45QUE,2021,2432,3552,22.376537,85.405575,0.8417,Mining
T45QUE,2021,7424,8032,21.929335,85.844321,0.8416,Mining
T45QUE,2021,7968,1216,21.87425,85.185178,0.8416,Mining
T45QUE,2021,1536,6176,22.459771,85.659607,0.8416,Mining
T45QUE,2021,576,9408,22.548787,85.97304,0.8416,Mining
T45QUE,2021,6144,7072,22.044271,85.750372,0.8416,Mining
T45QUE,2021,10752,4576,21.626067,85.512867,0.8415,Mining
T45QUE,2021,9408,6304,21.748873,85.678684,0.8415,Mining
T45QUE,2021,5728,7296,22.08201,85.77175,0.8415,Mining
T45QUE,2021,4640,10752,22.182466,86.106084,0.8414,Mining
T45QUE,2021,3488,9376,22.285737,85.971866,0.8414,Mining
T45QUE,2021,2560,10784,22.370372,86.107997,0.8414,Mining
T45QUE,2021,2752,1280,22.345318,85.185352,0.8414,Mining
T45QUE,2021,10656,4608,21.634765,85.515869,0.8414,Mining
T45QUE,2021,10560,4640,21.643463,85.518872,0.8413,Mining
T45QUE,2021,5248,10720,22.127526,86.103328,0.8413,Mining
T45QUE,2021,6688,2528,21.991193,85.310749,0.8413,Mining
T45QUE,2021,7488,1568,21.917967,85.218694,0.8413,Mining
T45QUE,2021,5440,1056,22.102356,85.166768,0.8413,Mining
T45QUE,2021,6432,4800,22.016432,85.530525,0.8412,Mining
T45QUE,2021,7104,6560,21.957175,85.701556,0.8412,Mining
T45QUE,2021,1280,1088,22.478022,85.16497,0.8412,Mining
T45QUE,2021,672,10784,22.540915,86.106905,0.8411,Mining
T45QUE,2021,6656,8768,21.999194,85.915049,0.841,Mining
T45QUE,2021,2816,9792,22.346689,86.011816,0.8409,Mining
T45QUE,2021,4512,9952,22.193584,86.028411,0.8409,Mining
T45QUE,2021,5632,8992,22.091834,85.936055,0.8409,Mining
T45QUE,2021,6848,6720,21.98042,85.716841,0.8409,Mining
T45QUE,2021,736,5440,22.531411,85.587359,0.8407,Mining
T45QUE,2021,4992,9792,22.150132,86.013194,0.8406,Mining
T45QUE,2021,8000,5664,21.87554,85.615585,0.8406,Mining
T45QUE,2021,5504,3712,22.099262,85.424217,0.8406,Mining
T45QUE,2021,3648,8576,22.270775,85.894333,0.8406,Mining
T45QUE,2021,544,5952,22.549181,85.636964,0.8405,Mining
T45QUE,2021,4640,1856,22.175448,85.243393,0.8405,Mining
T45QUE,2021,6112,6784,22.046946,85.722443,0.8405,Mining
T45QUE,2021,4096,9920,22.231142,86.025048,0.8405,Mining
T45QUE,2021,32,2816,22.592542,85.331515,0.8405,Mining
T45QUE,2021,5472,4096,22.102506,85.4614,0.8404,Mining
T45QUE,2021,3360,10528,22.297969,86.083606,0.8404,Mining
T45QUE,2021,8960,6976,21.789845,85.743305,0.8404,Mining
T45QUE,2021,352,7328,22.5676,85.770604,0.8404,Mining
T45QUE,2021,6272,8064,22.033414,85.846579,0.8402,Mining
T45QUE,2021,2304,4096,22.388609,85.458271,0.8402,Mining
T45QUE,2021,7648,3744,21.905664,85.429453,0.8401,Mining
T45QUE,2021,5312,3808,22.116691,85.433329,0.84,Mining
T45QUE,2021,6816,3360,21.980443,85.391445,0.84,Mining
T45QUE,2021,1568,3808,22.454806,85.429556,0.8397,Mining
T45QUE,2021,4128,3296,22.223131,85.382482,0.8397,Mining
T45QUE,2021,6880,6496,21.977358,85.695175,0.8396,Mining
T45QUE,2021,224,9664,22.580739,85.997704,0.8395,Mining
T45QUE,2021,2496,768,22.367869,85.135346,0.8395,Mining
T45QUE,2021,800,10208,22.529032,86.050973,0.8395,Mining
T45QUE,2021,864,9728,22.522969,86.004344,0.8394,Mining
T45QUE,2021,5664,7232,22.087744,85.765497,0.8394,Mining
T45QUE,2021,5152,8160,22.134646,85.855064,0.8393,Mining
T45QUE,2021,7552,1600,21.912221,85.221863,0.8392,Mining
T45QUE,2021,7136,2240,21.950446,85.283348,0.8392,Mining
T45QUE,2021,3456,64,22.280388,85.068197,0.8391,Mining
T45QUE,2021,1760,10624,22.44255,86.091988,0.839,Mining
T45QUE,2021,3840,10400,22.25454,86.071467,0.839,Mining
T45QUE,2021,8992,7904,21.787613,85.833081,0.839,Mining
T45QUE,2021,7200,3712,21.946094,85.425911,0.8389,Mining
T45QUE,2021,7744,2592,21.895892,85.318068,0.8388,Mining
T45QUE,2021,2944,4032,22.330752,85.452695,0.8387,Mining
T45QUE,2021,1152,5568,22.49395,85.600181,0.8387,Mining
T45QUE,2021,4544,10752,22.191137,86.106029,0.8387,Mining
T45QUE,2021,5024,10624,22.147709,86.093891,0.8387,Mining
T45QUE,2021,4448,10016,22.199402,86.034579,0.8387,Mining
T45QUE,2021,1312,3136,22.477275,85.363997,0.8386,Mining
T45QUE,2021,1472,1312,22.460932,85.186959,0.8386,Mining
T45QUE,2021,5600,9920,22.095285,86.025983,0.8386,Mining
T45QUE,2021,896,10048,22.520268,86.035477,0.8385,Mining
T45QUE,2021,6784,6656,21.986152,85.71059,0.8385,Mining
T45QUE,2021,5536,3936,22.09658,85.445957,0.8385,Mining
T45QUE,2021,7968,5632,21.878404,85.61246,0.8385,Mining
T45QUE,2021,96,9024,22.5919,85.935366,0.8385,Mining
T45QUE,2021,2432,4576,22.377487,85.505009,0.8385,Mining
T45QUE,2021,5312,2688,22.115613,85.324779,0.8385,Mining
T45QUE,2021,9504,9248,21.742229,85.963403,0.8385,Mining
T45QUE,2021,1664,7104,22.448934,85.749886,0.8384,Mining
T45QUE,2021,1696,10016,22.447988,86.032868,0.8382,Mining
T45QUE,2021,7776,2496,21.892907,85.308813,0.8382,Mining
T45QUE,2021,7136,6656,21.954358,85.710877,0.8382,Mining
T45QUE,2021,4992,2880,22.144701,85.343049,0.8382,Mining
T45QUE,2021,128,10112,22.589676,86.04122,0.8382,Mining
T45QUE,2021,4960,10368,22.153351,86.069029,0.838,Mining
T45QUE,2021,6368,9664,22.025761,86.001657,0.838,Mining
T45QUE,2021,4384,10464,22.205435,86.077999,0.838,Mining
T45QUE,2021,2176,10336,22.404813,86.064254,0.8379,Mining
T45QUE,2021,4320,6912,22.208899,85.733398,0.8379,Mining
T45QUE,2021,7936,3392,21.879325,85.395678,0.8378,Mining
T45QUE,2021,3744,5664,22.259935,85.611835,0.8378,Mining
T45QUE,2021,9376,7744,21.752817,85.81789,0.8377,Mining
T45QUE,2021,5664,4192,22.085254,85.47089,0.8377,Mining
T45QUE,2021,6912,6144,21.974194,85.661115,0.8377,Mining
T45QUE,2021,5472,5536,22.103761,85.600961,0.8376,Mining
T45QUE,2021,7424,3744,21.925894,85.429231,0.8376,Mining
T45QUE,2021,4640,2240,22.175846,85.280624,0.8376,Mining
T45QUE,2021,576,8256,22.548033,85.861019,0.8375,Mining
T45QUE,2021,1088,10176,22.502999,86.04804,0.8374,Mining
T45QUE,2021,3104,3744,22.316033,85.424901,0.8374,Mining
T45QUE,2021,1376,9792,22.47676,86.010896,0.8374,Mining
T45QUE,2021,5472,10208,22.107012,86.053822,0.8374,Mining
T45QUE,2021,6624,5472,21.999662,85.595786,0.8373,Mining
T45QUE,2021,1024,1216,22.501278,85.177103,0.8372,Mining
T45QUE,2021,2688,3136,22.353016,85.365452,0.8371,Mining
T45QUE,2021,192,2240,22.577502,85.275681,0.8371,Mining
T45QUE,2021,7744,2144,21.895443,85.274717,0.837,Mining
T45QUE,2021,3520,6688,22.280985,85.71101,0.837,Mining
T45QUE,2021,4640,2048,22.175648,85.262008,0.837,Mining
T45QUE,2021,5184,10752,22.133324,86.106394,0.8369,Mining
T45QUE,2021,7328,3200,21.934052,85.376478,0.8369,Mining
T45QUE,2021,4640,10080,22.182095,86.040905,0.8368,Mining
T45QUE,2021,2656,6880,22.359168,85.728936,0.8367,Mining
T45QUE,2021,2816,6912,22.344741,85.732174,0.8366,Mining
T45QUE,2021,3296,5696,22.300423,85.614541,0.8364,Mining
T45QUE,2021,0,9600,22.600933,85.991332,0.8364,Mining
T45QUE,2021,4512,3008,22.188174,85.354953,0.8363,Mining
T45QUE,2021,2208,5344,22.398389,85.579382,0.8362,Mining
T45QUE,2021,1440,2784,22.465365,85.329933,0.8362,Mining
T45QUE,2021,2016,8288,22.417991,85.865191,0.8361,Mining
T45QUE,2021,1824,8160,22.435245,85.852614,0.8361,Mining
T45QUE,2021,7360,3488,21.931435,85.404387,0.836,Mining
T45QUE,2021,1408,3968,22.469405,85.44494,0.836,Mining
T45QUE,2021,7552,0,21.910475,85.067033,0.8359,Mining
T45QUE,2021,6720,2592,21.988367,85.31698,0.8359,Mining
T45QUE,2021,4288,3264,22.208651,85.379545,0.8358,Mining
T45QUE,2021,5504,2688,22.098274,85.324984,0.8358,Mining
T45QUE,2021,1312,5280,22.479254,85.572338,0.8358,Mining
T45QUE,2021,5536,10144,22.101194,86.047657,0.8358,Mining
T45QUE,2021,992,5216,22.508099,85.565821,0.8357,Mining
T45QUE,2021,3904,3648,22.243696,85.416397,0.8357,Mining
T45QUE,2021,4960,10048,22.153171,86.037998,0.8356,Mining
T45QUE,2021,7264,7936,21.943722,85.83491,0.8355,Mining
T45QUE,2021,160,3200,22.581367,85.368995,0.8355,Mining
T45QUE,2021,7616,8352,21.912207,85.875438,0.8355,Mining
T45QUE,2021,4032,6048,22.234237,85.649344,0.8354,Mining
T45QUE,2021,4352,10624,22.208413,86.093502,0.8354,Mining
T45QUE,2021,6112,3904,22.044531,85.443426,0.8353,Mining
T45QUE,2021,3840,5760,22.251344,85.621235,0.8353,Mining
T45QUE,2021,4640,2912,22.17652,85.345779,0.8353,Mining
T45QUE,2021,1440,4704,22.467189,85.516487,0.8353,Mining
T45QUE,2021,3776,6016,22.257333,85.646017,0.8352,Mining
T45QUE,2021,6912,2336,21.970772,85.292399,0.8351,Mining
T45QUE,2021,5920,7680,22.064943,85.80911,0.8351,Mining
T45QUE,2021,5440,9760,22.109645,86.010374,0.835,Mining
T45QUE,2021,5120,9792,22.138569,86.013275,0.8349,Mining
T45QUE,2021,3488,9312,22.285698,85.965654,0.8349,Mining
T45QUE,2021,7232,3776,21.943263,85.432138,0.8349,Mining
T45QUE,2021,7936,3552,21.879475,85.411159,0.8348,Mining
T45QUE,2021,5472,5984,22.104127,85.644383,0.8348,Mining
T45QUE,2021,1536,7104,22.460495,85.749782,0.8347,Mining
T45QUE,2021,4320,6208,22.208354,85.665112,0.8347,Mining
T45QUE,2021,7296,7936,21.940832,85.834933,0.8347,Mining
T45QUE,2021,2880,6944,22.338985,85.735333,0.8347,Mining
T45QUE,2021,576,4672,22.545188,85.512543,0.8347,Mining
T45QUE,2021,1856,2976,22.427991,85.349032,0.8346,Mining
T45QUE,2021,1696,9952,22.44795,86.026649,0.8346,Mining
T45QUE,2021,3904,2784,22.242858,85.332583,0.8345,Mining
T45QUE,2021,5088,10528,22.141876,86.084619,0.8345,Mining
T45QUE,2021,3040,9856,22.326493,86.018172,0.8344,Mining
T45QUE,2021,10688,4608,21.631875,85.515899,0.8344,Mining
T45QUE,2021,3904,9792,22.248411,86.012507,0.8344,Mining
T45QUE,2021,2528,9856,22.372741,86.017848,0.8343,Mining
T45QUE,2021,8320,3712,21.844944,85.427021,0.8343,Mining
T45QUE,2021,2944,4064,22.330782,85.455801,0.8342,Mining
T45QUE,2021,800,4832,22.525102,85.528313,0.8342,Mining
T45QUE,2021,64,9696,22.595211,86.000713,0.8342,Mining
T45QUE,2021,3456,7712,22.287524,85.810339,0.8341,Mining
T45QUE,2021,6624,1664,21.996089,85.227017,0.834,Mining
T45QUE,2021,1344,3136,22.474385,85.364031,0.834,Mining
T45QUE,2021,4128,7744,22.22685,85.813957,0.834,Mining
T45QUE,2021,3936,10016,22.245651,86.034263,0.8339,Mining
T45QUE,2021,7040,6624,21.963005,85.707701,0.8339,Mining
T45QUE,2021,5920,7488,22.064806,85.790505,0.8339,Mining
T45QUE,2021,5920,6496,22.064067,85.69438,0.8338,Mining
T45QUE,2021,8224,2464,21.852418,85.306194,0.8337,Mining
T45QUE,2021,1952,5216,22.421399,85.566713,0.8337,Mining
T45QUE,2021,6144,8000,22.044932,85.840284,0.8337,Mining
T45QUE,2021,3136,384,22.309648,85.098852,0.8336,Mining
T45QUE,2021,10688,4640,21.631902,85.51899,0.8336,Mining
T45QUE,2021,768,5440,22.528521,85.587388,0.8336,Mining
T45QUE,2021,1856,10112,22.433591,86.042296,0.8336,Mining
T45QUE,2021,2656,8032,22.360008,85.840801,0.8335,Mining
T45QUE,2021,6944,3904,21.969391,85.444246,0.8335,Mining
T45QUE,2021,672,5504,22.537246,85.593522,0.8334,Mining
T45QUE,2021,6688,2432,21.991097,85.301453,0.8333,Mining
T45QUE,2021,128,3200,22.584256,85.368961,0.8333,Mining
T45QUE,2021,2752,3744,22.347822,85.424544,0.8333,Mining
T45QUE,2021,6720,2464,21.988239,85.304586,0.8332,Mining
T45QUE,2021,9504,6848,21.740613,85.731357,0.8332,Mining
T45QUE,2021,7072,6400,21.959942,85.686038,0.8331,Mining
T45QUE,2021,7712,7776,21.903145,85.819752,0.8331,Mining
T45QUE,2021,6688,10400,21.997273,86.073151,0.8331,Mining
T45QUE,2021,5088,4352,22.137418,85.48584,0.8331,Mining
T45QUE,2021,9248,864,21.758287,85.152608,0.8331,Mining
T45QUE,2021,1312,10144,22.482748,86.045068,0.833,Mining
T45QUE,2021,3648,3296,22.266479,85.381985,0.833,Mining
T45QUE,2021,4672,3008,22.173725,85.355121,0.8329,Mining
T45QUE,2021,448,4928,22.556976,85.53731,0.8328,Mining
T45QUE,2021,1472,10784,22.468651,86.107369,0.8328,Mining
T45QUE,2021,6720,1664,21.98742,85.227125,0.8328,Mining
T45QUE,2021,2208,5920,22.398871,85.635326,0.8328,Mining
T45QUE,2021,6816,7904,21.984167,85.831481,0.8327,Mining
T45QUE,2021,0,3328,22.595941,85.381273,0.8327,Mining
T45QUE,2021,5440,8544,22.108888,85.892497,0.8327,Mining
T45QUE,2021,6848,2496,21.976712,85.307822,0.8327,Mining
T45QUE,2021,832,5600,22.522877,85.603,0.8326,Mining
T45QUE,2021,3360,5632,22.294589,85.608387,0.8326,Mining
T45QUE,2021,64,3136,22.589972,85.362669,0.8326,Mining
T45QUE,2021,4416,10560,22.202597,86.08733,0.8326,Mining
T45QUE,2021,7680,8384,21.906447,85.878581,0.8326,Mining
T45QUE,2021,128,2976,22.584034,85.347178,0.8325,Mining
T45QUE,2021,6144,10528,22.046484,86.085234,0.8325,Mining
T45QUE,2021,3776,10496,22.260374,86.080745,0.8324,Mining
T45QUE,2021,5696,5888,22.083818,85.635273,0.8323,Mining
T45QUE,2021,3296,8928,22.302799,85.928252,0.8322,Mining
T45QUE,2021,3936,10912,22.246144,86.121206,0.8322,Mining
T45QUE,2021,480,5760,22.554802,85.618238,0.8322,Mining
T45QUE,2021,10752,4608,21.626094,85.515958,0.8322,Mining
T45QUE,2021,1056,9984,22.505779,86.029355,0.8321,Mining
T45QUE,2021,6592,3552,22.000854,85.40981,0.8321,Mining
T45QUE,2021,7808,928,21.888389,85.15713,0.832,Mining
T45QUE,2021,4192,8736,22.221742,85.910241,0.832,Mining
T45QUE,2021,5408,2528,22.106784,85.309376,0.8319,Mining
T45QUE,2021,3456,4480,22.284922,85.496678,0.8319,Mining
T45QUE,2021,0,2528,22.595138,85.303473,0.8319,Mining
T45QUE,2021,0,9120,22.600633,85.944638,0.8319,Mining
T45QUE,2021,7008,3776,21.963493,85.431916,0.8318,Mining
T45QUE,2021,4864,10592,22.162145,86.090695,0.8318,Mining
T45QUE,2021,3520,6112,22.280531,85.655111,0.8318,Mining
T45QUE,2021,7136,2432,21.95064,85.301934,0.8317,Mining
T45QUE,2021,2304,2944,22.387504,85.346403,0.8317,Mining
T45QUE,2021,6656,5952,21.997163,85.642302,0.8317,Mining
T45QUE,2021,3296,7808,22.302044,85.819535,0.8316,Mining
T45QUE,2021,5824,8000,22.073837,85.840048,0.8315,Mining
T45QUE,2021,2944,9824,22.335146,86.015005,0.8315,Mining
T45QUE,2021,5408,9760,22.112535,86.010354,0.8315,Mining
T45QUE,2021,4736,10112,22.173441,86.044068,0.8314,Mining
T45QUE,2021,8352,6784,21.844621,85.724249,0.8314,Mining
T45QUE,2021,5280,6080,22.121545,85.653523,0.8312,Mining
T45QUE,2021,6624,2368,21.996812,85.295187,0.8311,Mining
T45QUE,2021,2464,1696,22.371771,85.225403,0.8311,Mining
T45QUE,2021,4320,6240,22.208379,85.668216,0.8311,Mining
T45QUE,2021,9024,4960,21.782467,85.548395,0.831,Mining
T45QUE,2021,3296,5664,22.300396,85.611436,0.831,Mining
T45QUE,2021,704,1728,22.530729,85.226489,0.8308,Mining
T45QUE,2021,5312,4416,22.117245,85.492259,0.8307,Mining
T45QUE,2021,6528,7616,22.00998,85.80337,0.8307,Mining
T45QUE,2021,1120,7840,22.498607,85.820985,0.8306,Mining
T45QUE,2021,6912,1984,21.970414,85.25832,0.8306,Mining
T45QUE,2021,6560,3776,22.003953,85.431471,0.8306,Mining
T45QUE,2021,832,32,22.51727,85.06181,0.8306,Mining
T45QUE,2021,2880,10336,22.341221,86.064679,0.8305,Mining
T45QUE,2021,4384,10208,22.205292,86.053165,0.8305,Mining
T45QUE,2021,4768,10528,22.170782,86.084432,0.8304,Mining
T45QUE,2021,4352,10848,22.208532,86.115232,0.8304,Mining
T45QUE,2021,768,10208,22.531923,86.050954,0.8304,Mining
T45QUE,2021,4480,9952,22.196474,86.028391,0.8303,Mining
T45QUE,2021,7488,1728,21.918134,85.234178,0.8303,Mining
T45QUE,2021,1472,7072,22.466252,85.746621,0.8302,Mining
T45QUE,2021,5376,7648,22.114057,85.805596,0.8302,Mining
T45QUE,2021,5568,10080,22.098267,86.041473,0.8302,Mining
T45QUE,2021,4128,3168,22.223007,85.370067,0.8301,Mining
T45QUE,2021,3712,9696,22.265697,86.003069,0.8301,Mining
T45QUE,2021,5152,7616,22.134267,85.802323,0.83,Mining
T45QUE,2021,4768,2848,22.164898,85.33971,0.83,Mining
T45QUE,2021,4992,6240,22.147685,85.668788,0.83,Mining
T45QUE,2021,6240,9248,22.037073,85.961269,0.8299,Mining
T45QUE,2021,6240,7552,22.035948,85.796951,0.8299,Mining
T45QUE,2021,1152,1184,22.489686,85.174145,0.8299,Mining
T45QUE,2021,6912,2048,21.970479,85.264516,0.8299,Mining
T45QUE,2021,5088,8160,22.140426,85.855018,0.8298,Mining
T45QUE,2021,2720,1024,22.347927,85.160465,0.8298,Mining
T45QUE,2021,7488,3232,21.919633,85.379739,0.8298,Mining
T45QUE,2021,3904,6592,22.246228,85.702013,0.8298,Mining
T45QUE,2021,3552,6112,22.277641,85.655139,0.8297,Mining
T45QUE,2021,6112,8896,22.048415,85.927078,0.8297,Mining
T45QUE,2021,1152,7328,22.495345,85.771243,0.8296,Mining
T45QUE,2021,4160,10496,22.225687,86.080971,0.8296,Mining
T45QUE,2021,3936,7616,22.244101,85.801391,0.8296,Mining
T45QUE,2021,7680,8576,21.906573,85.897166,0.8296,Mining
T45QUE,2021,4832,4352,22.160538,85.485592,0.8296,Mining
T45QUE,2021,2944,4128,22.330841,85.462014,0.8295,Mining
T45QUE,2021,3520,5920,22.280376,85.636479,0.8295,Mining
T45QUE,2021,5472,2176,22.100648,85.275334,0.8294,Mining
T45QUE,2021,3616,6880,22.272461,85.729721,0.8294,Mining
T45QUE,2021,3616,6944,22.272509,85.735932,0.8294,Mining
T45QUE,2021,5376,3808,22.110911,85.433393,0.8294,Mining
T45QUE,2021,7616,1504,21.906341,85.212645,0.8293,Mining
T45QUE,2021,7776,4576,21.894852,85.510095,0.8293,Mining
T45QUE,2021,4864,8640,22.16098,85.9014,0.8293,Mining
T45QUE,2021,4640,8128,22.18087,85.851587,0.8293,Mining
T45QUE,2021,7840,6976,21.89101,85.74242,0.8292,Mining
T45QUE,2021,3008,10880,22.329955,86.117575,0.8291,Mining
T45QUE,2021,7584,8416,21.91514,85.88161,0.8291,Mining
T45QUE,2021,3520,2720,22.277471,85.325963,0.829,Mining
T45QUE,2021,672,10080,22.54052,86.038448,0.829,Mining
T45QUE,2021,4320,10848,22.211423,86.115214,0.8289,Mining
T45QUE,2021,8384,3744,21.839193,85.43018,0.8289,Mining
T45QUE,2021,800,5632,22.525794,85.606082,0.8289,Mining
T45QUE,2021,4608,3008,22.179504,85.355054,0.8289,Mining
T45QUE,2021,3776,10528,22.260391,86.083851,0.8289,Mining
T45QUE,2021,2656,5408,22.357983,85.586007,0.8288,Mining
T45QUE,2021,2048,7424,22.414489,85.781282,0.8288,Mining
T45QUE,2021,6272,3040,22.029264,85.359895,0.8287,Mining
T45QUE,2021,6880,7360,21.978002,85.778845,0.8287,Mining
T45QUE,2021,6144,7968,22.04491,85.837184,0.8287,Mining
T45QUE,2021,416,3072,22.558123,85.356822,0.8287,Mining
T45QUE,2021,1536,736,22.454514,85.13108,0.8287,Mining
T45QUE,2021,3072,7072,22.32174,85.747916,0.8286,Mining
T45QUE,2021,5600,9792,22.095211,86.013576,0.8286,Mining
T45QUE,2021,3808,4960,22.253557,85.543588,0.8286,Mining
T45QUE,2021,1664,704,22.442921,85.128127,0.8285,Mining
T45QUE,2021,1984,10848,22.422437,86.113883,0.8285,Mining
T45QUE,2021,1600,512,22.448482,85.1094,0.8285,Mining
T45QUE,2021,4224,1312,22.212435,85.19017,0.8284,Mining
T45QUE,2021,1536,1280,22.455118,85.183926,0.8284,Mining
T45QUE,2021,6752,10368,21.991474,86.070089,0.8284,Mining
T45QUE,2021,5728,4192,22.079474,85.470953,0.8284,Mining
T45QUE,2021,544,2016,22.545482,85.254301,0.8283,Mining
T45QUE,2021,2720,672,22.347536,85.126297,0.8282,Mining
T45QUE,2021,7008,3616,21.963344,85.416425,0.8282,Mining
T45QUE,2021,7072,7456,21.960729,85.788289,0.8282,Mining
T45QUE,2021,1728,4192,22.440715,85.467023,0.8282,Mining
T45QUE,2021,6016,6720,22.055568,85.716164,0.8282,Mining
T45QUE,2021,5152,8384,22.134796,85.876782,0.8281,Mining
T45QUE,2021,8352,3776,21.842113,85.433244,0.8281,Mining
T45QUE,2021,832,960,22.518331,85.151996,0.828,Mining
T45QUE,2021,7392,3168,21.928241,85.373446,0.828,Mining
T45QUE,2021,5728,7040,22.081822,85.74694,0.828,Mining
T45QUE,2021,7936,6656,21.882099,85.711528,0.828,Mining
T45QUE,2021,1760,4192,22.437825,85.467055,0.828,Mining
T45QUE,2021,3936,10048,22.245669,86.037368,0.8279,Mining
T45QUE,2021,0,7552,22.599558,85.792111,0.8278,Mining
T45QUE,2021,5056,10272,22.144626,86.059777,0.8278,Mining
T45QUE,2021,7616,3744,21.908554,85.429421,0.8278,Mining
T45QUE,2021,0,4672,22.597206,85.511985,0.8277,Mining
T45QUE,2021,4096,6592,22.228887,85.702173,0.8276,Mining
T45QUE,2021,512,9120,22.554387,85.94499,0.8275,Mining
T45QUE,2021,2496,10688,22.376102,86.098636,0.8275,Mining
T45QUE,2021,6880,3648,21.974934,85.419395,0.8274,Mining
T45QUE,2021,6624,3744,21.998143,85.428436,0.8274,Mining
T45QUE,2021,1152,7840,22.495717,85.82101,0.8274,Mining
T45QUE,2021,5536,8512,22.100196,85.889463,0.8274,Mining
T45QUE,2021,7136,7328,21.954856,85.775944,0.8273,Mining
T45QUE,2021,3232,10752,22.309653,86.105276,0.8272,Mining
T45QUE,2021,3424,4576,22.287898,85.505964,0.8272,Mining
T45QUE,2021,5472,5952,22.104101,85.641281,0.8272,Mining
T45QUE,2021,928,9568,22.517091,85.98883,0.8271,Mining
T45QUE,2021,5312,4384,22.117217,85.489157,0.8271,Mining
T45QUE,2021,5440,8576,22.108909,85.895599,0.827,Mining
T45QUE,2021,3776,8160,22.258933,85.854056,0.8269,Mining
T45QUE,2021,8704,6880,21.812898,85.733817,0.8269,Mining
T45QUE,2021,6880,1504,21.972804,85.211814,0.8269,Mining
T45QUE,2021,768,1152,22.524323,85.17058,0.8269,Mining
T45QUE,2021,1056,3552,22.500798,85.404155,0.8268,Mining
T45QUE,2021,6976,2624,21.96528,85.320351,0.8268,Mining
T45QUE,2021,6272,6176,22.032024,85.663672,0.8268,Mining
T45QUE,2021,7776,4512,21.894796,85.503901,0.8267,Mining
T45QUE,2021,10272,5696,21.670355,85.620645,0.8267,Mining
T45QUE,2021,4608,1600,22.178069,85.218537,0.8267,Mining
T45QUE,2021,928,3104,22.511919,85.360479,0.8266,Mining
T45QUE,2021,6944,1440,21.966957,85.20569,0.8266,Mining
T45QUE,2021,5824,3104,22.069784,85.365629,0.8265,Mining
T45QUE,2021,7264,6944,21.943013,85.738865,0.8265,Mining
T45QUE,2021,5600,7232,22.093525,85.765447,0.8265,Mining
T45QUE,2021,3040,3744,22.321813,85.424836,0.8264,Mining
T45QUE,2021,6592,6176,22.003122,85.663943,0.8264,Mining
T45QUE,2021,5568,9824,22.09812,86.016658,0.8264,Mining
T45QUE,2021,320,1472,22.565126,85.201157,0.8264,Mining
T45QUE,2021,2464,864,22.370865,85.144628,0.8263,Mining
T45QUE,2021,4160,9984,22.225398,86.031297,0.8263,Mining
T45QUE,2021,6848,6080,21.979923,85.654863,0.8262,Mining
T45QUE,2021,6560,3968,22.00413,85.450066,0.8262,Mining
T45QUE,2021,6112,7520,22.047487,85.793753,0.8261,Mining
T45QUE,2021,7072,8288,21.961303,85.868854,0.8261,Mining
T45QUE,2021,3008,4864,22.325723,85.53352,0.8259,Mining
T45QUE,2021,3328,3296,22.295377,85.381652,0.8259,Mining
T45QUE,2021,4000,3552,22.234936,85.407182,0.8259,Mining
T45QUE,2021,6624,8896,22.002166,85.927426,0.8259,Mining
T45QUE,2021,5472,9152,22.106387,85.951456,0.8258,Mining
T45QUE,2021,3072,3328,22.318526,85.384491,0.8258,Mining
T45QUE,2021,6816,6688,21.983286,85.713716,0.8258,Mining
T45QUE,2021,1856,8064,22.432288,85.84331,0.8257,Mining
T45QUE,2021,4352,8608,22.207206,85.897936,0.8257,Mining
T45QUE,2021,1472,6432,22.465756,85.684428,0.8256,Mining
T45QUE,2021,5216,7904,22.128689,85.830293,0.8254,Mining
T45QUE,2021,7168,9184,21.953206,85.955682,0.8254,Mining
T45QUE,2021,3904,5760,22.245563,85.621291,0.8254,Mining
T45QUE,2021,1696,9984,22.447969,86.029758,0.8254,Mining
T45QUE,2021,2144,6304,22.404962,85.672568,0.8254,Mining
T45QUE,2021,896,1952,22.51363,85.248481,0.8252,Mining
T45QUE,2021,3584,10912,22.277941,86.121008,0.8252,Mining
T45QUE,2021,1184,8160,22.493051,85.852138,0.8251,Mining
T45QUE,2021,3744,10656,22.263352,86.096254,0.825,Mining
T45QUE,2021,6272,5376,22.031374,85.586173,0.825,Mining
T45QUE,2021,4960,8512,22.152224,85.889056,0.825,Mining
T45QUE,2021,1056,1088,22.498248,85.164703,0.825,Mining
T45QUE,2021,1792,10752,22.439729,86.104444,0.8249,Mining
T45QUE,2021,5824,9600,22.074863,85.995109,0.8249,Mining
T45QUE,2021,4288,9984,22.213836,86.031376,0.8249,Mining
T45QUE,2021,5824,5632,22.072049,85.610577,0.8249,Mining
T45QUE,2021,4320,8384,22.209948,85.876185,0.8248,Mining
T45QUE,2021,4128,10464,22.22856,86.077848,0.8248,Mining
T45QUE,2021,7424,2496,21.924695,85.308437,0.8248,Mining
T45QUE,2021,8000,7520,21.876951,85.795192,0.8248,Mining
T45QUE,2021,6080,5888,22.049136,85.635606,0.8248,Mining
T45QUE,2021,6112,8000,22.047823,85.840261,0.8248,Mining
T45QUE,2021,2464,6688,22.376362,85.710133,0.8248,Mining
T45QUE,2021,5760,5632,22.077829,85.610521,0.8248,Mining
T45QUE,2021,3520,9792,22.283097,86.012264,0.8247,Mining
T45QUE,2021,5728,5536,22.08064,85.601189,0.8247,Mining
T45QUE,2021,2944,4096,22.330811,85.458907,0.8247,Mining
T45QUE,2021,2304,6048,22.390305,85.647842,0.8247,Mining
T45QUE,2021,10304,4384,21.666362,85.493901,0.8247,Mining
T45QUE,2021,5696,10304,22.086831,86.063262,0.8246,Mining
T45QUE,2021,7488,3680,21.920054,85.4231,0.8246,Mining
T45QUE,2021,8192,1824,21.854659,85.244248,0.8246,Mining
T45QUE,2021,8672,8288,21.816777,85.869993,0.8246,Mining
T45QUE,2021,8864,2656,21.79481,85.32544,0.8245,Mining
T45QUE,2021,6816,7392,21.983806,85.781895,0.8245,Mining
T45QUE,2021,5472,6048,22.104178,85.650586,0.8244,Mining
T45QUE,2021,1952,7552,22.423253,85.793642,0.8244,Mining
T45QUE,2021,7712,8576,21.903682,85.897188,0.8243,Mining
T45QUE,2021,2560,3552,22.364978,85.405707,0.8243,Mining
T45QUE,2021,6688,3552,21.992184,85.409907,0.8242,Mining
T45QUE,2021,2336,10336,22.39036,86.064351,0.8241,Mining
T45QUE,2021,2080,5952,22.410457,85.638321,0.824,Mining
T45QUE,2021,928,3648,22.512449,85.413353,0.824,Mining
T45QUE,2021,4992,9760,22.150113,86.010091,0.824,Mining
T45QUE,2021,96,6304,22.589928,85.670801,0.824,Mining
T45QUE,2021,1408,3520,22.46898,85.40141,0.8239,Mining
T45QUE,2021,4480,10784,22.196936,86.109096,0.8239,Mining
T45QUE,2021,3008,7040,22.327497,85.744757,0.8239,Mining
T45QUE,2021,7424,6400,21.928149,85.68633,0.8239,Mining
T45QUE,2021,416,10496,22.563881,86.078746,0.8239,Mining
T45QUE,2021,10720,4608,21.628985,85.515928,0.8239,Mining
T45QUE,2021,2944,4768,22.331418,85.52414,0.8238,Mining
T45QUE,2021,1952,8320,22.423793,85.868253,0.8238,Mining
T45QUE,2021,6944,5696,21.970944,85.617761,0.8237,Mining
T45QUE,2021,7520,1888,21.91541,85.249698,0.8237,Mining
T45QUE,2021,5056,9888,22.144407,86.022543,0.8237,Mining
T45QUE,2021,4896,8608,22.158068,85.898319,0.8236,Mining
T45QUE,2021,5472,10112,22.106957,86.044516,0.8236,Mining
T45QUE,2021,800,5376,22.525577,85.581196,0.8235,Mining
T45QUE,2021,352,3520,22.564341,85.400312,0.8235,Mining
T45QUE,2021,4768,4224,22.166202,85.47312,0.8235,Mining
T45QUE,2021,320,3424,22.567138,85.390945,0.8235,Mining
T45QUE,2021,3968,1280,22.235517,85.186769,0.8234,Mining
T45QUE,2021,3360,3264,22.292456,85.37858,0.8234,Mining
T45QUE,2021,1024,928,22.500959,85.149117,0.8233,Mining
T45QUE,2021,9088,5248,21.776929,85.576303,0.8232,Mining
T45QUE,2021,7296,8128,21.940963,85.853523,0.8232,Mining
T45QUE,2021,1984,8352,22.420925,85.871385,0.8231,Mining
T45QUE,2021,6496,64,22.005899,85.07194,0.8231,Mining
T45QUE,2021,5248,4448,22.123054,85.495299,0.823,Mining
T45QUE,2021,9344,928,21.749687,85.158905,0.8229,Mining
T45QUE,2021,8000,3744,21.873874,85.429801,0.8229,Mining
T45QUE,2021,1888,10912,22.431143,86.120046,0.8228,Mining
T45QUE,2021,6720,9568,21.993907,85.992581,0.8228,Mining
T45QUE,2021,4704,10208,22.176386,86.053359,0.8228,Mining
T45QUE,2021,4384,8608,22.204316,85.897959,0.8228,Mining
T45QUE,2021,2880,9984,22.34102,86.0305,0.8227,Mining
T45QUE,2021,2976,4768,22.328528,85.524171,0.8227,Mining
T45QUE,2021,5504,6912,22.101958,85.734355,0.8226,Mining
T45QUE,2021,3712,5376,22.262584,85.583862,0.8226,Mining
T45QUE,2021,0,672,22.593129,85.12299,0.8225,Mining
T45QUE,2021,224,224,22.57239,85.079709,0.8225,Mining
T45QUE,2021,6080,8800,22.051244,85.917754,0.8225,Mining
T45QUE,2021,9248,8768,21.765057,85.916819,0.8224,Mining
T45QUE,2021,4608,10272,22.185094,86.059508,0.8224,Mining
T45QUE,2021,3456,7744,22.287547,85.813445,0.8224,Mining
T45QUE,2021,2464,7360,22.376869,85.775394,0.8223,Mining
T45QUE,2021,5888,2080,22.062983,85.26649,0.8223,Mining
T45QUE,2021,7264,3712,21.940314,85.425974,0.8221,Mining
T45QUE,2021,1440,6432,22.468646,85.684401,0.8221,Mining
T45QUE,2021,1664,1280,22.44356,85.184076,0.8221,Mining
T45QUE,2021,7968,3296,21.876345,85.386421,0.8221,Mining
T45QUE,2021,7040,9152,21.964749,85.952499,0.8221,Mining
T45QUE,2021,3040,9728,22.326417,86.005745,0.822,Mining
T45QUE,2021,5600,8864,22.094643,85.923627,0.822,Mining
T45QUE,2021,2368,1408,22.380131,85.19733,0.8219,Mining
T45QUE,2021,8160,2464,21.858197,85.306126,0.8219,Mining
T45QUE,2021,2976,8384,22.331345,85.875214,0.8218,Mining
T45QUE,2021,7456,3200,21.922492,85.376609,0.8216,Mining
T45QUE,2021,2464,1600,22.371669,85.216083,0.8216,Mining
T45QUE,2021,2400,7520,22.382766,85.790883,0.8216,Mining
T45QUE,2021,8160,576,21.856219,85.123488,0.8215,Mining
T45QUE,2021,5184,10848,22.133375,86.115702,0.8215,Mining
T45QUE,2021,5728,5984,22.081005,85.644603,0.8215,Mining
T45QUE,2021,2304,2784,22.387344,85.330866,0.8215,Mining
T45QUE,2021,5344,2688,22.112723,85.324813,0.8214,Mining
T45QUE,2021,192,2560,22.577833,85.306796,0.8214,Mining
T45QUE,2021,5024,1600,22.140504,85.21901,0.8214,Mining
T45QUE,2021,4416,10176,22.202384,86.05008,0.8213,Mining
T45QUE,2021,640,1920,22.536712,85.245079,0.8213,Mining
T45QUE,2021,2048,10880,22.416673,86.117028,0.8213,Mining
T45QUE,2021,2016,4416,22.414911,85.489066,0.8212,Mining
T45QUE,2021,6272,3424,22.029632,85.397089,0.8212,Mining
T45QUE,2021,5440,4288,22.10557,85.479976,0.8211,Mining
T45QUE,2021,64,10816,22.595852,86.109664,0.8211,Mining
T45QUE,2021,3360,3232,22.292425,85.375475,0.821,Mining
T45QUE,2021,5792,3072,22.072643,85.362495,0.821,Mining
T45QUE,2021,1408,9856,22.473908,86.017136,0.821,Mining
T45QUE,2021,5792,9856,22.077904,86.0199,0.8209,Mining
T45QUE,2021,6304,8416,22.030761,85.880705,0.8208,Mining
T45QUE,2021,6720,5984,21.991408,85.645456,0.8208,Mining
T45QUE,2021,2848,3936,22.339332,85.44328,0.8208,Mining
T45QUE,2021,8032,3392,21.870655,85.395775,0.8208,Mining
T45QUE,2021,4960,2688,22.147401,85.324403,0.8208,Mining
T45QUE,2021,5248,7840,22.125754,85.824112,0.8208,Mining
T45QUE,2021,3328,5696,22.297533,85.61457,0.8207,Mining
T45QUE,2021,3456,9568,22.288745,85.990481,0.8207,Mining
T45QUE,2021,192,2336,22.577602,85.285016,0.8207,Mining
T45QUE,2021,4544,10304,22.190893,86.062574,0.8207,Mining
T45QUE,2021,7552,1792,21.912421,85.240443,0.8207,Mining
T45QUE,2021,0,1120,22.593633,85.166553,0.8206,Mining
T45QUE,2021,2592,1280,22.359766,85.185165,0.8206,Mining
T45QUE,2021,1312,288,22.474229,85.087284,0.8206,Mining
T45QUE,2021,640,10784,22.543805,86.106886,0.8205,Mining
T45QUE,2021,4864,10080,22.161861,86.041043,0.8205,Mining
T45QUE,2021,3104,352,22.312501,85.095707,0.8204,Mining
T45QUE,2021,2464,3392,22.373494,85.390073,0.8204,Mining
T45QUE,2021,4576,8512,22.18691,85.888783,0.8203,Mining
T45QUE,2021,5056,4128,22.140105,85.464094,0.8203,Mining
T45QUE,2021,1952,10816,22.42531,86.110755,0.8202,Mining
T45QUE,2021,2464,3424,22.373525,85.39318,0.8202,Mining
T45QUE,2021,6752,5920,21.988467,85.639286,0.8202,Mining
T45QUE,2021,2272,10240,22.396087,86.054987,0.8202,Mining
T45QUE,2021,0,10112,22.601238,86.04114,0.8202,Mining
T45QUE,2021,6912,2464,21.9709,85.304792,0.8202,Mining
T45QUE,2021,3936,6592,22.243338,85.70204,0.8202,Mining
T45QUE,2021,5024,9120,22.146834,85.948054,0.8201,Mining
T45QUE,2021,10400,4576,21.657859,85.512541,0.8201,Mining
T45QUE,2021,1472,6400,22.465731,85.681319,0.8201,Mining
T45QUE,2021,3488,8992,22.285497,85.934596,0.8201,Mining
T45QUE,2021,5600,10080,22.095377,86.041492,0.8201,Mining
T45QUE,2021,5152,7744,22.134358,85.814733,0.82,Mining
T45QUE,2021,4288,7040,22.211886,85.745788,0.82,Mining
T45QUE,2021,5792,10016,22.077997,86.035407,0.82,Mining
T45QUE,2021,1952,1312,22.41759,85.187522,0.82,Mining
T45QUE,2021,5824,6624,22.072837,85.706704,0.8199,Mining
T45QUE,2021,4032,10048,22.236998,86.037427,0.8199,Mining
T45QUE,2021,8032,896,21.868127,85.154294,0.8198,Mining
T45QUE,2021,7392,3744,21.928784,85.429199,0.8197,Mining
T45QUE,2021,5280,7648,22.122728,85.805523,0.8196,Mining
T45QUE,2021,992,9632,22.51135,85.995094,0.8196,Mining
T45QUE,2021,1632,512,22.445593,85.109439,0.8195,Mining
T45QUE,2021,160,6944,22.584651,85.733102,0.8194,Mining
T45QUE,2021,5408,4160,22.108345,85.46754,0.8194,Mining
T45QUE,2021,5408,10784,22.113107,86.109624,0.8194,Mining
T45QUE,2021,5600,5984,22.092566,85.644493,0.8193,Mining
T45QUE,2021,1536,2976,22.456888,85.34869,0.8192,Mining
T45QUE,2021,5888,4384,22.065196,85.489711,0.8192,Mining
T45QUE,2021,736,5920,22.531814,85.634023,0.8192,Mining
T45QUE,2021,7520,8000,21.920642,85.841294,0.8191,Mining
T45QUE,2021,1472,7744,22.466746,85.811925,0.8191,Mining
T45QUE,2021,3072,10144,22.323769,86.046154,0.819,Mining
T45QUE,2021,96,3136,22.587083,85.362703,0.8188,Mining
T45QUE,2021,7392,2400,21.927489,85.299111,0.8187,Mining
T45QUE,2021,7488,3168,21.919572,85.373544,0.8187,Mining
T45QUE,2021,4064,7808,22.232675,85.820117,0.8186,Mining
T45QUE,2021,4576,10272,22.187985,86.059489,0.8185,Mining
T45QUE,2021,1280,6528,22.483173,85.693594,0.8185,Mining
T45QUE,2021,6624,5440,21.999635,85.592687,0.8185,Mining
T45QUE,2021,1312,8640,22.481815,85.898885,0.8184,Mining
T45QUE,2021,544,10048,22.552063,86.035256,0.8184,Mining
T45QUE,2021,6592,9312,22.005315,85.967701,0.8184,Mining
T45QUE,2021,2464,1824,22.371907,85.23783,0.8184,Mining
T45QUE,2021,7648,1056,21.902975,85.16933,0.8183,Mining
T45QUE,2021,6016,4224,22.053493,85.474333,0.8182,Mining
T45QUE,2021,6912,3936,21.97231,85.447313,0.8182,Mining
T45QUE,2021,2176,3936,22.400019,85.442605,0.8182,Mining
T45QUE,2021,3264,864,22.29863,85.145583,0.8181,Mining
T45QUE,2021,640,3872,22.53867,85.434831,0.8181,Mining
T45QUE,2021,224,2912,22.575301,85.341058,0.8181,Mining
T45QUE,2021,2880,10048,22.341057,86.036714,0.8179,Mining
T45QUE,2021,4864,10016,22.161824,86.034836,0.8179,Mining
T45QUE,2021,4832,1952,22.158211,85.252915,0.8178,Mining
T45QUE,2021,5312,10048,22.121374,86.038214,0.8178,Mining
T45QUE,2021,7104,3520,21.954585,85.407227,0.8177,Mining
T45QUE,2021,7456,3360,21.922644,85.392095,0.8177,Mining
T45QUE,2021,5536,2880,22.095574,85.343623,0.8177,Mining
T45QUE,2021,4800,3488,22.162628,85.401792,0.8176,Mining
T45QUE,2021,3520,9472,22.282905,85.981205,0.8176,Mining
T45QUE,2021,768,928,22.524074,85.148809,0.8176,Mining
T45QUE,2021,6688,5952,21.994273,85.64233,0.8176,Mining
T45QUE,2021,2112,6400,22.407928,85.681865,0.8176,Mining
T45QUE,2021,1632,768,22.445882,85.134305,0.8175,Mining
T45QUE,2021,5632,6432,22.09003,85.687938,0.8175,Mining
T45QUE,2021,1696,10848,22.448452,86.113718,0.8175,Mining
T45QUE,2021,256,2080,22.571556,85.260196,0.8174,Mining
T45QUE,2021,4448,9664,22.199196,86.000435,0.8173,Mining
T45QUE,2021,1952,9952,22.424826,86.02681,0.8173,Mining
T45QUE,2021,4960,6880,22.15107,85.730814,0.8172,Mining
T45QUE,2021,5312,4320,22.117159,85.482954,0.8172,Mining
T45QUE,2021,8416,5824,21.838095,85.631425,0.8172,Mining
T45QUE,2021,6656,2400,21.993954,85.29832,0.8172,Mining
T45QUE,2021,4864,2880,22.15626,85.342914,0.8171,Mining
T45QUE,2021,6304,8192,22.030611,85.859003,0.8171,Mining
T45QUE,2021,6048,9728,22.054705,86.007656,0.8171,Mining
T45QUE,2021,6880,7072,21.977792,85.750954,0.817,Mining
T45QUE,2021,1632,10880,22.45425,86.116791,0.8169,Mining
T45QUE,2021,5504,6944,22.101982,85.737457,0.8169,Mining
T45QUE,2021,7040,3776,21.960603,85.431948,0.8169,Mining
T45QUE,2021,5664,10848,22.090015,86.115972,0.8169,Mining
T45QUE,2021,6400,9024,22.022481,85.939674,0.8169,Mining
T45QUE,2021,5568,10496,22.098499,86.081797,0.8169,Mining
T45QUE,2021,5664,7584,22.087998,85.799612,0.8167,Mining
T45QUE,2021,6880,6464,21.977334,85.692076,0.8167,Mining
T45QUE,2021,6848,3680,21.977854,85.422462,0.8167,Mining
T45QUE,2021,2720,10592,22.355816,86.089443,0.8167,Mining
T45QUE,2021,960,2048,22.507952,85.257883,0.8167,Mining
T45QUE,2021,9888,9280,21.70756,85.966745,0.8166,Mining
T45QUE,2021,6272,8032,22.033393,85.843479,0.8165,Mining
T45QUE,2021,2784,3840,22.345022,85.433896,0.8165,Mining
T45QUE,2021,3328,9536,22.300287,85.987292,0.8165,Mining
T45QUE,2021,4256,10272,22.216891,86.059296,0.8164,Mining
T45QUE,2021,3264,9568,22.306088,85.990356,0.8164,Mining
T45QUE,2021,5504,2496,22.098083,85.306378,0.8163,Mining
T45QUE,2021,1216,1440,22.484187,85.199095,0.8162,Mining
T45QUE,2021,5984,7424,22.05898,85.784353,0.8162,Mining
T45QUE,2021,4672,8032,22.177914,85.8423,0.8161,Mining
T45QUE,2021,5408,8416,22.111694,85.880067,0.8161,Mining
T45QUE,2021,5632,4288,22.08823,85.480162,0.8161,Mining
T45QUE,2021,1920,1376,22.420549,85.193701,0.816,Mining
T45QUE,2021,3488,704,22.278226,85.130327,0.816,Mining
T45QUE,2021,5408,4128,22.108315,85.464438,0.8159,Mining
T45QUE,2021,5056,10624,22.144819,86.093909,0.8159,Mining
T45QUE,2021,5696,9408,22.08631,85.976418,0.8159,Mining
T45QUE,2021,6944,3744,21.969243,85.428754,0.8159,Mining
T45QUE,2021,1024,9376,22.508302,85.970228,0.8159,Mining
T45QUE,2021,6880,8224,21.978604,85.862518,0.8158,Mining
T45QUE,2021,1824,9824,22.436313,86.014292,0.8157,Mining
T45QUE,2021,1408,7264,22.472176,85.765228,0.8157,Mining
T45QUE,2021,7712,2144,21.898333,85.274682,0.8156,Mining
T45QUE,2021,9344,7808,21.755751,85.824055,0.8156,Mining
T45QUE,2021,6976,1888,21.964535,85.249097,0.8155,Mining
T45QUE,2021,4448,10848,22.19986,86.115286,0.8155,Mining
T45QUE,2021,1344,9824,22.47967,86.013985,0.8154,Mining
T45QUE,2021,4032,6624,22.234692,85.705224,0.8154,Mining
T45QUE,2021,832,4800,22.522183,85.525233,0.8153,Mining
T45QUE,2021,6208,7008,22.038443,85.744222,0.8153,Mining
T45QUE,2021,7904,3648,21.882455,85.420417,0.8152,Mining
T45QUE,2021,3392,9568,22.294526,85.990439,0.8151,Mining
T45QUE,2021,1792,10048,22.439335,86.036037,0.8151,Mining
T45QUE,2021,1888,5120,22.427096,85.557328,0.8151,Mining
T45QUE,2021,7840,3424,21.888025,85.398677,0.8151,Mining
T45QUE,2021,5344,2464,22.112499,85.303104,0.815,Mining
T45QUE,2021,3008,3904,22.324853,85.440334,0.8149,Mining
T45QUE,2021,5056,4672,22.140593,85.51683,0.8149,Mining
T45QUE,2021,7648,6976,21.908352,85.742268,0.8149,Mining
T45QUE,2021,736,5408,22.531384,85.584248,0.8148,Mining
T45QUE,2021,8032,3584,21.870835,85.414351,0.8147,Mining
T45QUE,2021,10016,8096,21.695245,85.852385,0.8147,Mining
T45QUE,2021,3648,6944,22.269619,85.735958,0.8147,Mining
T45QUE,2021,5120,10752,22.139106,86.106357,0.8146,Mining
T45QUE,2021,4448,7616,22.197855,85.801784,0.8146,Mining
T45QUE,2021,6208,4544,22.036438,85.505517,0.8145,Mining
T45QUE,2021,7744,2112,21.895411,85.27162,0.8145,Mining
T45QUE,2021,6848,2176,21.976389,85.276839,0.8144,Mining
T45QUE,2021,1440,3488,22.466059,85.398334,0.8144,Mining
T45QUE,2021,1888,3872,22.425968,85.436098,0.8144,Mining
T45QUE,2021,5760,5792,22.07796,85.626025,0.8141,Mining
T45QUE,2021,4064,9408,22.233728,85.975351,0.8141,Mining
T45QUE,2021,5248,6752,22.12496,85.718638,0.8141,Mining
T45QUE,2021,5344,10144,22.118538,86.047541,0.814,Mining
T45QUE,2021,2016,10240,22.419211,86.054831,0.814,Mining
T45QUE,2021,4480,9888,22.196437,86.022183,0.814,Mining
T45QUE,2021,6080,8960,22.051346,85.933257,0.8139,Mining
T45QUE,2021,1600,8288,22.455565,85.864886,0.8138,Mining
T45QUE,2021,3008,3616,22.324582,85.412379,0.8138,Mining
T45QUE,2021,5472,8480,22.105956,85.886316,0.8137,Mining
T45QUE,2021,2432,5472,22.378267,85.592017,0.8137,Mining
T45QUE,2021,7360,7680,21.934873,85.810196,0.8137,Mining
T45QUE,2021,3456,10560,22.289315,86.086768,0.8137,Mining
T45QUE,2021,2080,6144,22.410614,85.656971,0.8137,Mining
T45QUE,2021,4832,9248,22.164257,85.960338,0.8136,Mining
T45QUE,2021,7104,7488,21.957861,85.791412,0.8135,Mining
T45QUE,2021,2272,6048,22.393195,85.647814,0.8135,Mining
T45QUE,2021,2560,10304,22.370109,86.061378,0.8135,Mining
T45QUE,2021,1600,7008,22.454642,85.740506,0.8135,Mining
T45QUE,2021,7872,6208,21.887535,85.668119,0.8134,Mining
T45QUE,2021,5120,9568,22.138437,85.991556,0.8134,Mining
T45QUE,2021,3904,2976,22.243048,85.351208,0.8134,Mining
T45QUE,2021,7520,9504,21.921604,85.986894,0.8134,Mining
T45QUE,2021,7648,3712,21.905634,85.426356,0.8134,Mining
T45QUE,2021,4736,3040,22.167976,85.358291,0.8133,Mining
T45QUE,2021,768,1024,22.524181,85.158139,0.8132,Mining
T45QUE,2021,1280,1824,22.47882,85.23648,0.8132,Mining
T45QUE,2021,5920,5856,22.063561,85.632366,0.8132,Mining
T45QUE,2021,5600,8544,22.094436,85.89261,0.8132,Mining
T45QUE,2021,576,6464,22.546705,85.686774,0.8132,Mining
T45QUE,2021,5696,2080,22.080322,85.266278,0.8131,Mining
T45QUE,2021,6880,5856,21.976854,85.633198,0.8131,Mining
T45QUE,2021,4480,10304,22.196674,86.062535,0.813,Mining
T45QUE,2021,1792,2656,22.43345,85.31788,0.813,Mining
T45QUE,2021,2624,10080,22.3642,86.039663,0.813,Mining
T45QUE,2021,6688,3808,21.992423,85.434697,0.813,Mining
T45QUE,2021,224,7776,22.579489,85.814073,0.8129,Mining
T45QUE,2021,2624,3232,22.35889,85.374705,0.8129,Mining
T45QUE,2021,768,6432,22.529339,85.683827,0.8127,Mining
T45QUE,2021,2176,5152,22.401114,85.560705,0.8127,Mining
T45QUE,2021,192,1984,22.577233,85.250789,0.8127,Mining
T45QUE,2021,1024,6400,22.506193,85.680935,0.8126,Mining
T45QUE,2021,8864,7936,21.799197,85.836082,0.8126,Mining
T45QUE,2021,5600,9856,22.095248,86.01978,0.8124,Mining
T45QUE,2021,4736,5696,22.170367,85.615819,0.8124,Mining
T45QUE,2021,6784,2464,21.982459,85.304655,0.8124,Mining
T45QUE,2021,1760,3616,22.437284,85.4111,0.8122,Mining
T45QUE,2021,5536,2496,22.095193,85.306412,0.8122,Mining
T45QUE,2021,32,3168,22.592894,85.365747,0.8122,Mining
T45QUE,2021,4640,10720,22.182449,86.10298,0.8122,Mining
T45QUE,2021,1440,6144,22.468416,85.656414,0.8122,Mining
T45QUE,2021,3616,9696,22.274369,86.003007,0.8121,Mining
T45QUE,2021,4320,10720,22.211355,86.102796,0.8121,Mining
T45QUE,2021,192,9408,22.583472,85.972783,0.8121,Mining
T45QUE,2021,4224,6336,22.217126,85.677447,0.812,Mining
T45QUE,2021,2752,9824,22.352489,86.014883,0.812,Mining
T45QUE,2021,5824,8032,22.073859,85.84315,0.812,Mining
T45QUE,2021,5280,10848,22.124703,86.115756,0.812,Mining
T45QUE,2021,416,3904,22.558929,85.437715,0.8119,Mining
T45QUE,2021,32,1760,22.591442,85.228825,0.8119,Mining
T45QUE,2021,5600,9760,22.095192,86.010475,0.8119,Mining
T45QUE,2021,1536,10304,22.462605,86.060757,0.8118,Mining
T45QUE,2021,384,7488,22.564828,85.786189,0.8118,Mining
T45QUE,2021,6016,4288,22.05355,85.480533,0.8118,Mining
T45QUE,2021,416,5600,22.560447,85.602622,0.8117,Mining
T45QUE,2021,10464,5984,21.653241,85.648636,0.8117,Mining
T45QUE,2021,5888,2144,22.063049,85.27269,0.8117,Mining
T45QUE,2021,1888,7648,22.429103,85.802918,0.8116,Mining
T45QUE,2021,5888,5696,22.066321,85.616835,0.8116,Mining
T45QUE,2021,7296,5664,21.939125,85.61497,0.8115,Mining
T45QUE,2021,4416,10624,22.202631,86.093539,0.8115,Mining
T45QUE,2021,2560,6304,22.36739,85.672924,0.8115,Mining
T45QUE,2021,1536,3712,22.457604,85.420196,0.8115,Mining
T45QUE,2021,7936,1280,21.877208,85.191333,0.8114,Mining
T45QUE,2021,5408,10144,22.112757,86.04758,0.8114,Mining
T45QUE,2021,2048,10912,22.41669,86.120137,0.8114,Mining
T45QUE,2021,1280,3136,22.480164,85.363963,0.8114,Mining
T45QUE,2021,384,10528,22.566789,86.081839,0.8114,Mining
T45QUE,2021,1824,10208,22.436536,86.051604,0.8113,Mining
T45QUE,2021,8000,3520,21.873665,85.408127,0.8112,Mining
T45QUE,2021,7936,3136,21.879082,85.370907,0.8112,Mining
T45QUE,2021,1728,9664,22.444889,85.998683,0.8112,Mining
T45QUE,2021,4928,8608,22.155178,85.898342,0.8112,Mining
T45QUE,2021,6880,5888,21.97688,85.636297,0.8111,Mining
T45QUE,2021,2560,5504,22.366734,85.595241,0.8111,Mining
T45QUE,2021,5344,8160,22.117303,85.855204,0.8109,Mining
T45QUE,2021,2464,10496,22.378887,86.079969,0.8109,Mining
T45QUE,2021,6880,2464,21.97379,85.304758,0.8109,Mining
T45QUE,2021,2432,800,22.373683,85.138376,0.8108,Mining
T45QUE,2021,640,1216,22.535951,85.176648,0.8108,Mining
T45QUE,2021,7168,2528,21.947846,85.311262,0.8108,Mining
T45QUE,2021,4896,10688,22.159306,86.100023,0.8108,Mining
T45QUE,2021,5536,4320,22.096929,85.48317,0.8108,Mining
T45QUE,2021,1696,704,22.440031,85.128166,0.8107,Mining
T45QUE,2021,5504,9760,22.103864,86.010414,0.8106,Mining
T45QUE,2021,1600,4832,22.452853,85.529077,0.8106,Mining
T45QUE,2021,8096,2912,21.864417,85.3494,0.8106,Mining
T45QUE,2021,2016,8352,22.418034,85.871409,0.8106,Mining
T45QUE,2021,1024,2080,22.502207,85.261065,0.8106,Mining
T45QUE,2021,6816,6720,21.98331,85.716815,0.8105,Mining
T45QUE,2021,2496,576,22.367653,85.116707,0.8105,Mining
T45QUE,2021,3584,10720,22.277839,86.102373,0.8105,Mining
T45QUE,2021,1856,6720,22.4313,85.712735,0.8105,Mining
T45QUE,2021,3072,4736,22.31983,85.521156,0.8104,Mining
T45QUE,2021,1568,4640,22.455572,85.510392,0.8103,Mining
T45QUE,2021,3808,9920,22.257157,86.024868,0.8102,Mining
T45QUE,2021,5504,2784,22.098369,85.334286,0.8102,Mining
T45QUE,2021,6368,9088,22.025411,85.945853,0.8102,Mining
T45QUE,2021,3072,4288,22.319428,85.477671,0.8102,Mining
T45QUE,2021,4320,10432,22.211198,86.074857,0.8101,Mining
T45QUE,2021,4832,9728,22.164547,86.006887,0.8101,Mining
T45QUE,2021,5856,9024,22.07162,85.939308,0.81,Mining
T45QUE,2021,3456,5984,22.286208,85.642634,0.8099,Mining
T45QUE,2021,9184,7488,21.769981,85.792992,0.8099,Mining
T45QUE,2021,3424,9600,22.291654,85.993566,0.8099,Mining
T45QUE,2021,7424,3488,21.925655,85.404452,0.8099,Mining
T45QUE,2021,7360,3520,21.931465,85.407485,0.8098,Mining
T45QUE,2021,64,3200,22.590036,85.368893,0.8098,Mining
T45QUE,2021,3680,9664,22.268569,85.999943,0.8098,Mining
T45QUE,2021,7712,1632,21.897806,85.225138,0.8098,Mining
T45QUE,2021,576,5216,22.545668,85.565433,0.8097,Mining
T45QUE,2021,7488,3328,21.919724,85.38903,0.8097,Mining
T45QUE,2021,1600,10848,22.457124,86.113662,0.8096,Mining
T45QUE,2021,96,9632,22.592281,85.994508,0.8096,Mining
T45QUE,2021,2080,7424,22.411599,85.781307,0.8095,Mining
T45QUE,2021,5792,4288,22.07378,85.480317,0.8095,Mining
T45QUE,2021,9248,7296,21.764063,85.774475,0.8095,Mining
T45QUE,2021,1824,6496,22.434015,85.690946,0.8095,Mining
T45QUE,2021,5056,10592,22.144801,86.090806,0.8094,Mining
T45QUE,2021,672,10880,22.540966,86.11624,0.8094,Mining
T45QUE,2021,4128,8416,22.227312,85.879151,0.8094,Mining
T45QUE,2021,7680,1728,21.900796,85.234392,0.8093,Mining
T45QUE,2021,5856,8960,22.07158,85.933105,0.8093,Mining
T45QUE,2021,896,9056,22.519662,85.939032,0.8092,Mining
T45QUE,2021,2752,4576,22.348587,85.505317,0.8092,Mining
T45QUE,2021,2464,7616,22.377055,85.800256,0.8091,Mining
T45QUE,2021,2336,10400,22.390396,86.070568,0.8091,Mining
T45QUE,2021,9472,6240,21.743043,85.67255,0.8091,Mining
T45QUE,2021,1248,5280,22.485034,85.572279,0.8091,Mining
T45QUE,2021,192,1280,22.576473,85.182339,0.8091,Mining
T45QUE,2021,1824,10240,22.436555,86.054713,0.8091,Mining
T45QUE,2021,8864,800,21.792893,85.145976,0.809,Mining
T45QUE,2021,864,416,22.514826,85.099167,0.809,Mining
T45QUE,2021,3168,256,22.306613,85.08647,0.8089,Mining
T45QUE,2021,1824,4800,22.432595,85.526182,0.8089,Mining
T45QUE,2021,5568,2912,22.092716,85.346758,0.8089,Mining
T45QUE,2021,2624,4640,22.360204,85.511408,0.8088,Mining
T45QUE,2021,7104,7296,21.957723,85.772821,0.8087,Mining
T45QUE,2021,2944,640,22.327274,85.123462,0.8086,Mining
T45QUE,2021,96,2496,22.586436,85.300467,0.8085,Mining
T45QUE,2021,2848,1408,22.336788,85.197888,0.8085,Mining
T45QUE,2021,1440,3456,22.466028,85.395224,0.8085,Mining
T45QUE,2021,3232,6080,22.306517,85.651756,0.8084,Mining
T45QUE,2021,1600,5824,22.453703,85.625461,0.8084,Mining
T45QUE,2021,4160,5408,22.222149,85.587373,0.8083,Mining
T45QUE,2021,3904,10464,22.248794,86.077715,0.8083,Mining
T45QUE,2021,5312,8128,22.120172,85.852079,0.8082,Mining
T45QUE,2021,1248,608,22.480374,85.118295,0.8082,Mining
T45QUE,2021,3424,9696,22.291712,86.002884,0.8082,Mining
T45QUE,2021,96,1280,22.585141,85.182225,0.8081,Mining
T45QUE,2021,4800,3392,22.162537,85.392485,0.8081,Mining
T45QUE,2021,5024,10272,22.147516,86.059758,0.808,Mining
T45QUE,2021,1248,6240,22.485834,85.665577,0.8079,Mining
T45QUE,2021,5952,5088,22.060032,85.557981,0.8078,Mining
T45QUE,2021,5344,8224,22.117346,85.861409,0.8077,Mining
T45QUE,2021,992,5248,22.508127,85.568931,0.8077,Mining
T45QUE,2021,416,3136,22.558186,85.363044,0.8077,Mining
T45QUE,2021,7392,3264,21.928333,85.382738,0.8077,Mining
T45QUE,2021,4928,10720,22.156433,86.103145,0.8076,Mining
T45QUE,2021,6560,7616,22.007089,85.803394,0.8076,Mining
T45QUE,2021,1600,3072,22.451204,85.358085,0.8076,Mining
T45QUE,2021,7008,6752,21.965992,85.720069,0.8076,Mining
T45QUE,2021,6688,5984,21.994298,85.645429,0.8075,Mining
T45QUE,2021,5248,6112,22.124461,85.656597,0.8075,Mining
T45QUE,2021,2592,4576,22.363037,85.505163,0.8074,Mining
T45QUE,2021,7168,2272,21.947589,85.28648,0.8074,Mining
T45QUE,2021,7488,3552,21.919935,85.410711,0.8074,Mining
T45QUE,2021,1120,9120,22.49947,85.945407,0.8074,Mining
T45QUE,2021,8416,8448,21.840006,85.885292,0.8074,Mining
T45QUE,2021,3488,9248,22.285658,85.959443,0.8073,Mining
T45QUE,2021,2528,1408,22.365683,85.197516,0.8073,Mining
T45QUE,2021,672,10240,22.540612,86.054006,0.8073,Mining
T45QUE,2021,8736,7520,21.81047,85.795749,0.8072,Mining
T45QUE,2021,5216,10720,22.130417,86.10331,0.8072,Mining
T45QUE,2021,4704,6848,22.174168,85.727503,0.8072,Mining
T45QUE,2021,7584,1632,21.909365,85.224995,0.8072,Mining
T45QUE,2021,5600,10528,22.095626,86.084918,0.8072,Mining
T45QUE,2021,1856,1184,22.426118,85.174978,0.8071,Mining
T45QUE,2021,5536,4000,22.096638,85.452159,0.8071,Mining
T45QUE,2021,3648,10432,22.271901,86.074458,0.807,Mining
T45QUE,2021,4096,9824,22.231086,86.015733,0.807,Mining
T45QUE,2021,224,2080,22.574445,85.26016,0.807,Mining
T45QUE,2021,1024,1632,22.501731,85.217529,0.807,Mining
T45QUE,2021,3392,10528,22.295079,86.083625,0.8067,Mining
T45QUE,2021,4736,10528,22.173673,86.084413,0.8067,Mining
T45QUE,2021,512,5344,22.551559,85.577819,0.8067,Mining
T45QUE,2021,1920,5952,22.424908,85.63818,0.8067,Mining
T45QUE,2021,2432,7616,22.379945,85.800231,0.8067,Mining
T45QUE,2021,3616,10720,22.274948,86.102391,0.8067,Mining
T45QUE,2021,1920,10784,22.428184,86.107628,0.8067,Mining
T45QUE,2021,1856,10816,22.433982,86.1107,0.8066,Mining
T45QUE,2021,5280,4832,22.120503,85.532551,0.8066,Mining
T45QUE,2021,4928,4704,22.152181,85.519811,0.8066,Mining
T45QUE,2021,32,5408,22.594963,85.583598,0.8066,Mining
T45QUE,2021,2912,3520,22.33316,85.402962,0.8064,Mining
T45QUE,2021,8384,7680,21.842378,85.810963,0.8064,Mining
T45QUE,2021,3552,10720,22.28073,86.102354,0.8063,Mining
T45QUE,2021,320,2688,22.566406,85.319383,0.8063,Mining
T45QUE,2021,2400,10752,22.384808,86.104796,0.8062,Mining
T45QUE,2021,3872,10400,22.251649,86.071486,0.8061,Mining
T45QUE,2021,5856,4064,22.067797,85.458675,0.8061,Mining
T45QUE,2021,864,1024,22.515513,85.158254,0.8061,Mining
T45QUE,2021,2592,288,22.358657,85.088867,0.8061,Mining
T45QUE,2021,4064,6048,22.231347,85.649372,0.8061,Mining
T45QUE,2021,736,10112,22.534758,86.041599,0.806,Mining
T45QUE,2021,4896,10720,22.159323,86.103126,0.806,Mining
T45QUE,2021,3456,9536,22.288725,85.987375,0.806,Mining
T45QUE,2021,7136,2400,21.950608,85.298837,0.8059,Mining
T45QUE,2021,0,6272,22.598573,85.667606,0.8059,Mining
T45QUE,2021,3424,352,22.283608,85.096099,0.8059,Mining
T45QUE,2021,224,9632,22.58072,85.994592,0.8058,Mining
T45QUE,2021,3008,10208,22.329587,86.052328,0.8058,Mining
T45QUE,2021,6944,2464,21.96801,85.304826,0.8058,Mining
T45QUE,2021,2144,5728,22.404493,85.61662,0.8055,Mining
T45QUE,2021,4256,5120,22.213234,85.559525,0.8055,Mining
T45QUE,2021,8192,1792,21.854626,85.241152,0.8054,Mining
T45QUE,2021,2816,3840,22.342132,85.433928,0.8054,Mining
T45QUE,2021,2656,9760,22.361122,86.008607,0.8054,Mining
T45QUE,2021,7008,5504,21.965006,85.599226,0.8053,Mining
T45QUE,2021,4256,4960,22.213096,85.544006,0.8053,Mining
T45QUE,2021,864,448,22.514863,85.102277,0.8052,Mining
T45QUE,2021,7136,8288,21.955522,85.8689,0.8052,Mining
T45QUE,2021,736,7296,22.532894,85.7678,0.8051,Mining
T45QUE,2021,6656,2592,21.994146,85.316912,0.8051,Mining
T45QUE,2021,5152,8832,22.13509,85.920217,0.8051,Mining
T45QUE,2021,1632,9600,22.453521,85.992402,0.8051,Mining
T45QUE,2021,4864,7808,22.160416,85.820721,0.8051,Mining
T45QUE,2021,5632,7648,22.090934,85.805791,0.8051,Mining
T45QUE,2021,6208,6176,22.037805,85.663617,0.805,Mining
T45QUE,2021,1728,576,22.436997,85.115772,0.805,Mining
T45QUE,2021,3392,672,22.286858,85.127107,0.805,Mining
T45QUE,2021,5856,6944,22.070189,85.737739,0.805,Mining
T45QUE,2021,2112,7072,22.408447,85.74714,0.8049,Mining
T45QUE,2021,192,2304,22.577569,85.281904,0.8049,Mining
T45QUE,2021,6752,1600,21.984463,85.220964,0.8048,Mining
T45QUE,2021,1504,10720,22.465726,86.101167,0.8048,Mining
T45QUE,2021,5120,10304,22.138862,86.062918,0.8048,Mining
T45QUE,2021,608,9888,22.546188,86.019737,0.8047,Mining
T45QUE,2021,5312,10688,22.121728,86.100262,0.8047,Mining
T45QUE,2021,4992,6880,22.148179,85.730839,0.8047,Mining
T45QUE,2021,5536,6880,22.099044,85.731279,0.8047,Mining
T45QUE,2021,7680,1600,21.900663,85.222006,0.8047,Mining
T45QUE,2021,5472,2496,22.100972,85.306343,0.8046,Mining
T45QUE,2021,1760,10752,22.442619,86.104426,0.8046,Mining
T45QUE,2021,224,2112,22.574479,85.263272,0.8045,Mining
T45QUE,2021,2784,3904,22.345082,85.440109,0.8044,Mining
T45QUE,2021,4320,8928,22.210304,85.928955,0.8044,Mining
T45QUE,2021,128,1728,22.582739,85.225824,0.8043,Mining
T45QUE,2021,3904,7584,22.246968,85.798262,0.8043,Mining
T45QUE,2021,1568,9888,22.459475,86.020348,0.8043,Mining
T45QUE,2021,704,10112,22.537648,86.041579,0.8043,Mining
T45QUE,2021,2272,7936,22.394625,85.831189,0.8042,Mining
T45QUE,2021,4032,5280,22.233601,85.57484,0.8042,Mining
T45QUE,2021,192,2944,22.578222,85.344136,0.8042,Mining
T45QUE,2021,384,7328,22.56471,85.77063,0.8042,Mining
T45QUE,2021,4960,9760,22.153004,86.010071,0.8041,Mining
T45QUE,2021,5824,4640,22.071204,85.514455,0.8041,Mining
T45QUE,2021,2816,2560,22.340883,85.309673,0.8041,Mining
T45QUE,2021,7104,3552,21.954615,85.410325,0.8041,Mining
T45QUE,2021,3008,10528,22.329765,86.083398,0.8041,Mining
T45QUE,2021,7200,8736,21.950034,85.912324,0.8041,Mining
T45QUE,2021,4672,8064,22.177936,85.845403,0.804,Mining
T45QUE,2021,4096,10336,22.231379,86.06541,0.804,Mining
T45QUE,2021,7680,1504,21.900562,85.212717,0.804,Mining
T45QUE,2021,7040,7424,21.963596,85.785166,0.8039,Mining
T45QUE,2021,6528,5472,22.008332,85.595701,0.8039,Mining
T45QUE,2021,5024,10592,22.147692,86.090788,0.8039,Mining
T45QUE,2021,5536,6784,22.098972,85.721975,0.8039,Mining
T45QUE,2021,6240,1888,22.030999,85.248281,0.8039,Mining
T45QUE,2021,4256,2944,22.211229,85.348476,0.8039,Mining
T45QUE,2021,3744,8224,22.261867,85.860243,0.8039,Mining
T45QUE,2021,672,1728,22.533618,85.226452,0.8039,Mining
T45QUE,2021,7072,3776,21.957713,85.43198,0.8039,Mining
T45QUE,2021,5824,5600,22.072022,85.607476,0.8038,Mining
T45QUE,2021,7424,2432,21.924631,85.302243,0.8038,Mining
T45QUE,2021,992,1024,22.503956,85.158407,0.8038,Mining
T45QUE,2021,4480,9792,22.196381,86.012871,0.8038,Mining
T45QUE,2021,3808,10528,22.257501,86.083869,0.8037,Mining
T45QUE,2021,5568,7840,22.09685,85.824352,0.8037,Mining
T45QUE,2021,6592,2496,21.99983,85.307547,0.8037,Mining
T45QUE,2021,3104,10240,22.320933,86.055494,0.8037,Mining
T45QUE,2021,5856,7456,22.070564,85.787355,0.8037,Mining
T45QUE,2021,544,5888,22.549128,85.630741,0.8037,Mining
T45QUE,2021,2880,4800,22.337227,85.527186,0.8037,Mining
T45QUE,2021,3456,10304,22.289173,86.06192,0.8036,Mining
T45QUE,2021,5312,10592,22.121676,86.090955,0.8036,Mining
T45QUE,2021,6176,3136,22.038027,85.369094,0.8036,Mining
T45QUE,2021,7584,1664,21.909398,85.228092,0.8036,Mining
T45QUE,2021,480,1216,22.550398,85.176459,0.8036,Mining
T45QUE,2021,1632,2784,22.448027,85.33014,0.8036,Mining
T45QUE,2021,1184,7328,22.492455,85.771269,0.8035,Mining
T45QUE,2021,7840,7872,21.891649,85.829139,0.8035,Mining
T45QUE,2021,10368,4352,21.660554,85.490869,0.8035,Mining
T45QUE,2021,4736,10912,22.173878,86.121656,0.8035,Mining
T45QUE,2021,2144,5696,22.404466,85.613512,0.8034,Mining
T45QUE,2021,4736,3456,22.168378,85.398624,0.8034,Mining
T45QUE,2021,9088,4992,21.776714,85.551548,0.8033,Mining
T45QUE,2021,4768,8096,22.169287,85.848577,0.8032,Mining
T45QUE,2021,5536,4064,22.096697,85.458361,0.8031,Mining
T45QUE,2021,6176,6304,22.040796,85.675991,0.803,Mining
T45QUE,2021,2016,10592,22.419408,86.089029,0.803,Mining
T45QUE,2021,640,6208,22.54072,85.661939,0.803,Mining
T45QUE,2021,6368,9504,22.025666,85.986155,0.8029,Mining
T45QUE,2021,192,2112,22.577368,85.263235,0.8029,Mining
T45QUE,2021,960,6624,22.51215,85.702655,0.8028,Mining
T45QUE,2021,5184,10816,22.133358,86.112599,0.8028,Mining
T45QUE,2021,3680,10176,22.268867,86.049632,0.8027,Mining
T45QUE,2021,1408,9760,22.473851,86.007806,0.8027,Mining
T45QUE,2021,7968,5664,21.87843,85.615557,0.8026,Mining
T45QUE,2021,4544,4608,22.186777,85.510139,0.8026,Mining
T45QUE,2021,4128,10560,22.228612,86.087162,0.8026,Mining
T45QUE,2021,5280,6784,22.122094,85.721766,0.8025,Mining
T45QUE,2021,416,1056,22.556,85.160828,0.8025,Mining
T45QUE,2021,192,1792,22.577029,85.232121,0.8025,Mining
T45QUE,2021,8864,832,21.792928,85.14907,0.8025,Mining
T45QUE,2021,3616,9952,22.274519,86.027853,0.8025,Mining
T45QUE,2021,640,2464,22.53728,85.297958,0.8025,Mining
T45QUE,2021,4224,2976,22.21415,85.351546,0.8024,Mining
T45QUE,2021,5152,8800,22.135069,85.917114,0.8024,Mining
T45QUE,2021,2880,4128,22.33662,85.46195,0.8024,Mining
T45QUE,2021,2944,10528,22.335547,86.08336,0.8024,Mining
T45QUE,2021,6432,3808,22.015542,85.434444,0.8024,Mining
T45QUE,2021,6912,2304,21.97074,85.289301,0.8023,Mining
T45QUE,2021,5568,7232,22.096415,85.765422,0.8022,Mining
T45QUE,2021,2304,1536,22.386048,85.209684,0.8022,Mining
T45QUE,2021,5312,10816,22.121796,86.112672,0.8022,Mining
T45QUE,2021,5568,9856,22.098139,86.01976,0.8022,Mining
T45QUE,2021,10112,3808,21.683189,85.438061,0.8021,Mining
T45QUE,2021,992,1056,22.503991,85.161517,0.8021,Mining
T45QUE,2021,992,3072,22.506108,85.357437,0.8021,Mining
T45QUE,2021,2848,3904,22.339302,85.440173,0.802,Mining
T45QUE,2021,5504,2464,22.09805,85.303277,0.802,Mining
T45QUE,2021,5504,2752,22.098338,85.331186,0.802,Mining
T45QUE,2021,4384,9888,22.205109,86.022123,0.8019,Mining
T45QUE,2021,5440,10784,22.110216,86.109642,0.8018,Mining
T45QUE,2021,5120,10624,22.139037,86.093946,0.8018,Mining
T45QUE,2021,7008,2464,21.962231,85.304895,0.8018,Mining
T45QUE,2021,5248,4416,22.123025,85.492197,0.8017,Mining
T45QUE,2021,4000,10752,22.240278,86.105717,0.8017,Mining
T45QUE,2021,3040,10176,22.326678,86.049241,0.8016,Mining
T45QUE,2021,7648,8224,21.909231,85.86307,0.8016,Mining
T45QUE,2021,7936,3104,21.879051,85.367811,0.8016,Mining
T45QUE,2021,192,1696,22.576926,85.222787,0.8016,Mining
T45QUE,2021,10784,4544,21.623149,85.509805,0.8015,Mining
T45QUE,2021,1376,8544,22.475971,85.889601,0.8015,Mining
T45QUE,2021,448,9792,22.560583,86.010299,0.8014,Mining
T45QUE,2021,5184,7488,22.131285,85.789938,0.8014,Mining
T45QUE,2021,3168,5152,22.311523,85.561625,0.8014,Mining
T45QUE,2021,5472,6880,22.104825,85.731228,0.8014,Mining
T45QUE,2021,2784,9824,22.349598,86.014903,0.8013,Mining
T45QUE,2021,4064,10592,22.234411,86.090229,0.8013,Mining
T45QUE,2021,608,1440,22.539086,85.198384,0.8013,Mining
T45QUE,2021,5600,7296,22.093571,85.77165,0.8013,Mining
T45QUE,2021,3168,8608,22.314152,85.897099,0.8012,Mining
T45QUE,2021,5728,5664,22.080745,85.613593,0.8012,Mining
T45QUE,2021,4576,10688,22.188213,86.099839,0.8012,Mining
T45QUE,2021,5056,7936,22.143163,85.833276,0.8012,Mining
T45QUE,2021,5440,2048,22.103406,85.262895,0.8012,Mining
T45QUE,2021,6784,1568,21.98154,85.217902,0.8011,Mining
T45QUE,2021,7488,8544,21.923895,85.893934,0.8011,Mining
T45QUE,2021,1728,6272,22.442508,85.669101,0.8011,Mining
T45QUE,2021,4736,3488,22.168408,85.401727,0.8011,Mining
T45QUE,2021,2144,3456,22.402453,85.395955,0.8009,Mining
T45QUE,2021,1408,6272,22.471409,85.668825,0.8009,Mining
T45QUE,2021,9472,5376,21.742352,85.589019,0.8009,Mining
T45QUE,2021,7584,8704,21.915327,85.90949,0.8009,Mining
T45QUE,2021,3424,4992,22.288265,85.546334,0.8009,Mining
T45QUE,2021,6144,7744,22.044755,85.81548,0.8009,Mining
T45QUE,2021,6304,928,22.024199,85.155377,0.8009,Mining
T45QUE,2021,6048,4608,22.050945,85.511566,0.8009,Mining
T45QUE,2021,3968,3488,22.237765,85.400941,0.8008,Mining
T45QUE,2021,1152,9952,22.497088,86.026305,0.8008,Mining
T45QUE,2021,6400,3936,22.01855,85.446809,0.8007,Mining
T45QUE,2021,7456,10784,21.928102,86.110779,0.8007,Mining
T45QUE,2021,5792,2112,22.071685,85.269484,0.8006,Mining
T45QUE,2021,5184,9312,22.1325,85.966777,0.8006,Mining
T45QUE,2021,6912,8032,21.975583,85.843948,0.8006,Mining
T45QUE,2021,4800,9248,22.167147,85.960317,0.8005,Mining
T45QUE,2021,5376,9664,22.115369,86.001027,0.8005,Mining
T45QUE,2021,10848,4544,21.617368,85.509864,0.8004,Mining
T45QUE,2021,1696,6208,22.445346,85.662855,0.8003,Mining
T45QUE,2021,2240,10912,22.399346,86.120246,0.8003,Mining
T45QUE,2021,2304,6944,22.391009,85.734864,0.8002,Mining
T45QUE,2021,4672,10016,22.179168,86.034718,0.8001,Mining
T45QUE,2021,6912,2272,21.970707,85.286203,0.8001,Mining
T45QUE,2021,1920,1056,22.420198,85.162622,0.8,Mining
T45QUE,2021,3232,3776,22.304504,85.428136,0.8,Mining
T45QUE,2021,6752,6528,21.988944,85.698168,0.8,Mining
T45QUE,2021,3488,9216,22.285638,85.956337,0.8,Mining
T45QUE,2021,4096,10048,22.231216,86.037467,0.8,Mining
T45QUE,2021,5088,3488,22.136619,85.402086,0.7999,Mining
T45QUE,2021,6624,7232,22.001033,85.766249,0.7999,Mining
T45QUE,2021,1984,8384,22.420946,85.874494,0.7998,Mining
T45QUE,2021,7872,7936,21.888803,85.835357,0.7998,Mining
T45QUE,2021,4864,9248,22.161366,85.960359,0.7997,Mining
T45QUE,2021,6144,3648,22.041403,85.418658,0.7997,Mining
T45QUE,2021,416,5664,22.560501,85.608846,0.7997,Mining
T45QUE,2021,3232,10176,22.309335,86.049359,0.7996,Mining
T45QUE,2021,6112,7552,22.04751,85.796853,0.7996,Mining
T45QUE,2021,7968,7584,21.879887,85.801361,0.7995,Mining
T45QUE,2021,2368,10400,22.387506,86.070587,0.7994,Mining
T45QUE,2021,3520,6816,22.281083,85.723432,0.7993,Mining
T45QUE,2021,7552,3488,21.914095,85.404581,0.7993,Mining
T45QUE,2021,4352,6336,22.205565,85.677555,0.7993,Mining
T45QUE,2021,5504,9728,22.103845,86.007312,0.7992,Mining
T45QUE,2021,7936,5632,21.881294,85.612432,0.7992,Mining
T45QUE,2021,6944,1408,21.966923,85.202592,0.7992,Mining
T45QUE,2021,928,10016,22.517359,86.032386,0.7992,Mining
T45QUE,2021,5536,9056,22.100546,85.942194,0.7992,Mining
T45QUE,2021,7456,3648,21.922915,85.41997,0.7992,Mining
T45QUE,2021,4896,9248,22.158476,85.960381,0.7991,Mining
T45QUE,2021,736,4352,22.530448,85.48159,0.7991,Mining
T45QUE,2021,3424,5152,22.288403,85.561861,0.799,Mining
T45QUE,2021,7456,3584,21.922855,85.413776,0.799,Mining
T45QUE,2021,1600,10912,22.457158,86.119882,0.799,Mining
T45QUE,2021,992,1632,22.50462,85.217492,0.799,Mining
T45QUE,2021,3488,10656,22.286476,86.096105,0.7989,Mining
T45QUE,2021,4896,8192,22.157791,85.85798,0.7989,Mining
T45QUE,2021,4384,640,22.19725,85.125195,0.7988,Mining
T45QUE,2021,1216,3264,22.48607,85.376334,0.7988,Mining
T45QUE,2021,992,9472,22.511252,85.97954,0.7988,Mining
T45QUE,2021,1888,9728,22.430475,86.005005,0.7988,Mining
T45QUE,2021,6528,8736,22.010736,85.911862,0.7988,Mining
T45QUE,2021,7296,3680,21.937394,85.422909,0.7987,Mining
T45QUE,2021,1376,1408,22.469705,85.196173,0.7986,Mining
T45QUE,2021,3168,5120,22.311496,85.558519,0.7986,Mining
T45QUE,2021,4160,5376,22.222122,85.584269,0.7986,Mining
T45QUE,2021,7712,2048,21.898236,85.265393,0.7986,Mining
T45QUE,2021,3648,6240,22.269073,85.667642,0.7985,Mining
T45QUE,2021,7104,3264,21.954342,85.382444,0.7985,Mining
T45QUE,2021,320,8320,22.5712,85.867053,0.7985,Mining
T45QUE,2021,448,2624,22.554782,85.313301,0.7984,Mining
T45QUE,2021,3840,5728,22.251317,85.61813,0.7984,Mining
T45QUE,2021,2240,1536,22.391827,85.20961,0.7983,Mining
T45QUE,2021,3296,10048,22.30348,86.036972,0.7983,Mining
T45QUE,2021,5248,10368,22.127335,86.0692,0.7983,Mining
T45QUE,2021,6176,4544,22.039328,85.505487,0.7982,Mining
T45QUE,2021,4448,3072,22.194016,85.361092,0.7982,Mining
T45QUE,2021,3104,448,22.31261,85.105023,0.7982,Mining
T45QUE,2021,7200,7520,21.949213,85.794584,0.7982,Mining
T45QUE,2021,1600,4800,22.452825,85.525968,0.7982,Mining
T45QUE,2021,5152,9632,22.135584,85.997782,0.7981,Mining
T45QUE,2021,2816,3936,22.342222,85.443248,0.7981,Mining
T45QUE,2021,3232,5664,22.306176,85.611379,0.7981,Mining
T45QUE,2021,3200,4832,22.308355,85.530595,0.7981,Mining
T45QUE,2021,0,5408,22.597853,85.583569,0.798,Mining
T45QUE,2021,6624,5344,21.999555,85.583389,0.798,Mining
T45QUE,2021,1888,3552,22.425664,85.405015,0.798,Mining
T45QUE,2021,10656,4640,21.634793,85.51896,0.7979,Mining
T45QUE,2021,1728,10592,22.445423,86.088859,0.7979,Mining
T45QUE,2021,7680,8608,21.906594,85.900263,0.7979,Mining
T45QUE,2021,1760,8000,22.440914,85.83702,0.7979,Mining
T45QUE,2021,2592,1728,22.360247,85.228656,0.7979,Mining
T45QUE,2021,7520,1920,21.915443,85.252795,0.7978,Mining
T45QUE,2021,6240,4608,22.033605,85.511747,0.7978,Mining
T45QUE,2021,7616,3712,21.908524,85.426324,0.7978,Mining
T45QUE,2021,4960,1600,22.146283,85.218937,0.7978,Mining
T45QUE,2021,9344,1120,21.749892,85.177464,0.7977,Mining
T45QUE,2021,2336,7488,22.388524,85.787725,0.7977,Mining
T45QUE,2021,8192,7392,21.859518,85.782952,0.7977,Mining
T45QUE,2021,1920,9312,22.42733,85.964608,0.7977,Mining
T45QUE,2021,3040,6272,22.324012,85.670228,0.7976,Mining
T45QUE,2021,2016,5056,22.415481,85.551231,0.7976,Mining
T45QUE,2021,6304,7616,22.030213,85.8032,0.7975,Mining
T45QUE,2021,5632,6720,22.090252,85.71585,0.7975,Mining
T45QUE,2021,3584,8608,22.276577,85.897393,0.7975,Mining
T45QUE,2021,2432,10624,22.381848,86.092382,0.7974,Mining
T45QUE,2021,7200,3808,21.946183,85.435204,0.7974,Mining
T45QUE,2021,64,4000,22.590807,85.446692,0.7973,Mining
T45QUE,2021,3552,4032,22.275844,85.4533,0.7973,Mining
T45QUE,2021,4864,10496,22.162093,86.081385,0.7973,Mining
T45QUE,2021,6240,7168,22.035671,85.759748,0.7973,Mining
T45QUE,2021,7488,2592,21.919011,85.317797,0.7973,Mining
T45QUE,2021,4288,4832,22.210094,85.531621,0.7973,Mining
T45QUE,2021,2752,3840,22.347912,85.433864,0.7973,Mining
T45QUE,2021,3232,8928,22.308579,85.928207,0.7972,Mining
T45QUE,2021,672,5440,22.537191,85.5873,0.7972,Mining
T45QUE,2021,1888,6592,22.42831,85.700327,0.7972,Mining
T45QUE,2021,7360,5856,21.9335,85.633613,0.7971,Mining
T45QUE,2021,3904,9920,22.248486,86.024928,0.7971,Mining
T45QUE,2021,3360,9376,22.297299,85.971782,0.797,Mining
T45QUE,2021,5504,7040,22.102054,85.746762,0.797,Mining
T45QUE,2021,4000,1472,22.232834,85.205429,0.797,Mining
T45QUE,2021,1632,736,22.445846,85.131197,0.797,Mining
T45QUE,2021,5664,6752,22.087386,85.718978,0.7969,Mining
T45QUE,2021,960,3168,22.509093,85.366733,0.7969,Mining
T45QUE,2021,2304,3392,22.387943,85.389906,0.7969,Mining
T45QUE,2021,416,5792,22.560608,85.621292,0.7969,Mining
T45QUE,2021,3040,7040,22.324606,85.744783,0.7968,Mining
T45QUE,2021,5408,4192,22.108374,85.470641,0.7968,Mining
T45QUE,2021,6528,3584,22.006664,85.412845,0.7968,Mining
T45QUE,2021,224,10240,22.581079,86.05373,0.7968,Mining
T45QUE,2021,2528,5536,22.369651,85.598319,0.7967,Mining
T45QUE,2021,5088,10560,22.141893,86.087722,0.7967,Mining
T45QUE,2021,5120,1472,22.131699,85.206713,0.7967,Mining
T45QUE,2021,5952,9536,22.063263,85.988989,0.7967,Mining
T45QUE,2021,7168,9152,21.953187,85.952584,0.7966,Mining
T45QUE,2021,2688,6752,22.35618,85.716534,0.7966,Mining
T45QUE,2021,5472,2688,22.101164,85.324949,0.7966,Mining
T45QUE,2021,5984,4640,22.056753,85.514606,0.7966,Mining
T45QUE,2021,448,2432,22.554585,85.294635,0.7966,Mining
T45QUE,2021,3552,8992,22.279716,85.934639,0.7965,Mining
T45QUE,2021,1920,10592,22.42808,86.088973,0.7965,Mining
T45QUE,2021,6496,128,22.005971,85.078137,0.7964,Mining
T45QUE,2021,7616,2048,21.906905,85.265288,0.7964,Mining
T45QUE,2021,5120,7040,22.136738,85.746455,0.7964,Mining
T45QUE,2021,6944,5664,21.970918,85.614662,0.7963,Mining
T45QUE,2021,3520,6208,22.280608,85.664427,0.7963,Mining
T45QUE,2021,9184,6912,21.769565,85.737292,0.7963,Mining
T45QUE,2021,5600,6432,22.092921,85.687912,0.7962,Mining
T45QUE,2021,3200,10208,22.312244,86.052446,0.7962,Mining
T45QUE,2021,32,9696,22.598101,86.000692,0.7961,Mining
T45QUE,2021,8960,8192,21.790698,85.860912,0.7961,Mining
T45QUE,2021,1536,10592,22.462766,86.088746,0.7961,Mining
T45QUE,2021,4544,10848,22.191188,86.115341,0.7961,Mining
T45QUE,2021,7008,2432,21.962199,85.301797,0.7961,Mining
T45QUE,2021,640,7872,22.541984,85.823729,0.796,Mining
T45QUE,2021,2496,8288,22.374636,85.865543,0.796,Mining
T45QUE,2021,1792,2976,22.433771,85.348964,0.796,Mining
T45QUE,2021,4832,3744,22.15998,85.426644,0.7959,Mining
T45QUE,2021,2944,3488,22.330239,85.399889,0.7959,Mining
T45QUE,2021,5280,6304,22.121723,85.675236,0.7959,Mining
T45QUE,2021,5312,4448,22.117274,85.495361,0.7959,Mining
T45QUE,2021,6464,9088,22.01674,85.945917,0.7957,Mining
T45QUE,2021,1504,2944,22.459746,85.345547,0.7957,Mining
T45QUE,2021,1984,5408,22.418674,85.585393,0.7957,Mining
T45QUE,2021,1440,2944,22.465526,85.345478,0.7957,Mining
T45QUE,2021,288,3104,22.569713,85.359796,0.7956,Mining
T45QUE,2021,2816,9856,22.346726,86.018031,0.7956,Mining
T45QUE,2021,1728,2752,22.439326,85.327136,0.7956,Mining
T45QUE,2021,2240,6816,22.396692,85.722379,0.7955,Mining
T45QUE,2021,5792,7520,22.076391,85.793508,0.7954,Mining
T45QUE,2021,256,6272,22.575452,85.667828,0.7954,Mining
T45QUE,2021,1632,8000,22.452476,85.836924,0.7953,Mining
T45QUE,2021,3648,10784,22.272092,86.108621,0.7952,Mining
T45QUE,2021,704,2240,22.531269,85.276256,0.7952,Mining
T45QUE,2021,4480,5056,22.192949,85.553525,0.7951,Mining
T45QUE,2021,1952,4128,22.420427,85.461029,0.7951,Mining
T45QUE,2021,1408,6144,22.471306,85.656387,0.7951,Mining
T45QUE,2021,5088,10656,22.141945,86.097031,0.795,Mining
T45QUE,2021,1888,352,22.422295,85.094213,0.795,Mining
T45QUE,2021,4032,1120,22.229564,85.171326,0.795,Mining
T45QUE,2021,3488,9184,22.285618,85.953231,0.795,Mining
T45QUE,2021,3104,10272,22.320951,86.058601,0.7949,Mining
T45QUE,2021,6880,7104,21.977816,85.754053,0.7949,Mining
T45QUE,2021,2752,9216,22.352119,85.955842,0.7949,Mining
T45QUE,2021,320,6848,22.570127,85.723898,0.7949,Mining
T45QUE,2021,1088,1184,22.495464,85.17407,0.7948,Mining
T45QUE,2021,1952,8128,22.423662,85.8496,0.7948,Mining
T45QUE,2021,4608,7680,22.183449,85.808114,0.7947,Mining
T45QUE,2021,320,3712,22.567416,85.418948,0.7947,Mining
T45QUE,2021,704,3424,22.532461,85.391347,0.7947,Mining
T45QUE,2021,6784,8192,21.987254,85.85935,0.7946,Mining
T45QUE,2021,4448,9952,22.199365,86.028371,0.7946,Mining
T45QUE,2021,7424,1824,21.924013,85.243398,0.7945,Mining
T45QUE,2021,128,4064,22.585088,85.452981,0.7945,Mining
T45QUE,2021,3008,4320,22.325237,85.480714,0.7945,Mining
T45QUE,2021,64,3264,22.590099,85.375116,0.7945,Mining
T45QUE,2021,6048,2528,22.048989,85.310063,0.7945,Mining
T45QUE,2021,384,3872,22.561789,85.434571,0.7945,Mining
T45QUE,2021,3360,10752,22.29809,86.10535,0.7943,Mining
T45QUE,2021,8000,7648,21.877042,85.807579,0.7943,Mining
T45QUE,2021,6880,1280,21.972566,85.190128,0.7942,Mining
T45QUE,2021,8480,8064,21.83397,85.848186,0.7942,Mining
T45QUE,2021,6240,7264,22.035741,85.769049,0.7941,Mining
T45QUE,2021,3040,10816,22.327031,86.111379,0.7941,Mining
T45QUE,2021,3968,10176,22.242852,86.049808,0.794,Mining
T45QUE,2021,3584,9568,22.277183,85.990564,0.794,Mining
T45QUE,2021,7136,6592,21.954309,85.704681,0.794,Mining
T45QUE,2021,384,9728,22.566326,86.004033,0.794,Mining
T45QUE,2021,4128,8000,22.227029,85.838792,0.794,Mining
T45QUE,2021,5440,4160,22.105455,85.467571,0.794,Mining
T45QUE,2021,7328,2464,21.933333,85.305237,0.794,Mining
T45QUE,2021,1408,3488,22.468949,85.3983,0.7938,Mining
T45QUE,2021,3104,7040,22.318826,85.744835,0.7937,Mining
T45QUE,2021,5664,384,22.081386,85.101923,0.7937,Mining
T45QUE,2021,4608,6816,22.182814,85.724321,0.7937,Mining
T45QUE,2021,4000,9248,22.23941,85.959784,0.7937,Mining
T45QUE,2021,2528,3584,22.367899,85.408781,0.7937,Mining
T45QUE,2021,3712,10496,22.266155,86.080707,0.7936,Mining
T45QUE,2021,5024,9856,22.147279,86.01942,0.7936,Mining
T45QUE,2021,544,2272,22.545751,85.279187,0.7936,Mining
T45QUE,2021,256,4832,22.57423,85.527792,0.7936,Mining
T45QUE,2021,4576,8576,22.186952,85.89499,0.7935,Mining
T45QUE,2021,6656,1664,21.993199,85.227053,0.7935,Mining
T45QUE,2021,2784,6912,22.347632,85.732148,0.7935,Mining
T45QUE,2021,7392,7680,21.931983,85.81022,0.7935,Mining
T45QUE,2021,2048,5440,22.412921,85.58856,0.7934,Mining
T45QUE,2021,4224,10272,22.219781,86.059277,0.7934,Mining
T45QUE,2021,2080,8544,22.412383,85.890107,0.7934,Mining
T45QUE,2021,5472,6080,22.104204,85.653687,0.7934,Mining
T45QUE,2021,1056,5120,22.502236,85.55655,0.7933,Mining
T45QUE,2021,1856,3616,22.428615,85.411199,0.7933,Mining
T45QUE,2021,7200,3264,21.945673,85.382542,0.7933,Mining
T45QUE,2021,2560,3264,22.3647,85.377745,0.7933,Mining
T45QUE,2021,192,10240,22.583969,86.05371,0.7932,Mining
T45QUE,2021,2336,3200,22.384866,85.371295,0.7932,Mining
T45QUE,2021,7424,7648,21.92907,85.807146,0.7932,Mining
T45QUE,2021,320,1696,22.565368,85.222935,0.7932,Mining
T45QUE,2021,3712,9600,22.26564,85.993752,0.7931,Mining
T45QUE,2021,3232,7200,22.307384,85.760469,0.7931,Mining
T45QUE,2021,992,5920,22.508694,85.63425,0.7931,Mining
T45QUE,2021,896,6656,22.517955,85.705712,0.793,Mining
T45QUE,2021,1824,2208,22.430101,85.2744,0.7929,Mining
T45QUE,2021,320,4512,22.568162,85.496737,0.7929,Mining
T45QUE,2021,9472,6272,21.743068,85.675643,0.7929,Mining
T45QUE,2021,4096,6848,22.229083,85.727008,0.7929,Mining
T45QUE,2021,3008,4832,22.325695,85.530414,0.7929,Mining
T45QUE,2021,6400,3776,22.018403,85.431312,0.7928,Mining
T45QUE,2021,960,0,22.505676,85.058862,0.7928,Mining
T45QUE,2021,320,9728,22.572107,86.003992,0.7928,Mining
T45QUE,2021,5888,2112,22.063016,85.26959,0.7927,Mining
T45QUE,2021,3232,10720,22.309636,86.10217,0.7927,Mining
T45QUE,2021,8160,832,21.856499,85.148251,0.7927,Mining
T45QUE,2021,4576,10336,22.18802,86.065697,0.7926,Mining
T45QUE,2021,4672,8160,22.178002,85.854714,0.7926,Mining
T45QUE,2021,5120,9376,22.138321,85.97294,0.7926,Mining
T45QUE,2021,320,4480,22.568133,85.493625,0.7925,Mining
T45QUE,2021,3680,10720,22.269167,86.102428,0.7925,Mining
T45QUE,2021,6944,1952,21.967491,85.255258,0.7925,Mining
T45QUE,2021,1792,10080,22.439353,86.039147,0.7925,Mining
T45QUE,2021,1568,4192,22.455165,85.466864,0.7924,Mining
T45QUE,2021,6784,8768,21.987632,85.915137,0.7924,Mining
T45QUE,2021,6592,3904,22.001181,85.443899,0.7924,Mining
T45QUE,2021,3616,10688,22.274931,86.099285,0.7924,Mining
T45QUE,2021,3808,7008,22.255216,85.742298,0.7924,Mining
T45QUE,2021,3392,4416,22.290644,85.490406,0.7923,Mining
T45QUE,2021,5376,9760,22.115426,86.010333,0.7922,Mining
T45QUE,2021,7968,2560,21.875632,85.315209,0.7921,Mining
T45QUE,2021,3520,2688,22.277439,85.322858,0.7921,Mining
T45QUE,2021,5024,7040,22.145409,85.746378,0.792,Mining
T45QUE,2021,3552,9728,22.280169,86.006072,0.792,Mining
T45QUE,2021,3168,5760,22.312036,85.62064,0.792,Mining
T45QUE,2021,4512,10592,22.193942,86.09049,0.792,Mining
T45QUE,2021,4000,10848,22.240329,86.115032,0.7919,Mining
T45QUE,2021,7072,3232,21.957202,85.379313,0.7919,Mining
T45QUE,2021,3424,0,22.283203,85.061948,0.7919,Mining
T45QUE,2021,5088,10592,22.141911,86.090825,0.7918,Mining
T45QUE,2021,6336,7968,22.027568,85.837325,0.7918,Mining
T45QUE,2021,4864,8608,22.160959,85.898297,0.7918,Mining
T45QUE,2021,992,1120,22.504062,85.167736,0.7918,Mining
T45QUE,2021,8224,3296,21.853225,85.386681,0.7917,Mining
T45QUE,2021,1632,9952,22.453731,86.026608,0.7917,Mining
T45QUE,2021,4704,6624,22.173997,85.705781,0.7917,Mining
T45QUE,2021,5408,4032,22.108228,85.455134,0.7916,Mining
T45QUE,2021,7360,2400,21.930379,85.299077,0.7916,Mining
T45QUE,2021,1632,896,22.446025,85.146738,0.7916,Mining
T45QUE,2021,3360,6144,22.295008,85.658079,0.7916,Mining
T45QUE,2021,128,1280,22.582252,85.182263,0.7915,Mining
T45QUE,2021,992,9984,22.511559,86.029315,0.7915,Mining
T45QUE,2021,832,10176,22.526123,86.047882,0.7914,Mining
T45QUE,2021,3776,6752,22.257912,85.717432,0.7914,Mining
T45QUE,2021,5472,8576,22.106019,85.895622,0.7914,Mining
T45QUE,2021,1088,2304,22.496661,85.282905,0.7914,Mining
T45QUE,2021,3072,7840,22.322299,85.822472,0.7913,Mining
T45QUE,2021,768,4352,22.527558,85.481622,0.7913,Mining
T45QUE,2021,6688,8864,21.996365,85.92437,0.7912,Mining
T45QUE,2021,2464,4352,22.374394,85.483289,0.7912,Mining
T45QUE,2021,5600,10048,22.095359,86.038391,0.7911,Mining
T45QUE,2021,6016,4192,22.053464,85.471232,0.7911,Mining
T45QUE,2021,512,2048,22.548406,85.257376,0.7911,Mining
T45QUE,2021,1984,8288,22.420881,85.865168,0.7911,Mining
T45QUE,2021,6880,5312,21.976407,85.58052,0.791,Mining
T45QUE,2021,2848,10336,22.344112,86.06466,0.791,Mining
T45QUE,2021,6016,3136,22.052476,85.368929,0.791,Mining
T45QUE,2021,1600,2848,22.450981,85.336323,0.7909,Mining
T45QUE,2021,7168,8288,21.952632,85.868923,0.7909,Mining
T45QUE,2021,5984,7456,22.059003,85.787453,0.7909,Mining
T45QUE,2021,832,1120,22.518509,85.167546,0.7908,Mining
T45QUE,2021,6720,3552,21.989294,85.409939,0.7907,Mining
T45QUE,2021,6208,6816,22.038299,85.725621,0.7907,Mining
T45QUE,2021,8128,800,21.859354,85.145119,0.7907,Mining
T45QUE,2021,5504,8704,22.103212,85.908052,0.7906,Mining
T45QUE,2021,7808,3488,21.890975,85.404838,0.7904,Mining
T45QUE,2021,4832,9856,22.164622,86.0193,0.7904,Mining
T45QUE,2021,9920,2080,21.698871,85.270884,0.7903,Mining
T45QUE,2021,2432,7424,22.379806,85.781584,0.7903,Mining
T45QUE,2021,192,8768,22.583062,85.910533,0.7903,Mining
T45QUE,2021,4256,5152,22.213262,85.562629,0.7902,Mining
T45QUE,2021,3552,10880,22.280815,86.117884,0.7902,Mining
T45QUE,2021,2976,7936,22.331037,85.831719,0.7902,Mining
T45QUE,2021,2368,7456,22.38561,85.784642,0.7901,Mining
T45QUE,2021,224,1152,22.573443,85.169932,0.7901,Mining
T45QUE,2021,4288,10400,22.214071,86.071733,0.7901,Mining
T45QUE,2021,7456,1568,21.920857,85.218658,0.7901,Mining
T45QUE,2021,7488,3392,21.919785,85.395225,0.7901,Mining
T45QUE,2021,0,9152,22.600653,85.947751,0.79,Mining
T45QUE,2021,896,10912,22.52075,86.11948,0.79,Mining
T45QUE,2021,1696,4384,22.443781,85.485644,0.79,Mining
T45QUE,2021,4800,7712,22.166129,85.811363,0.7899,Mining
T45QUE,2021,8928,7776,21.793306,85.820654,0.7899,Mining
T45QUE,2021,32,10112,22.598348,86.04116,0.7899,Mining
T45QUE,2021,6656,2464,21.994019,85.304517,0.7898,Mining
T45QUE,2021,800,5408,22.525604,85.584307,0.7898,Mining
T45QUE,2021,1984,4384,22.417772,85.485927,0.7898,Mining
T45QUE,2021,7104,2272,21.953369,85.286411,0.7897,Mining
T45QUE,2021,3872,6624,22.249143,85.705091,0.7897,Mining
T45QUE,2021,8832,2656,21.7977,85.325407,0.7897,Mining
T45QUE,2021,2272,1536,22.388937,85.209647,0.7897,Mining
T45QUE,2021,864,10048,22.523159,86.035457,0.7896,Mining
T45QUE,2021,3232,5952,22.306413,85.639332,0.7896,Mining
T45QUE,2021,7104,6368,21.957027,85.682966,0.7896,Mining
T45QUE,2021,1888,416,22.422369,85.100429,0.7896,Mining
T45QUE,2021,448,3264,22.555423,85.375523,0.7894,Mining
T45QUE,2021,2080,6048,22.410536,85.647646,0.7894,Mining
T45QUE,2021,6304,3424,22.026742,85.397122,0.7893,Mining
T45QUE,2021,6176,6272,22.040771,85.672891,0.7893,Mining
T45QUE,2021,480,672,22.54979,85.123577,0.7893,Mining
T45QUE,2021,7552,5632,21.915977,85.612096,0.7893,Mining
T45QUE,2021,4192,4352,22.218338,85.484972,0.7893,Mining
T45QUE,2021,6848,6592,21.980322,85.704445,0.7892,Mining
T45QUE,2021,4608,10912,22.185441,86.121584,0.7892,Mining
T45QUE,2021,448,1056,22.55311,85.160867,0.7892,Mining
T45QUE,2021,992,2688,22.505723,85.320117,0.7891,Mining
T45QUE,2021,1696,7104,22.446044,85.749912,0.7891,Mining
T45QUE,2021,4672,6336,22.176663,85.677825,0.789,Mining
T45QUE,2021,6560,6784,22.006481,85.722806,0.789,Mining
T45QUE,2021,3424,10464,22.292153,86.077431,0.789,Mining
T45QUE,2021,1216,8288,22.490249,85.864603,0.7889,Mining
T45QUE,2021,1056,6816,22.503628,85.721399,0.7889,Mining
T45QUE,2021,1696,3776,22.443216,85.426578,0.7889,Mining
T45QUE,2021,8000,800,21.870912,85.144969,0.7888,Mining
T45QUE,2021,4928,10016,22.156043,86.034876,0.7888,Mining
T45QUE,2021,7104,3200,21.954281,85.376248,0.7887,Mining
T45QUE,2021,1056,8544,22.504874,85.88937,0.7887,Mining
T45QUE,2021,160,10432,22.586969,86.072367,0.7887,Mining
T45QUE,2021,3232,9344,22.308841,85.968591,0.7887,Mining
T45QUE,2021,4704,8800,22.175536,85.916805,0.7887,Mining
T45QUE,2021,736,5152,22.531163,85.55936,0.7887,Mining
T45QUE,2021,2304,10912,22.393565,86.120283,0.7886,Mining
T45QUE,2021,3232,864,22.301519,85.145545,0.7886,Mining
T45QUE,2021,544,576,22.543902,85.114324,0.7885,Mining
T45QUE,2021,6624,6528,22.000506,85.698062,0.7885,Mining
T45QUE,2021,416,6208,22.56095,85.661744,0.7885,Mining
T45QUE,2021,7232,7968,21.946635,85.837985,0.7885,Mining
T45QUE,2021,7680,4128,21.903124,85.466647,0.7885,Mining
T45QUE,2021,7328,7648,21.937741,85.807074,0.7885,Mining
T45QUE,2021,352,3168,22.563997,85.366087,0.7885,Mining
T45QUE,2021,6784,8928,21.987734,85.930634,0.7885,Mining
T45QUE,2021,6784,3168,21.98315,85.372821,0.7884,Mining
T45QUE,2021,2752,3552,22.347639,85.405904,0.7884,Mining
T45QUE,2021,2368,7488,22.385633,85.78775,0.7883,Mining
T45QUE,2021,3808,6560,22.254874,85.698828,0.7883,Mining
T45QUE,2021,2688,4224,22.354048,85.47108,0.7882,Mining
T45QUE,2021,128,2784,22.583841,85.328508,0.7882,Mining
T45QUE,2021,0,992,22.59349,85.154107,0.7881,Mining
T45QUE,2021,3904,5408,22.24527,85.587141,0.7881,Mining
T45QUE,2021,3072,10784,22.324123,86.108291,0.7881,Mining
T45QUE,2021,1920,864,22.419985,85.143976,0.7881,Mining
T45QUE,2021,1824,896,22.428689,85.146969,0.788,Mining
T45QUE,2021,5024,10080,22.147408,86.041141,0.788,Mining
T45QUE,2021,4000,9216,22.23939,85.95668,0.788,Mining
T45QUE,2021,992,5088,22.507988,85.553379,0.788,Mining
T45QUE,2021,7200,6848,21.948722,85.729519,0.7879,Mining
T45QUE,2021,5408,10816,22.113124,86.112726,0.7879,Mining
T45QUE,2021,7136,5664,21.953576,85.61483,0.7879,Mining
T45QUE,2021,7200,3680,21.946064,85.422813,0.7879,Mining
T45QUE,2021,2560,96,22.361325,85.070189,0.7878,Mining
T45QUE,2021,3392,9824,22.294678,86.015289,0.7878,Mining
T45QUE,2021,4128,3104,22.222945,85.36386,0.7878,Mining
T45QUE,2021,4736,5504,22.170208,85.597202,0.7877,Mining
T45QUE,2021,4768,10112,22.170551,86.044087,0.7877,Mining
T45QUE,2021,5632,7552,22.090866,85.796486,0.7877,Mining
T45QUE,2021,2624,3264,22.358921,85.377812,0.7877,Mining
T45QUE,2021,4928,4640,22.152125,85.513607,0.7876,Mining
T45QUE,2021,256,1120,22.570518,85.166859,0.7876,Mining
T45QUE,2021,1568,1184,22.452123,85.174638,0.7876,Mining
T45QUE,2021,3328,9568,22.300307,85.990398,0.7875,Mining
T45QUE,2021,3104,9824,22.320693,86.015106,0.7875,Mining
T45QUE,2021,1568,4704,22.45563,85.51661,0.7875,Mining
T45QUE,2021,0,1728,22.594297,85.225676,0.7874,Mining
T45QUE,2021,1568,3104,22.454125,85.36116,0.7874,Mining
T45QUE,2021,6336,9440,22.028518,85.979934,0.7874,Mining
T45QUE,2021,7072,8256,21.961282,85.865755,0.7874,Mining
T45QUE,2021,2112,4128,22.405978,85.461188,0.7874,Mining
T45QUE,2021,9152,5248,21.771148,85.57636,0.7874,Mining
T45QUE,2021,4032,6080,22.234263,85.652448,0.7874,Mining
T45QUE,2021,5120,10272,22.138844,86.059816,0.7874,Mining
T45QUE,2021,6976,2464,21.965121,85.304861,0.7874,Mining
T45QUE,2021,3936,8288,22.244568,85.866593,0.7873,Mining
T45QUE,2021,160,9632,22.5865,85.99455,0.7873,Mining
T45QUE,2021,4544,8576,22.189842,85.894968,0.7873,Mining
T45QUE,2021,4064,4320,22.229869,85.481744,0.7873,Mining
T45QUE,2021,4160,10464,22.225669,86.077867,0.7873,Mining
T45QUE,2021,6496,7744,22.01296,85.815745,0.7873,Mining
T45QUE,2021,2656,8352,22.360227,85.871875,0.7873,Mining
T45QUE,2021,160,6080,22.583966,85.649071,0.7872,Mining
T45QUE,2021,7136,7296,21.954833,85.772846,0.7872,Mining
T45QUE,2021,1952,10592,22.425189,86.088991,0.7871,Mining
T45QUE,2021,3488,9792,22.285988,86.012243,0.787,Mining
T45QUE,2021,4256,3168,22.211448,85.370201,0.787,Mining
T45QUE,2021,5600,7552,22.093756,85.796462,0.7869,Mining
T45QUE,2021,192,4064,22.579308,85.453046,0.7869,Mining
T45QUE,2021,4160,3136,22.220086,85.366997,0.7869,Mining
T45QUE,2021,160,6368,22.5842,85.677081,0.7868,Mining
T45QUE,2021,9312,928,21.752576,85.158868,0.7868,Mining
T45QUE,2021,7392,1824,21.926903,85.243363,0.7867,Mining
T45QUE,2021,2560,10880,22.370423,86.11732,0.7867,Mining
T45QUE,2021,3296,4032,22.298963,85.453045,0.7867,Mining
T45QUE,2021,3328,5952,22.297743,85.639416,0.7867,Mining
T45QUE,2021,7456,10816,21.928118,86.113877,0.7867,Mining
T45QUE,2021,4256,10240,22.216873,86.056192,0.7866,Mining
T45QUE,2021,5760,5024,22.077318,85.551604,0.7866,Mining
T45QUE,2021,6912,5856,21.973964,85.633226,0.7866,Mining
T45QUE,2021,4288,8864,22.213153,85.922725,0.7866,Mining
T45QUE,2021,7680,1536,21.900596,85.215813,0.7866,Mining
T45QUE,2021,1984,960,22.414313,85.153376,0.7866,Mining
T45QUE,2021,1568,6112,22.456829,85.653417,0.7865,Mining
T45QUE,2021,160,6912,22.584627,85.72999,0.7864,Mining
T45QUE,2021,5440,8800,22.109055,85.917313,0.7864,Mining
T45QUE,2021,6240,5984,22.034762,85.645044,0.7863,Mining
T45QUE,2021,2752,4608,22.348616,85.508424,0.7863,Mining
T45QUE,2021,1440,9440,22.470766,85.976726,0.7863,Mining
T45QUE,2021,2336,2944,22.384614,85.346437,0.7863,Mining
T45QUE,2021,2304,7936,22.391734,85.831213,0.7862,Mining
T45QUE,2021,2368,8992,22.386662,85.933827,0.7862,Mining
T45QUE,2021,3072,3840,22.319014,85.434186,0.7862,Mining
T45QUE,2021,5952,6784,22.061397,85.722313,0.7861,Mining
T45QUE,2021,6784,3328,21.983303,85.388314,0.7861,Mining
T45QUE,2021,5920,5888,22.063587,85.635467,0.7861,Mining
T45QUE,2021,7584,7456,21.914482,85.788681,0.7861,Mining
T45QUE,2021,1792,2144,22.432924,85.268147,0.786,Mining
T45QUE,2021,6656,6976,21.997954,85.741479,0.786,Mining
T45QUE,2021,1216,5280,22.487924,85.572249,0.786,Mining
T45QUE,2021,6752,8512,21.990357,85.89032,0.786,Mining
T45QUE,2021,7424,3232,21.925413,85.379673,0.786,Mining
T45QUE,2021,4576,10912,22.188331,86.121566,0.7859,Mining
T45QUE,2021,8928,7872,21.793372,85.829939,0.7858,Mining
T45QUE,2021,4256,9920,22.21669,86.025147,0.7858,Mining
T45QUE,2021,448,1152,22.553217,85.170199,0.7858,Mining
T45QUE,2021,3040,3872,22.321933,85.43726,0.7857,Mining
T45QUE,2021,1632,10784,22.454199,86.107461,0.7857,Mining
T45QUE,2021,7168,1824,21.947131,85.243114,0.7856,Mining
T45QUE,2021,2368,1376,22.380096,85.194223,0.7856,Mining
T45QUE,2021,4192,6624,22.220241,85.705357,0.7856,Mining
T45QUE,2021,3200,256,22.303723,85.08651,0.7856,Mining
T45QUE,2021,5824,9664,22.074901,86.001312,0.7855,Mining
T45QUE,2021,1728,10816,22.445544,86.110626,0.7855,Mining
T45QUE,2021,10304,4416,21.66639,85.496993,0.7855,Mining
T45QUE,2021,7552,1664,21.912288,85.228056,0.7854,Mining
T45QUE,2021,7008,7616,21.966623,85.803734,0.7853,Mining
T45QUE,2021,2144,6240,22.40491,85.666351,0.7853,Mining
T45QUE,2021,1216,4128,22.486894,85.460295,0.7853,Mining
T45QUE,2021,1568,1216,22.452158,85.177746,0.7853,Mining
T45QUE,2021,6816,7872,21.984145,85.828381,0.7852,Mining
T45QUE,2021,5664,10304,22.089721,86.063243,0.7852,Mining
T45QUE,2021,7008,2560,21.962327,85.314189,0.7852,Mining
T45QUE,2021,7328,7936,21.937941,85.834957,0.7852,Mining
T45QUE,2021,128,9824,22.589507,86.013205,0.7852,Mining
T45QUE,2021,6560,8960,22.007988,85.933582,0.7852,Mining
T45QUE,2021,6432,1792,22.013561,85.239197,0.7851,Mining
T45QUE,2021,8288,768,21.844871,85.14221,0.7851,Mining
T45QUE,2021,5920,5632,22.063378,85.610662,0.7851,Mining
T45QUE,2021,5056,9824,22.144369,86.016337,0.7851,Mining
T45QUE,2021,2208,6144,22.399053,85.657082,0.785,Mining
T45QUE,2021,5504,6048,22.101288,85.650613,0.7849,Mining
T45QUE,2021,3392,9600,22.294545,85.993546,0.7849,Mining
T45QUE,2021,6912,3520,21.971924,85.407034,0.7849,Mining
T45QUE,2021,3744,10528,22.263282,86.083832,0.7848,Mining
T45QUE,2021,832,5440,22.522741,85.587447,0.7848,Mining
T45QUE,2021,5088,6336,22.13909,85.678177,0.7848,Mining
T45QUE,2021,4320,10080,22.211001,86.040709,0.7847,Mining
T45QUE,2021,320,9632,22.572048,85.994655,0.7847,Mining
T45QUE,2021,4768,6528,22.168142,85.696525,0.7847,Mining
T45QUE,2021,7200,5728,21.947848,85.621082,0.7846,Mining
T45QUE,2021,6304,8160,22.030589,85.855903,0.7846,Mining
T45QUE,2021,96,2816,22.586763,85.331585,0.7846,Mining
T45QUE,2021,3552,10848,22.280798,86.114778,0.7846,Mining
T45QUE,2021,5440,9792,22.109664,86.013476,0.7846,Mining
T45QUE,2021,6624,3456,21.997874,85.400546,0.7846,Mining
T45QUE,2021,3232,4512,22.305181,85.499568,0.7846,Mining
T45QUE,2021,4800,7776,22.166174,85.81757,0.7845,Mining
T45QUE,2021,3360,5664,22.294616,85.611493,0.7845,Mining
T45QUE,2021,3680,3008,22.263308,85.354076,0.7845,Mining
T45QUE,2021,4800,9632,22.167381,85.997556,0.7845,Mining
T45QUE,2021,6944,6784,21.971797,85.723116,0.7845,Mining
T45QUE,2021,1728,9952,22.44506,86.026669,0.7845,Mining
T45QUE,2021,4960,6848,22.151045,85.727711,0.7844,Mining
T45QUE,2021,6912,1472,21.96988,85.208752,0.7844,Mining
T45QUE,2021,1184,1184,22.486796,85.174183,0.7844,Mining
T45QUE,2021,1888,10848,22.431109,86.113828,0.7844,Mining
T45QUE,2021,1056,9440,22.505451,85.976471,0.7844,Mining
T45QUE,2021,3424,10528,22.292188,86.083643,0.7844,Mining
T45QUE,2021,5728,8896,22.083101,85.926816,0.7844,Mining
T45QUE,2021,1440,4288,22.466812,85.476065,0.7844,Mining
T45QUE,2021,864,3008,22.517604,85.35108,0.7843,Mining
T45QUE,2021,1472,9920,22.468165,86.023397,0.7843,Mining
T45QUE,2021,6368,3936,22.02144,85.446778,0.7843,Mining
T45QUE,2021,7168,7360,21.951989,85.779067,0.7843,Mining
T45QUE,2021,3520,10688,22.283603,86.09923,0.7843,Mining
T45QUE,2021,6144,3136,22.040917,85.369061,0.7843,Mining
T45QUE,2021,4736,5536,22.170234,85.600305,0.7842,Mining
T45QUE,2021,608,5536,22.543053,85.596575,0.7842,Mining
T45QUE,2021,3200,384,22.303869,85.09893,0.7842,Mining
T45QUE,2021,1568,4288,22.455253,85.476192,0.7841,Mining
T45QUE,2021,1760,10112,22.442262,86.042236,0.7841,Mining
T45QUE,2021,1728,3136,22.439708,85.364438,0.7841,Mining
T45QUE,2021,6304,7040,22.029795,85.747399,0.784,Mining
T45QUE,2021,5472,2656,22.101132,85.321848,0.784,Mining
T45QUE,2021,8128,768,21.859319,85.142023,0.784,Mining
T45QUE,2021,2752,3872,22.347942,85.43697,0.784,Mining
T45QUE,2021,160,2816,22.580983,85.331654,0.7839,Mining
T45QUE,2021,2336,3008,22.384677,85.352651,0.7839,Mining
T45QUE,2021,6816,2432,21.979538,85.301591,0.7838,Mining
T45QUE,2021,3136,4704,22.314022,85.518111,0.7838,Mining
T45QUE,2021,2464,10688,22.378992,86.098617,0.7837,Mining
T45QUE,2021,1600,6144,22.453965,85.656554,0.7837,Mining
T45QUE,2021,9248,5120,21.762371,85.564069,0.7837,Mining
T45QUE,2021,3104,1376,22.313638,85.19508,0.7836,Mining
T45QUE,2021,768,736,22.523858,85.130149,0.7836,Mining
T45QUE,2021,160,2240,22.580392,85.275645,0.7835,Mining
T45QUE,2021,4000,6496,22.237483,85.692779,0.7835,Mining
T45QUE,2021,4480,8512,22.195581,85.888715,0.7835,Mining
T45QUE,2021,1920,3584,22.422805,85.408156,0.7834,Mining
T45QUE,2021,7264,3136,21.93977,85.370217,0.7834,Mining
T45QUE,2021,1440,8256,22.469995,85.861658,0.7834,Mining
T45QUE,2021,7904,5440,21.884027,85.593824,0.7833,Mining
T45QUE,2021,1856,1536,22.426501,85.209166,0.7833,Mining
T45QUE,2021,7776,5856,21.895927,85.633971,0.7832,Mining
T45QUE,2021,6944,1536,21.967058,85.214984,0.7832,Mining
T45QUE,2021,3584,7744,22.275986,85.813543,0.7832,Mining
T45QUE,2021,3296,8864,22.302757,85.922039,0.7832,Mining
T45QUE,2021,576,2144,22.542727,85.26678,0.7832,Mining
T45QUE,2021,4288,6944,22.211814,85.736476,0.7832,Mining
T45QUE,2021,4512,7648,22.192097,85.804937,0.7831,Mining
T45QUE,2021,6528,6432,22.009102,85.688685,0.783,Mining
T45QUE,2021,7072,7808,21.960977,85.822374,0.783,Mining
T45QUE,2021,1024,7136,22.506763,85.752478,0.783,Mining
T45QUE,2021,1504,4672,22.461381,85.513439,0.783,Mining
T45QUE,2021,928,3392,22.512202,85.388471,0.7829,Mining
T45QUE,2021,128,7680,22.58809,85.804661,0.7829,Mining
T45QUE,2021,1216,6304,22.488775,85.67177,0.7829,Mining
T45QUE,2021,5504,6304,22.101491,85.675425,0.7829,Mining
T45QUE,2021,7040,7392,21.963573,85.782067,0.7829,Mining
T45QUE,2021,320,1312,22.564951,85.185602,0.7828,Mining
T45QUE,2021,7424,10752,21.930976,86.107663,0.7828,Mining
T45QUE,2021,2976,3488,22.327349,85.399922,0.7827,Mining
T45QUE,2021,3968,10912,22.243254,86.121224,0.7827,Mining
T45QUE,2021,7712,8640,21.903724,85.903383,0.7827,Mining
T45QUE,2021,3040,10912,22.327081,86.1207,0.7827,Mining
T45QUE,2021,4768,8224,22.169374,85.86099,0.7825,Mining
T45QUE,2021,7360,7904,21.935029,85.831882,0.7825,Mining
T45QUE,2021,5088,8000,22.140317,85.839505,0.7825,Mining
T45QUE,2021,448,6272,22.558112,85.667995,0.7824,Mining
T45QUE,2021,7936,3584,21.879505,85.414256,0.7824,Mining
T45QUE,2021,192,6144,22.581129,85.655324,0.7824,Mining
T45QUE,2021,3872,6656,22.249168,85.708196,0.7823,Mining
T45QUE,2021,2688,1120,22.350922,85.169746,0.7823,Mining
T45QUE,2021,4832,10016,22.164715,86.034816,0.7822,Mining
T45QUE,2021,3904,6272,22.245977,85.670966,0.7821,Mining
T45QUE,2021,4416,9856,22.2022,86.019039,0.7821,Mining
T45QUE,2021,1120,4032,22.495474,85.450869,0.782,Mining
T45QUE,2021,1600,3104,22.451236,85.361194,0.782,Mining
T45QUE,2021,5952,4192,22.059244,85.47117,0.782,Mining
T45QUE,2021,96,864,22.584679,85.141776,0.782,Mining
T45QUE,2021,6144,6144,22.04356,85.660463,0.7818,Mining
T45QUE,2021,7584,8352,21.915098,85.875415,0.7818,Mining
T45QUE,2021,6272,6112,22.031974,85.657472,0.7818,Mining
T45QUE,2021,5184,4416,22.128806,85.492136,0.7817,Mining
T45QUE,2021,3520,8992,22.282606,85.934617,0.7817,Mining
T45QUE,2021,3424,4032,22.287404,85.453173,0.7817,Mining
T45QUE,2021,3840,6688,22.252083,85.711274,0.7817,Mining
T45QUE,2021,3392,352,22.286497,85.09606,0.7817,Mining
T45QUE,2021,6144,7552,22.044619,85.796878,0.7817,Mining
T45QUE,2021,320,6464,22.569826,85.686555,0.7815,Mining
T45QUE,2021,1152,2048,22.490615,85.2581,0.7815,Mining
T45QUE,2021,6912,2624,21.971059,85.320283,0.7815,Mining
T45QUE,2021,5248,10208,22.127246,86.053687,0.7815,Mining
T45QUE,2021,3328,4672,22.296654,85.515188,0.7814,Mining
T45QUE,2021,6048,32,22.046314,85.068292,0.7814,Mining
T45QUE,2021,9632,6592,21.72886,85.706711,0.7814,Mining
T45QUE,2021,4160,3072,22.220024,85.36079,0.7814,Mining
T45QUE,2021,768,5920,22.528924,85.634051,0.7814,Mining
T45QUE,2021,1568,5696,22.456487,85.612995,0.7814,Mining
T45QUE,2021,3008,5888,22.326592,85.632923,0.7814,Mining
T45QUE,2021,5280,6880,22.122167,85.731073,0.7813,Mining
T45QUE,2021,4224,3040,22.214213,85.357753,0.7812,Mining
T45QUE,2021,1184,9376,22.49385,85.970335,0.7812,Mining
T45QUE,2021,2560,1728,22.363137,85.22862,0.7812,Mining
T45QUE,2021,5024,10240,22.147498,86.056655,0.781,Mining
T45QUE,2021,5632,9952,22.092413,86.029105,0.781,Mining
T45QUE,2021,2080,3200,22.407984,85.371026,0.781,Mining
T45QUE,2021,6528,7200,22.009681,85.763075,0.781,Mining
T45QUE,2021,10240,5696,21.673245,85.620617,0.781,Mining
T45QUE,2021,7008,6624,21.965895,85.707675,0.7809,Mining
T45QUE,2021,4032,6528,22.234617,85.695911,0.7809,Mining
T45QUE,2021,544,6592,22.549696,85.699192,0.7809,Mining
T45QUE,2021,2464,5440,22.37535,85.588939,0.7809,Mining
T45QUE,2021,3968,5504,22.239571,85.596512,0.7809,Mining
T45QUE,2021,3584,8896,22.276764,85.925344,0.7809,Mining
T45QUE,2021,6272,6688,22.032421,85.713272,0.7809,Mining
T45QUE,2021,3264,5920,22.303497,85.636254,0.7809,Mining
T45QUE,2021,1856,608,22.425476,85.119036,0.7808,Mining
T45QUE,2021,6784,8512,21.987466,85.890343,0.7808,Mining
T45QUE,2021,2624,4256,22.359857,85.474124,0.7807,Mining
T45QUE,2021,2016,5664,22.415999,85.610289,0.7807,Mining
T45QUE,2021,4096,7968,22.229897,85.835664,0.7807,Mining
T45QUE,2021,5024,10304,22.147534,86.062861,0.7807,Mining
T45QUE,2021,4576,8736,22.187056,85.910509,0.7807,Mining
T45QUE,2021,7328,8192,21.938115,85.859742,0.7806,Mining
T45QUE,2021,6912,8896,21.976151,85.927621,0.7806,Mining
T45QUE,2021,3584,10688,22.277822,86.099267,0.7806,Mining
T45QUE,2021,7936,3488,21.879416,85.404967,0.7806,Mining
T45QUE,2021,7456,3520,21.922795,85.407581,0.7806,Mining
T45QUE,2021,4192,6656,22.220265,85.708461,0.7806,Mining
T45QUE,2021,192,6336,22.581284,85.673997,0.7806,Mining
T45QUE,2021,5312,10304,22.121518,86.063033,0.7806,Mining
T45QUE,2021,4384,4640,22.201255,85.51309,0.7805,Mining
T45QUE,2021,7680,3104,21.902171,85.367548,0.7805,Mining
T45QUE,2021,5632,9760,22.092301,86.010495,0.7805,Mining
T45QUE,2021,2528,4800,22.369016,85.526852,0.7804,Mining
T45QUE,2021,6752,2496,21.985381,85.307719,0.7804,Mining
T45QUE,2021,704,480,22.529346,85.10519,0.7803,Mining
T45QUE,2021,1376,6144,22.474196,85.656359,0.7803,Mining
T45QUE,2021,4032,5632,22.233897,85.608987,0.7803,Mining
T45QUE,2021,5824,9792,22.074976,86.013717,0.7802,Mining
T45QUE,2021,352,10496,22.569662,86.078708,0.7802,Mining
T45QUE,2021,6272,3392,22.029602,85.39399,0.7802,Mining
T45QUE,2021,2400,3104,22.378993,85.362041,0.7802,Mining
T45QUE,2021,1472,2976,22.462668,85.348622,0.7801,Mining
T45QUE,2021,32,2848,22.592574,85.334627,0.7801,Mining
T45QUE,2021,3168,4608,22.311046,85.508824,0.78,Mining
T45QUE,2021,4832,8224,22.163593,85.861037,0.78,Mining
T45QUE,2021,2912,5472,22.334917,85.592453,0.78,Mining
T45QUE,2021,4640,2016,22.175615,85.258906,0.7799,Mining
T45QUE,2021,5120,5728,22.135711,85.619261,0.7799,Mining
T45QUE,2021,2656,4896,22.357541,85.536294,0.7799,Mining
T45QUE,2021,5280,10272,22.124391,86.059912,0.7798,Mining
T45QUE,2021,4768,3424,22.165457,85.395554,0.7798,Mining
T45QUE,2021,8128,832,21.859389,85.148214,0.7798,Mining
T45QUE,2021,4896,9760,22.158785,86.01003,0.7798,Mining
T45QUE,2021,6432,9920,22.020129,86.026498,0.7797,Mining
T45QUE,2021,1152,3040,22.491628,85.354498,0.7797,Mining
T45QUE,2021,7008,2592,21.962358,85.317287,0.7796,Mining
T45QUE,2021,5952,6592,22.061251,85.703709,0.7796,Mining
T45QUE,2021,4480,9696,22.196324,86.003559,0.7796,Mining
T45QUE,2021,2304,992,22.385455,85.156864,0.7796,Mining
T45QUE,2021,1664,9408,22.450513,85.973765,0.7796,Mining
T45QUE,2021,2720,1056,22.347963,85.163571,0.7796,Mining
T45QUE,2021,3808,6336,22.254698,85.677094,0.7795,Mining
T45QUE,2021,9216,5120,21.765261,85.56404,0.7795,Mining
T45QUE,2021,1696,3104,22.442567,85.361296,0.7795,Mining
T45QUE,2021,8416,7200,21.839146,85.764547,0.7795,Mining
T45QUE,2021,4864,3456,22.156818,85.398755,0.7795,Mining
T45QUE,2021,7424,7936,21.92927,85.835028,0.7795,Mining
T45QUE,2021,7232,2592,21.94213,85.317525,0.7795,Mining
T45QUE,2021,8416,4288,21.836796,85.482835,0.7794,Mining
T45QUE,2021,2560,9152,22.369421,85.949498,0.7794,Mining
T45QUE,2021,672,1024,22.532849,85.158024,0.7793,Mining
T45QUE,2021,1760,10016,22.442207,86.032908,0.7792,Mining
T45QUE,2021,8064,1120,21.865479,85.176,0.7792,Mining
T45QUE,2021,352,10464,22.569644,86.075595,0.7792,Mining
T45QUE,2021,5248,6176,22.124512,85.662801,0.7791,Mining
T45QUE,2021,2560,1632,22.363035,85.2193,0.7791,Mining
T45QUE,2021,2144,3616,22.402607,85.411494,0.7791,Mining
T45QUE,2021,3168,544,22.30694,85.114417,0.7791,Mining
T45QUE,2021,1504,3872,22.460646,85.435709,0.7791,Mining
T45QUE,2021,5568,9888,22.098157,86.022862,0.779,Mining
T45QUE,2021,3552,2112,22.273962,85.267006,0.779,Mining
T45QUE,2021,7968,3776,21.876793,85.432865,0.779,Mining
T45QUE,2021,7584,7488,21.914505,85.791778,0.779,Mining
T45QUE,2021,5920,4160,22.062105,85.468039,0.779,Mining
T45QUE,2021,1472,6464,22.465782,85.687538,0.779,Mining
T45QUE,2021,9504,7776,21.741277,85.821079,0.7789,Mining
T45QUE,2021,5472,2720,22.101196,85.32805,0.7789,Mining
T45QUE,2021,3968,6144,22.240095,85.658602,0.7789,Mining
T45QUE,2021,960,1280,22.507127,85.183247,0.7788,Mining
T45QUE,2021,2560,1664,22.363069,85.222406,0.7787,Mining
T45QUE,2021,4512,7488,22.191983,85.789419,0.7787,Mining
T45QUE,2021,7168,8000,21.952438,85.841036,0.7787,Mining
T45QUE,2021,5856,2272,22.066069,85.285056,0.7787,Mining
T45QUE,2021,2944,10016,22.335258,86.033647,0.7786,Mining
T45QUE,2021,2432,256,22.373067,85.085563,0.7786,Mining
T45QUE,2021,2560,3648,22.36507,85.415028,0.7786,Mining
T45QUE,2021,6400,7360,22.021358,85.778474,0.7786,Mining
T45QUE,2021,5504,2944,22.098527,85.349791,0.7786,Mining
T45QUE,2021,4992,10144,22.150335,86.047327,0.7785,Mining
T45QUE,2021,9376,5312,21.75097,85.582747,0.7785,Mining
T45QUE,2021,7936,3296,21.879235,85.386389,0.7785,Mining
T45QUE,2021,5376,10848,22.116031,86.11581,0.7785,Mining
T45QUE,2021,2592,3584,22.362119,85.408847,0.7785,Mining
T45QUE,2021,7712,1600,21.897773,85.222042,0.7785,Mining
T45QUE,2021,1696,4480,22.443868,85.494971,0.7784,Mining
T45QUE,2021,2080,3296,22.408078,85.38035,0.7784,Mining
T45QUE,2021,896,6688,22.51798,85.708823,0.7784,Mining
T45QUE,2021,3904,10048,22.24856,86.037348,0.7783,Mining
T45QUE,2021,2272,10912,22.396456,86.120265,0.7782,Mining
T45QUE,2021,384,3072,22.561012,85.356788,0.7782,Mining
T45QUE,2021,3680,1600,22.261866,85.217478,0.7782,Mining
T45QUE,2021,1120,7776,22.498562,85.814764,0.7781,Mining
T45QUE,2021,3072,10080,22.323733,86.03994,0.778,Mining
T45QUE,2021,1024,9504,22.508381,85.982672,0.778,Mining
T45QUE,2021,3328,8896,22.299888,85.925167,0.778,Mining
T45QUE,2021,384,9888,22.566421,86.019594,0.778,Mining
T45QUE,2021,3424,5120,22.288376,85.558756,0.778,Mining
T45QUE,2021,96,704,22.584498,85.126219,0.778,Mining
T45QUE,2021,800,1024,22.521292,85.158178,0.7779,Mining
T45QUE,2021,736,10816,22.535151,86.110054,0.7779,Mining
T45QUE,2021,6016,10720,22.05815,86.103766,0.7778,Mining
T45QUE,2021,5152,4512,22.131781,85.501411,0.7778,Mining
T45QUE,2021,7776,1120,21.891485,85.17567,0.7777,Mining
T45QUE,2021,4224,5440,22.216396,85.590534,0.7777,Mining
T45QUE,2021,6080,8832,22.051265,85.920854,0.7777,Mining
T45QUE,2021,736,9184,22.534195,85.951367,0.7777,Mining
T45QUE,2021,1760,6880,22.440094,85.7282,0.7777,Mining
T45QUE,2021,768,9600,22.531563,85.991837,0.7777,Mining
T45QUE,2021,4672,10560,22.179472,86.08748,0.7777,Mining
T45QUE,2021,2464,2432,22.372539,85.296861,0.7776,Mining
T45QUE,2021,3168,4576,22.311018,85.505718,0.7775,Mining
T45QUE,2021,4672,10048,22.179186,86.037821,0.7775,Mining
T45QUE,2021,992,10016,22.511578,86.032426,0.7775,Mining
T45QUE,2021,4704,10688,22.17665,86.099913,0.7775,Mining
T45QUE,2021,8384,8416,21.842876,85.882174,0.7774,Mining
T45QUE,2021,4992,8544,22.149355,85.892181,0.7774,Mining
T45QUE,2021,5280,10560,22.12455,86.087834,0.7774,Mining
T45QUE,2021,5088,10016,22.14159,86.034974,0.7774,Mining
T45QUE,2021,2592,7552,22.365448,85.79414,0.7773,Mining
T45QUE,2021,1920,8032,22.426485,85.840249,0.7773,Mining
T45QUE,2021,1472,8096,22.466994,85.846133,0.7773,Mining
T45QUE,2021,5472,6304,22.104382,85.675398,0.7772,Mining
T45QUE,2021,928,9952,22.517322,86.026163,0.7772,Mining
T45QUE,2021,2560,3200,22.364638,85.371531,0.7771,Mining
T45QUE,2021,2016,5408,22.415784,85.585422,0.7771,Mining
T45QUE,2021,1824,10464,22.436681,86.076479,0.777,Mining
T45QUE,2021,480,9472,22.557498,85.9792,0.777,Mining
T45QUE,2021,2624,6336,22.361635,85.676086,0.777,Mining
T45QUE,2021,6144,8992,22.045585,85.936401,0.7769,Mining
T45QUE,2021,2656,4960,22.357597,85.542508,0.7769,Mining
T45QUE,2021,6784,4480,21.98436,85.499865,0.7769,Mining
T45QUE,2021,256,3808,22.573287,85.428217,0.7769,Mining
T45QUE,2021,1888,4128,22.426207,85.460965,0.7769,Mining
T45QUE,2021,3840,6272,22.251757,85.670911,0.7768,Mining
T45QUE,2021,4800,7744,22.166152,85.814466,0.7768,Mining
T45QUE,2021,6784,6688,21.986176,85.71369,0.7768,Mining
T45QUE,2021,2752,3904,22.347972,85.440077,0.7768,Mining
T45QUE,2021,4128,5312,22.224958,85.578031,0.7767,Mining
T45QUE,2021,416,4288,22.559288,85.475051,0.7767,Mining
T45QUE,2021,5920,5664,22.063404,85.613762,0.7767,Mining
T45QUE,2021,2688,4896,22.354651,85.536325,0.7767,Mining
T45QUE,2021,6400,9056,22.022501,85.942774,0.7766,Mining
T45QUE,2021,5504,6976,22.102006,85.740558,0.7766,Mining
T45QUE,2021,5056,10048,22.144499,86.038057,0.7766,Mining
T45QUE,2021,672,6176,22.537804,85.658855,0.7765,Mining
T45QUE,2021,4224,10240,22.219763,86.056173,0.7765,Mining
T45QUE,2021,4672,6848,22.177058,85.727477,0.7765,Mining
T45QUE,2021,960,9504,22.514162,85.982629,0.7765,Mining
T45QUE,2021,64,4032,22.590837,85.449804,0.7765,Mining
T45QUE,2021,7104,2528,21.953625,85.311193,0.7765,Mining
T45QUE,2021,2688,5856,22.355467,85.629534,0.7764,Mining
T45QUE,2021,4096,7776,22.229763,85.817037,0.7764,Mining
T45QUE,2021,64,10144,22.595476,86.044293,0.7764,Mining
T45QUE,2021,10400,7872,21.660407,85.831014,0.7762,Mining
T45QUE,2021,6624,8288,22.00177,85.868533,0.7762,Mining
T45QUE,2021,6240,9472,22.037209,85.982973,0.7761,Mining
T45QUE,2021,5440,9920,22.109738,86.025884,0.7761,Mining
T45QUE,2021,224,192,22.572352,85.076598,0.7761,Mining
T45QUE,2021,1504,5312,22.461942,85.575625,0.7761,Mining
T45QUE,2021,1600,7456,22.454976,85.784038,0.7761,Mining
T45QUE,2021,1792,6880,22.437204,85.728227,0.7761,Mining
T45QUE,2021,8032,7584,21.874106,85.801409,0.7761,Mining
T45QUE,2021,1792,6304,22.436753,85.672265,0.7761,Mining
T45QUE,2021,2144,5824,22.404572,85.625945,0.776,Mining
T45QUE,2021,7584,5664,21.913113,85.615222,0.776,Mining
T45QUE,2021,2464,3616,22.373709,85.411823,0.7759,Mining
T45QUE,2021,2816,9056,22.346237,85.940349,0.7759,Mining
T45QUE,2021,5632,9664,22.092245,86.00119,0.7759,Mining
T45QUE,2021,64,3744,22.590564,85.421796,0.7759,Mining
T45QUE,2021,6048,8992,22.054257,85.936336,0.7758,Mining
T45QUE,2021,576,10080,22.549191,86.038388,0.7758,Mining
T45QUE,2021,64,10272,22.595549,86.056744,0.7758,Mining
T45QUE,2021,3712,9632,22.265659,85.996858,0.7758,Mining
T45QUE,2021,4672,6752,22.176985,85.718167,0.7758,Mining
T45QUE,2021,4160,5024,22.221822,85.550124,0.7757,Mining
T45QUE,2021,5024,10432,22.147605,86.075273,0.7757,Mining
T45QUE,2021,2976,384,22.324095,85.098656,0.7757,Mining
T45QUE,2021,7072,4416,21.958293,85.493942,0.7757,Mining
T45QUE,2021,1248,4384,22.484239,85.485205,0.7757,Mining
T45QUE,2021,6656,8064,21.998729,85.84686,0.7756,Mining
T45QUE,2021,4800,4192,22.163283,85.470048,0.7755,Mining
T45QUE,2021,960,3424,22.509343,85.391614,0.7755,Mining
T45QUE,2021,10528,4320,21.646075,85.487928,0.7755,Mining
T45QUE,2021,5824,8928,22.07445,85.929983,0.7755,Mining
T45QUE,2021,2656,6944,22.359217,85.735151,0.7754,Mining
T45QUE,2021,6816,4608,21.981583,85.51229,0.7753,Mining
T45QUE,2021,1024,1184,22.501243,85.173994,0.7753,Mining
T45QUE,2021,5472,2912,22.101385,85.346657,0.7752,Mining
T45QUE,2021,2048,9312,22.415768,85.964694,0.7752,Mining
T45QUE,2021,768,800,22.523931,85.136369,0.7752,Mining
T45QUE,2021,5728,2944,22.078298,85.350027,0.7752,Mining
T45QUE,2021,5984,9408,22.060295,85.976605,0.7752,Mining
T45QUE,2021,2592,1248,22.359731,85.182058,0.7752,Mining
T45QUE,2021,7008,6400,21.965723,85.685984,0.7751,Mining
T45QUE,2021,7584,8320,21.915076,85.872317,0.7751,Mining
T45QUE,2021,32,3392,22.593114,85.387531,0.7751,Mining
T45QUE,2021,7840,3168,21.887783,85.373905,0.7751,Mining
T45QUE,2021,1312,8736,22.481879,85.908216,0.775,Mining
T45QUE,2021,8000,3392,21.873545,85.395742,0.775,Mining
T45QUE,2021,6624,8576,22.001961,85.89643,0.775,Mining
T45QUE,2021,8544,3936,21.824919,85.448909,0.7749,Mining
T45QUE,2021,4928,10688,22.156416,86.100042,0.7749,Mining
T45QUE,2021,1088,3264,22.497628,85.376199,0.7748,Mining
T45QUE,2021,3456,5152,22.285513,85.561891,0.7748,Mining
T45QUE,2021,416,1632,22.556631,85.216824,0.7748,Mining
T45QUE,2021,5568,10240,22.098358,86.056982,0.7748,Mining
T45QUE,2021,9792,2400,21.710751,85.301671,0.7747,Mining
T45QUE,2021,416,4000,22.55902,85.447049,0.7747,Mining
T45QUE,2021,2176,5728,22.401602,85.616649,0.7747,Mining
T45QUE,2021,2496,3360,22.370573,85.386999,0.7747,Mining
T45QUE,2021,2528,5728,22.369812,85.616963,0.7746,Mining
T45QUE,2021,4928,10464,22.156294,86.078319,0.7746,Mining
T45QUE,2021,6560,8160,22.007465,85.856089,0.7745,Mining
T45QUE,2021,2272,3296,22.390739,85.380551,0.7745,Mining
T45QUE,2021,8480,7648,21.833684,85.807939,0.7745,Mining
T45QUE,2021,6240,9280,22.037092,85.96437,0.7745,Mining
T45QUE,2021,7968,3744,21.876764,85.429769,0.7745,Mining
T45QUE,2021,3232,9632,22.309017,85.996548,0.7745,Mining
T45QUE,2021,576,1056,22.541553,85.16102,0.7745,Mining
T45QUE,2021,4288,2976,22.208371,85.351614,0.7745,Mining
T45QUE,2021,6080,8928,22.051326,85.930157,0.7745,Mining
T45QUE,2021,10048,8064,21.692333,85.849315,0.7744,Mining
T45QUE,2021,2304,7776,22.391621,85.815672,0.7743,Mining
T45QUE,2021,4608,10656,22.185305,86.096754,0.7743,Mining
T45QUE,2021,5184,8224,22.131798,85.861293,0.7742,Mining
T45QUE,2021,3232,3296,22.304046,85.381552,0.7742,Mining
T45QUE,2021,10368,4384,21.660582,85.493961,0.7742,Mining
T45QUE,2021,7936,3456,21.879385,85.40187,0.7742,Mining
T45QUE,2021,6208,8032,22.039174,85.843432,0.7742,Mining
T45QUE,2021,2016,4768,22.415227,85.523256,0.7741,Mining
T45QUE,2021,4384,5216,22.201756,85.568954,0.7741,Mining
T45QUE,2021,864,1216,22.515725,85.176914,0.7741,Mining
T45QUE,2021,5632,10880,22.092922,86.119056,0.774,Mining
T45QUE,2021,448,1408,22.553498,85.195085,0.774,Mining
T45QUE,2021,3104,5984,22.318,85.642326,0.774,Mining
T45QUE,2021,9216,8224,21.767595,85.864189,0.7739,Mining
T45QUE,2021,8352,3744,21.842083,85.430148,0.7739,Mining
T45QUE,2021,2112,672,22.402434,85.125562,0.7739,Mining
T45QUE,2021,1024,2944,22.503091,85.345032,0.7739,Mining
T45QUE,2021,2208,6176,22.399079,85.66019,0.7738,Mining
T45QUE,2021,4032,7520,22.235361,85.792151,0.7738,Mining
T45QUE,2021,3424,9856,22.291807,86.018415,0.7738,Mining
T45QUE,2021,7040,10400,21.965476,86.073357,0.7738,Mining
T45QUE,2021,4224,9952,22.219599,86.028232,0.7738,Mining
T45QUE,2021,4352,10720,22.208464,86.102815,0.7738,Mining
T45QUE,2021,7616,8704,21.912436,85.909512,0.7738,Mining
T45QUE,2021,5472,8864,22.106205,85.923539,0.7738,Mining
T45QUE,2021,448,9888,22.56064,86.019635,0.7738,Mining
T45QUE,2021,6592,2304,21.999637,85.288955,0.7737,Mining
T45QUE,2021,2208,2208,22.395426,85.274828,0.7737,Mining
T45QUE,2021,5408,9632,22.11246,85.997945,0.7736,Mining
T45QUE,2021,1280,3968,22.480965,85.444811,0.7736,Mining
T45QUE,2021,6688,928,21.989524,85.155826,0.7736,Mining
T45QUE,2021,1184,10304,22.494401,86.060542,0.7736,Mining
T45QUE,2021,736,9344,22.534296,85.966924,0.7736,Mining
T45QUE,2021,5376,2272,22.109415,85.284532,0.7736,Mining
T45QUE,2021,5024,8000,22.146098,85.839457,0.7735,Mining
T45QUE,2021,2240,4832,22.395054,85.529686,0.7735,Mining
T45QUE,2021,2240,1600,22.391896,85.215825,0.7735,Mining
T45QUE,2021,7456,2464,21.921773,85.305374,0.7735,Mining
T45QUE,2021,800,6400,22.526423,85.680743,0.7734,Mining
T45QUE,2021,5376,10112,22.115629,86.044458,0.7734,Mining
T45QUE,2021,5792,7232,22.076183,85.765598,0.7734,Mining
T45QUE,2021,7104,7776,21.958064,85.819299,0.7734,Mining
T45QUE,2021,5056,4512,22.140451,85.501319,0.7734,Mining
T45QUE,2021,5024,10048,22.147389,86.038038,0.7733,Mining
T45QUE,2021,5472,3168,22.101634,85.371465,0.7733,Mining
T45QUE,2021,4416,10208,22.202402,86.053184,0.7733,Mining
T45QUE,2021,3520,10464,22.283481,86.077488,0.7733,Mining
T45QUE,2021,704,2272,22.531303,85.279366,0.7732,Mining
T45QUE,2021,5024,7296,22.145598,85.771199,0.7732,Mining
T45QUE,2021,5696,5728,22.083688,85.619767,0.7732,Mining
T45QUE,2021,5792,3136,22.072705,85.368696,0.7732,Mining
T45QUE,2021,1120,7296,22.498212,85.768107,0.7731,Mining
T45QUE,2021,7424,7744,21.929137,85.81644,0.7731,Mining
T45QUE,2021,7456,3264,21.922553,85.382803,0.7731,Mining
T45QUE,2021,1536,4672,22.458491,85.51347,0.7731,Mining
T45QUE,2021,640,1760,22.536542,85.229526,0.773,Mining
T45QUE,2021,2688,1088,22.350887,85.166639,0.773,Mining
T45QUE,2021,1248,8672,22.487617,85.90195,0.773,Mining
T45QUE,2021,5760,5824,22.077986,85.629126,0.773,Mining
T45QUE,2021,1184,1152,22.486761,85.171074,0.7729,Mining
T45QUE,2021,4576,10496,22.188109,86.081216,0.7729,Mining
T45QUE,2021,4064,7328,22.232331,85.773549,0.7729,Mining
T45QUE,2021,864,9664,22.522931,85.998122,0.7729,Mining
T45QUE,2021,6656,1696,21.993233,85.230151,0.7728,Mining
T45QUE,2021,3904,32,22.239901,85.065649,0.7728,Mining
T45QUE,2021,2432,320,22.373141,85.091776,0.7727,Mining
T45QUE,2021,7200,1824,21.944241,85.24315,0.7727,Mining
T45QUE,2021,64,2784,22.58962,85.328438,0.7727,Mining
T45QUE,2021,5120,4384,22.134557,85.488972,0.7727,Mining
T45QUE,2021,2976,2432,22.326305,85.297423,0.7726,Mining
T45QUE,2021,6016,7232,22.05595,85.765773,0.7725,Mining
T45QUE,2021,7872,3648,21.885345,85.420385,0.7725,Mining
T45QUE,2021,608,3008,22.540721,85.350806,0.7725,Mining
T45QUE,2021,5760,9408,22.080529,85.97646,0.7725,Mining
T45QUE,2021,3360,4672,22.293764,85.515219,0.7724,Mining
T45QUE,2021,6976,5856,21.968183,85.633281,0.7724,Mining
T45QUE,2021,3904,9152,22.248022,85.950405,0.7724,Mining
T45QUE,2021,6752,6688,21.989067,85.713663,0.7723,Mining
T45QUE,2021,4608,10048,22.184967,86.037782,0.7723,Mining
T45QUE,2021,5696,10752,22.087074,86.106685,0.7722,Mining
T45QUE,2021,2624,5632,22.361061,85.607728,0.7722,Mining
T45QUE,2021,1024,5760,22.505671,85.618727,0.7722,Mining
T45QUE,2021,5824,8064,22.073881,85.846251,0.7721,Mining
T45QUE,2021,9568,7232,21.735113,85.768532,0.7721,Mining
T45QUE,2021,3136,480,22.309757,85.108168,0.7721,Mining
T45QUE,2021,2240,6144,22.396163,85.65711,0.7721,Mining
T45QUE,2021,2208,6688,22.399483,85.70992,0.772,Mining
T45QUE,2021,5792,5792,22.07507,85.626053,0.772,Mining
T45QUE,2021,5280,9504,22.123945,85.985454,0.7719,Mining
T45QUE,2021,64,3232,22.590067,85.372004,0.7719,Mining
T45QUE,2021,5216,4384,22.125887,85.489065,0.7719,Mining
T45QUE,2021,4768,9088,22.169938,85.944779,0.7719,Mining
T45QUE,2021,2176,5952,22.401787,85.638406,0.7718,Mining
T45QUE,2021,5120,10400,22.138915,86.072227,0.7718,Mining
T45QUE,2021,5184,9600,22.132675,85.9947,0.7718,Mining
T45QUE,2021,6976,3616,21.966234,85.416393,0.7718,Mining
T45QUE,2021,1760,5728,22.439173,85.616277,0.7718,Mining
T45QUE,2021,96,3904,22.587827,85.437389,0.7718,Mining
T45QUE,2021,5504,10112,22.104067,86.044536,0.7718,Mining
T45QUE,2021,2912,6176,22.335496,85.660798,0.7717,Mining
T45QUE,2021,5696,9600,22.086426,85.995027,0.7717,Mining
T45QUE,2021,5760,5984,22.078115,85.644631,0.7717,Mining
T45QUE,2021,6880,2400,21.973726,85.298561,0.7716,Mining
T45QUE,2021,5120,4512,22.134671,85.50138,0.7716,Mining
T45QUE,2021,3456,7680,22.287501,85.807234,0.7716,Mining
T45QUE,2021,1216,10432,22.491583,86.073004,0.7715,Mining
T45QUE,2021,6432,9024,22.01959,85.939696,0.7715,Mining
T45QUE,2021,6496,4352,22.010257,85.487194,0.7715,Mining
T45QUE,2021,160,1376,22.579468,85.191635,0.7715,Mining
T45QUE,2021,2464,384,22.370324,85.098029,0.7715,Mining
T45QUE,2021,3488,9568,22.285854,85.990502,0.7715,Mining
T45QUE,2021,3008,8832,22.328751,85.918733,0.7715,Mining
T45QUE,2021,7392,8032,21.932226,85.844298,0.7714,Mining
T45QUE,2021,64,5696,22.592318,85.611639,0.7713,Mining
T45QUE,2021,7392,3392,21.928455,85.395127,0.7713,Mining
T45QUE,2021,1760,5312,22.438822,85.575861,0.7712,Mining
T45QUE,2021,6912,6496,21.974468,85.695201,0.7711,Mining
T45QUE,2021,3072,4960,22.320027,85.542899,0.7711,Mining
T45QUE,2021,5376,8736,22.114794,85.911065,0.7711,Mining
T45QUE,2021,6208,7968,22.03913,85.837231,0.771,Mining
T45QUE,2021,1344,9312,22.479358,85.964222,0.771,Mining
T45QUE,2021,1152,7808,22.495694,85.817899,0.771,Mining
T45QUE,2021,2944,4896,22.331531,85.536566,0.7709,Mining
T45QUE,2021,4128,7776,22.226872,85.817061,0.7709,Mining
T45QUE,2021,384,10496,22.566771,86.078727,0.7709,Mining
T45QUE,2021,7648,8256,21.909253,85.866168,0.7708,Mining
T45QUE,2021,7936,1152,21.877071,85.178949,0.7708,Mining
T45QUE,2021,1920,10880,22.428235,86.116955,0.7708,Mining
T45QUE,2021,4352,10880,22.208549,86.118336,0.7708,Mining
T45QUE,2021,1376,8128,22.475687,85.849171,0.7708,Mining
T45QUE,2021,1600,9824,22.456546,86.014149,0.7707,Mining
T45QUE,2021,6528,8192,22.010377,85.859165,0.7707,Mining
T45QUE,2021,5440,10080,22.10983,86.041395,0.7707,Mining
T45QUE,2021,640,10720,22.54377,86.100663,0.7707,Mining
T45QUE,2021,7904,7712,21.885758,85.813701,0.7707,Mining
T45QUE,2021,448,1312,22.553393,85.185753,0.7706,Mining
T45QUE,2021,3136,9792,22.317784,86.01202,0.7706,Mining
T45QUE,2021,7040,5696,21.962273,85.617845,0.7705,Mining
T45QUE,2021,3264,2688,22.300557,85.322582,0.7705,Mining
T45QUE,2021,768,864,22.524002,85.142589,0.7705,Mining
T45QUE,2021,0,4512,22.597061,85.496423,0.7704,Mining
T45QUE,2021,1536,1184,22.455012,85.1746,0.7704,Mining
T45QUE,2021,4448,9920,22.199346,86.025267,0.7704,Mining
T45QUE,2021,5920,6464,22.064043,85.691279,0.7703,Mining
T45QUE,2021,2624,4288,22.359886,85.477231,0.7703,Mining
T45QUE,2021,4352,9920,22.208018,86.025207,0.7702,Mining
T45QUE,2021,6208,7264,22.038631,85.769024,0.7702,Mining
T45QUE,2021,5056,8512,22.143553,85.889124,0.7701,Mining
T45QUE,2021,4128,3328,22.223162,85.385586,0.7701,Mining
T45QUE,2021,8704,3584,21.810145,85.415021,0.7701,Mining
T45QUE,2021,6144,10240,22.046326,86.057327,0.77,Mining
T45QUE,2021,3648,10880,22.272143,86.117938,0.7699,Mining
T45QUE,2021,1952,10848,22.425327,86.113864,0.7699,Mining
T45QUE,2021,4384,8256,22.204081,85.863815,0.7698,Mining
T45QUE,2021,1760,3840,22.437497,85.43286,0.7698,Mining
T45QUE,2021,6752,7424,21.98961,85.784945,0.7697,Mining
T45QUE,2021,2464,2784,22.372896,85.331038,0.7697,Mining
T45QUE,2021,7168,2240,21.947557,85.283383,0.7697,Mining
T45QUE,2021,6816,5472,21.982321,85.595957,0.7696,Mining
T45QUE,2021,0,8416,22.600168,85.876155,0.7696,Mining
T45QUE,2021,1024,1504,22.501593,85.20509,0.7695,Mining
T45QUE,2021,1312,4480,22.478547,85.494596,0.7694,Mining
T45QUE,2021,5600,9888,22.095267,86.022882,0.7694,Mining
T45QUE,2021,5024,7680,22.145874,85.808431,0.7694,Mining
T45QUE,2021,5472,2016,22.100484,85.259829,0.7694,Mining
T45QUE,2021,1728,10880,22.445578,86.116845,0.7693,Mining
T45QUE,2021,4800,1952,22.1611,85.252879,0.7693,Mining
T45QUE,2021,3296,10720,22.303855,86.102206,0.7693,Mining
T45QUE,2021,6176,7328,22.041568,85.7752,0.7693,Mining
T45QUE,2021,5504,9344,22.103614,85.970089,0.7693,Mining
T45QUE,2021,5536,5408,22.097874,85.588613,0.7693,Mining
T45QUE,2021,3392,4224,22.29047,85.471773,0.7692,Mining
T45QUE,2021,2016,608,22.41103,85.119231,0.7692,Mining
T45QUE,2021,5632,7584,22.090888,85.799588,0.7692,Mining
T45QUE,2021,5344,10176,22.118556,86.050643,0.7692,Mining
T45QUE,2021,7072,3552,21.957505,85.410293,0.7692,Mining
T45QUE,2021,3488,9536,22.285835,85.987396,0.7691,Mining
T45QUE,2021,2368,4320,22.383035,85.480087,0.7691,Mining
T45QUE,2021,5248,10752,22.127543,86.10643,0.7691,Mining
T45QUE,2021,3968,6080,22.240043,85.652393,0.7691,Mining
T45QUE,2021,7360,1600,21.929559,85.221647,0.7691,Mining
T45QUE,2021,4288,4896,22.21015,85.537828,0.769,Mining
T45QUE,2021,224,2208,22.574579,85.272606,0.7689,Mining
T45QUE,2021,864,4768,22.519265,85.522153,0.7689,Mining
T45QUE,2021,2656,3808,22.356552,85.43066,0.7689,Mining
T45QUE,2021,1312,704,22.474704,85.1277,0.7689,Mining
T45QUE,2021,5248,3744,22.122411,85.427062,0.7688,Mining
T45QUE,2021,4128,3232,22.223069,85.376275,0.7688,Mining
T45QUE,2021,1728,4608,22.441094,85.507437,0.7688,Mining
T45QUE,2021,6624,6880,22.000773,85.732156,0.7687,Mining
T45QUE,2021,3136,6016,22.315136,85.645461,0.7687,Mining
T45QUE,2021,4992,10784,22.150685,86.109388,0.7687,Mining
T45QUE,2021,416,5760,22.560582,85.61818,0.7686,Mining
T45QUE,2021,0,384,22.592799,85.094986,0.7686,Mining
T45QUE,2021,3488,5856,22.283214,85.63024,0.7685,Mining
T45QUE,2021,9376,4992,21.750702,85.551809,0.7685,Mining
T45QUE,2021,448,3296,22.555454,85.378634,0.7685,Mining
T45QUE,2021,5984,3072,22.055304,85.362695,0.7684,Mining
T45QUE,2021,2944,10272,22.335404,86.058504,0.7684,Mining
T45QUE,2021,6976,3328,21.965963,85.388509,0.7684,Mining
T45QUE,2021,1184,5856,22.491301,85.6282,0.7683,Mining
T45QUE,2021,7488,3520,21.919905,85.407613,0.7683,Mining
T45QUE,2021,5824,4160,22.070775,85.467945,0.7683,Mining
T45QUE,2021,5984,4160,22.056325,85.468101,0.7682,Mining
T45QUE,2021,2752,4064,22.348121,85.45561,0.7682,Mining
T45QUE,2021,4128,2560,22.222406,85.311097,0.7681,Mining
T45QUE,2021,5248,6912,22.125081,85.734149,0.768,Mining
T45QUE,2021,7360,96,21.92792,85.076089,0.768,Mining
T45QUE,2021,5664,5888,22.086708,85.635245,0.7679,Mining
T45QUE,2021,1984,5472,22.418728,85.59161,0.7679,Mining
T45QUE,2021,320,4096,22.567779,85.456286,0.7679,Mining
T45QUE,2021,9120,7136,21.77551,85.758903,0.7679,Mining
T45QUE,2021,6976,6752,21.968883,85.720043,0.7678,Mining
T45QUE,2021,3264,9600,22.306107,85.993463,0.7678,Mining
T45QUE,2021,8000,7616,21.877019,85.804482,0.7678,Mining
T45QUE,2021,5152,9568,22.135546,85.991576,0.7678,Mining
T45QUE,2021,2976,4096,22.327921,85.458939,0.7678,Mining
T45QUE,2021,6240,9440,22.03719,85.979872,0.7677,Mining
T45QUE,2021,4992,7360,22.148535,85.777379,0.7677,Mining
T45QUE,2021,4224,8576,22.218747,85.894742,0.7675,Mining
T45QUE,2021,128,5088,22.586016,85.552566,0.7675,Mining
T45QUE,2021,0,7648,22.599628,85.801449,0.7674,Mining
T45QUE,2021,7424,4032,21.926158,85.457107,0.7674,Mining
T45QUE,2021,4800,8128,22.166418,85.851704,0.7674,Mining
T45QUE,2021,2496,4352,22.371504,85.48332,0.7674,Mining
T45QUE,2021,6944,5888,21.971099,85.636352,0.7674,Mining
T45QUE,2021,4832,10560,22.165019,86.087573,0.7673,Mining
T45QUE,2021,160,2752,22.580919,85.325431,0.7673,Mining
T45QUE,2021,2880,10016,22.341039,86.033607,0.7673,Mining
T45QUE,2021,2592,3744,22.362271,85.424381,0.7673,Mining
T45QUE,2021,3680,8000,22.267494,85.838459,0.7672,Mining
T45QUE,2021,4768,9600,22.170252,85.994433,0.7672,Mining
T45QUE,2021,2272,7424,22.394257,85.781459,0.7672,Mining
T45QUE,2021,2240,5120,22.395306,85.557656,0.7672,Mining
T45QUE,2021,3808,10432,22.257448,86.074553,0.7672,Mining
T45QUE,2021,320,3968,22.567659,85.44384,0.7671,Mining
T45QUE,2021,4896,7776,22.157503,85.817642,0.7671,Mining
T45QUE,2021,5728,5888,22.080928,85.6353,0.7671,Mining
T45QUE,2021,1920,5984,22.424934,85.641289,0.7671,Mining
T45QUE,2021,3648,2752,22.265944,85.329205,0.767,Mining
T45QUE,2021,4640,10208,22.182168,86.05332,0.767,Mining
T45QUE,2021,320,3360,22.567075,85.384722,0.767,Mining
T45QUE,2021,7392,2560,21.927649,85.314598,0.767,Mining
T45QUE,2021,4768,2880,22.164929,85.342812,0.7669,Mining
T45QUE,2021,6464,32,22.008752,85.068802,0.7668,Mining
T45QUE,2021,1216,5248,22.487897,85.569139,0.7668,Mining
T45QUE,2021,5536,5568,22.098007,85.60412,0.7668,Mining
T45QUE,2021,1152,3456,22.492036,85.394925,0.7666,Mining
T45QUE,2021,448,1024,22.553075,85.157756,0.7666,Mining
T45QUE,2021,4224,10720,22.220027,86.102741,0.7666,Mining
T45QUE,2021,4224,5152,22.216152,85.562599,0.7666,Mining
T45QUE,2021,3072,384,22.315427,85.098774,0.7665,Mining
T45QUE,2021,3104,5472,22.317576,85.592627,0.7664,Mining
T45QUE,2021,1280,4672,22.48161,85.513223,0.7664,Mining
T45QUE,2021,1248,6816,22.486287,85.721558,0.7664,Mining
T45QUE,2021,8864,8448,21.799538,85.885606,0.7664,Mining
T45QUE,2021,4064,7936,22.232765,85.832536,0.7664,Mining
T45QUE,2021,6944,3680,21.969184,85.422558,0.7664,Mining
T45QUE,2021,3776,2976,22.254607,85.351073,0.7663,Mining
T45QUE,2021,6496,2400,22.008403,85.298148,0.7663,Mining
T45QUE,2021,4064,5152,22.230602,85.562452,0.7662,Mining
T45QUE,2021,4512,10688,22.193994,86.099802,0.7662,Mining
T45QUE,2021,2464,3456,22.373555,85.396287,0.7662,Mining
T45QUE,2021,224,1664,22.574002,85.219712,0.7662,Mining
T45QUE,2021,384,6400,22.563995,85.680386,0.7661,Mining
T45QUE,2021,224,6336,22.578394,85.674024,0.7661,Mining
T45QUE,2021,5728,9408,22.083419,85.976439,0.766,Mining
T45QUE,2021,992,10272,22.511726,86.057314,0.766,Mining
T45QUE,2021,64,2688,22.589522,85.319102,0.766,Mining
T45QUE,2021,2624,9888,22.364088,86.021017,0.766,Mining
T45QUE,2021,4032,4096,22.232554,85.459984,0.7659,Mining
T45QUE,2021,3072,10304,22.32386,86.061688,0.7659,Mining
T45QUE,2021,3808,4288,22.252959,85.47839,0.7658,Mining
T45QUE,2021,5824,9024,22.074511,85.939286,0.7658,Mining
T45QUE,2021,5216,2784,22.124378,85.333981,0.7658,Mining
T45QUE,2021,928,1056,22.50977,85.161441,0.7658,Mining
T45QUE,2021,4192,5600,22.21942,85.606026,0.7657,Mining
T45QUE,2021,7264,7904,21.9437,85.831812,0.7657,Mining
T45QUE,2021,7136,1792,21.949987,85.239981,0.7657,Mining
T45QUE,2021,2464,9152,22.378093,85.949432,0.7657,Mining
T45QUE,2021,352,9280,22.56894,85.960441,0.7656,Mining
T45QUE,2021,2208,3712,22.396918,85.420883,0.7656,Mining
T45QUE,2021,2656,10016,22.361273,86.033468,0.7656,Mining
T45QUE,2021,5248,10144,22.12721,86.047482,0.7655,Mining
T45QUE,2021,672,10720,22.54088,86.100681,0.7655,Mining
T45QUE,2021,5728,7552,22.082194,85.79656,0.7655,Mining
T45QUE,2021,4832,3712,22.15995,85.423542,0.7655,Mining
T45QUE,2021,3296,4672,22.299544,85.515158,0.7655,Mining
T45QUE,2021,1184,9536,22.493948,85.985888,0.7654,Mining
T45QUE,2021,1408,576,22.465891,85.115382,0.7654,Mining
T45QUE,2021,4288,3232,22.20862,85.376441,0.7654,Mining
T45QUE,2021,128,64,22.58087,85.064033,0.7654,Mining
T45QUE,2021,1760,2848,22.436533,85.336496,0.7654,Mining
T45QUE,2021,7552,5440,21.915819,85.593512,0.7653,Mining
T45QUE,2021,448,1120,22.553182,85.167088,0.7653,Mining
T45QUE,2021,4992,8160,22.149098,85.854948,0.7653,Mining
T45QUE,2021,5664,8672,22.088738,85.905061,0.7653,Mining
T45QUE,2021,704,2176,22.531203,85.270035,0.7653,Mining
T45QUE,2021,1120,9440,22.49967,85.976514,0.7652,Mining
T45QUE,2021,4640,10400,22.182275,86.071942,0.7652,Mining
T45QUE,2021,6176,7168,22.041451,85.759698,0.7652,Mining
T45QUE,2021,5920,8128,22.065253,85.852523,0.7651,Mining
T45QUE,2021,3520,5888,22.28035,85.633373,0.7651,Mining
T45QUE,2021,1856,2176,22.427178,85.271327,0.7651,Mining
T45QUE,2021,5632,6208,22.089855,85.666229,0.765,Mining
T45QUE,2021,5312,9792,22.121226,86.013395,0.765,Mining
T45QUE,2021,1024,1600,22.501696,85.214419,0.7649,Mining
T45QUE,2021,640,6240,22.540745,85.66505,0.7649,Mining
T45QUE,2021,3072,10112,22.323751,86.043047,0.7649,Mining
T45QUE,2021,2848,4256,22.339628,85.474345,0.7649,Mining
T45QUE,2021,7680,2144,21.901223,85.274647,0.7649,Mining
T45QUE,2021,5632,8672,22.091629,85.905039,0.7649,Mining
T45QUE,2021,4288,4672,22.209954,85.516102,0.7648,Mining
T45QUE,2021,9152,8480,21.773544,85.888901,0.7648,Mining
T45QUE,2021,3616,10240,22.274684,86.055805,0.7648,Mining
T45QUE,2021,9920,2016,21.698807,85.2647,0.7648,Mining
T45QUE,2021,160,3424,22.581586,85.390777,0.7648,Mining
T45QUE,2021,6752,6240,21.988721,85.670276,0.7648,Mining
T45QUE,2021,224,1184,22.573478,85.173043,0.7648,Mining
T45QUE,2021,9664,1024,21.720893,85.168551,0.7648,Mining
T45QUE,2021,96,4320,22.588215,85.477845,0.7647,Mining
T45QUE,2021,1600,480,22.448446,85.106291,0.7647,Mining
T45QUE,2021,1120,1056,22.492433,85.16167,0.7647,Mining
T45QUE,2021,5472,2944,22.101417,85.349758,0.7647,Mining
T45QUE,2021,3616,8576,22.273665,85.894311,0.7647,Mining
T45QUE,2021,5440,3040,22.1044,85.359028,0.7647,Mining
T45QUE,2021,5024,10336,22.147552,86.065964,0.7647,Mining
T45QUE,2021,4000,5504,22.23668,85.596541,0.7646,Mining
T45QUE,2021,2880,3936,22.336442,85.443312,0.7646,Mining
T45QUE,2021,1984,608,22.413919,85.119192,0.7645,Mining
T45QUE,2021,3104,10592,22.321129,86.089668,0.7645,Mining
T45QUE,2021,3424,928,22.284254,85.151984,0.7645,Mining
T45QUE,2021,4128,8064,22.227073,85.845001,0.7644,Mining
T45QUE,2021,2368,1056,22.379746,85.163154,0.7644,Mining
T45QUE,2021,5280,6368,22.121773,85.68144,0.7644,Mining
T45QUE,2021,6752,3520,21.986374,85.406873,0.7643,Mining
T45QUE,2021,2304,1440,22.385944,85.200363,0.7643,Mining
T45QUE,2021,4544,5344,22.187414,85.581513,0.7642,Mining
T45QUE,2021,1600,640,22.448627,85.121833,0.7642,Mining
T45QUE,2021,5376,8192,22.114434,85.85833,0.7642,Mining
T45QUE,2021,5120,3232,22.133485,85.377304,0.7642,Mining
T45QUE,2021,288,9888,22.575093,86.019533,0.764,Mining
T45QUE,2021,8640,2688,21.81507,85.3283,0.7639,Mining
T45QUE,2021,1216,10048,22.491364,86.035677,0.7639,Mining
T45QUE,2021,1920,10624,22.428097,86.092082,0.7639,Mining
T45QUE,2021,4896,10496,22.159202,86.081404,0.7638,Mining
T45QUE,2021,6080,9376,22.051604,85.973567,0.7638,Mining
T45QUE,2021,6272,9472,22.034318,85.982993,0.7637,Mining
T45QUE,2021,3616,10656,22.274914,86.09618,0.7637,Mining
T45QUE,2021,3744,10624,22.263334,86.093148,0.7637,Mining
T45QUE,2021,320,6400,22.569775,85.680331,0.7636,Mining
T45QUE,2021,1568,4384,22.455341,85.485519,0.7636,Mining
T45QUE,2021,2304,7072,22.391106,85.747295,0.7636,Mining
T45QUE,2021,6016,4160,22.053435,85.468132,0.7636,Mining
T45QUE,2021,6496,6592,22.012116,85.704156,0.7636,Mining
T45QUE,2021,160,9600,22.586481,85.991437,0.7636,Mining
T45QUE,2021,5088,6304,22.139064,85.675074,0.7636,Mining
T45QUE,2021,4288,1376,22.206725,85.19645,0.7635,Mining
T45QUE,2021,3648,9696,22.271478,86.003028,0.7635,Mining
T45QUE,2021,4672,2240,22.172956,85.280659,0.7635,Mining
T45QUE,2021,10080,7136,21.688796,85.759648,0.7635,Mining
T45QUE,2021,7456,1824,21.921123,85.243434,0.7635,Mining
T45QUE,2021,1184,5248,22.490787,85.56911,0.7634,Mining
T45QUE,2021,3040,288,22.318207,85.089418,0.7634,Mining
T45QUE,2021,3072,9856,22.323602,86.018193,0.7634,Mining
T45QUE,2021,5856,5760,22.069263,85.623008,0.7634,Mining
T45QUE,2021,7488,7232,21.922992,85.766923,0.7633,Mining
T45QUE,2021,6816,6752,21.983334,85.719914,0.7633,Mining
T45QUE,2021,5632,9792,22.09232,86.013596,0.7633,Mining
T45QUE,2021,64,8992,22.59477,85.932231,0.7632,Mining
T45QUE,2021,6144,7040,22.044247,85.747271,0.7632,Mining
T45QUE,2021,5888,5664,22.066294,85.613734,0.7632,Mining
T45QUE,2021,2944,4256,22.330958,85.474439,0.7632,Mining
T45QUE,2021,5056,7776,22.143051,85.817763,0.7632,Mining
T45QUE,2021,4160,5184,22.221959,85.565644,0.7632,Mining
T45QUE,2021,2336,1440,22.383055,85.2004,0.763,Mining
T45QUE,2021,4192,5792,22.219578,85.62465,0.763,Mining
T45QUE,2021,6944,3456,21.968974,85.40087,0.763,Mining
T45QUE,2021,2048,6176,22.413529,85.660052,0.763,Mining
T45QUE,2021,5792,2048,22.07162,85.263284,0.763,Mining
T45QUE,2021,3360,10368,22.297881,86.068074,0.7629,Mining
T45QUE,2021,6464,3808,22.012652,85.434475,0.7629,Mining
T45QUE,2021,6592,6112,22.003071,85.657744,0.7629,Mining
T45QUE,2021,4288,4704,22.209982,85.519206,0.7629,Mining
T45QUE,2021,6112,832,22.041431,85.145854,0.7629,Mining
T45QUE,2021,10112,4608,21.683899,85.515366,0.7629,Mining
T45QUE,2021,9312,7744,21.758598,85.817843,0.7629,Mining
T45QUE,2021,6240,4512,22.03352,85.502448,0.7629,Mining
T45QUE,2021,9024,4992,21.782494,85.55149,0.7628,Mining
T45QUE,2021,96,8672,22.591669,85.901127,0.7627,Mining
T45QUE,2021,9152,6784,21.77236,85.724889,0.7627,Mining
T45QUE,2021,1920,3616,22.422835,85.411264,0.7627,Mining
T45QUE,2021,6976,3776,21.966383,85.431884,0.7627,Mining
T45QUE,2021,7296,7648,21.940632,85.80705,0.7626,Mining
T45QUE,2021,9248,8736,21.765037,85.913724,0.7626,Mining
T45QUE,2021,7744,1600,21.894883,85.222078,0.7626,Mining
T45QUE,2021,1536,4704,22.458519,85.516579,0.7625,Mining
T45QUE,2021,5440,2720,22.104086,85.328016,0.7625,Mining
T45QUE,2021,2944,5856,22.332346,85.62976,0.7625,Mining
T45QUE,2021,3456,5184,22.285541,85.564996,0.7625,Mining
T45QUE,2021,10272,5760,21.670406,85.626829,0.7624,Mining
T45QUE,2021,4128,9856,22.228215,86.018858,0.7624,Mining
T45QUE,2021,4448,8640,22.198556,85.901108,0.7624,Mining
T45QUE,2021,9536,3808,21.73521,85.437499,0.7624,Mining
T45QUE,2021,2528,8256,22.371723,85.862459,0.7623,Mining
T45QUE,2021,6336,9248,22.028401,85.961333,0.7623,Mining
T45QUE,2021,4192,10240,22.222654,86.056153,0.7623,Mining
T45QUE,2021,3040,3616,22.321692,85.412412,0.7623,Mining
T45QUE,2021,6304,7008,22.029772,85.744299,0.7623,Mining
T45QUE,2021,1216,3296,22.486101,85.379443,0.7622,Mining
T45QUE,2021,1792,2880,22.433675,85.339639,0.7622,Mining
T45QUE,2021,7392,7616,21.931938,85.804024,0.7622,Mining
T45QUE,2021,5952,4096,22.059156,85.461869,0.7622,Mining
T45QUE,2021,256,10272,22.578207,86.056862,0.7622,Mining
T45QUE,2021,5056,4704,22.140621,85.519932,0.7622,Mining
T45QUE,2021,6048,9664,22.054667,86.001454,0.7622,Mining
T45QUE,2021,2944,1216,22.327912,85.179365,0.7621,Mining
T45QUE,2021,4160,10240,22.225544,86.056134,0.7621,Mining
T45QUE,2021,6208,7072,22.03849,85.750423,0.7621,Mining
T45QUE,2021,448,5920,22.557825,85.633767,0.7621,Mining
T45QUE,2021,4704,10144,22.17635,86.047152,0.7621,Mining
T45QUE,2021,4576,8960,22.1872,85.932235,0.762,Mining
T45QUE,2021,2432,10752,22.381917,86.104815,0.762,Mining
T45QUE,2021,1216,4160,22.486923,85.463405,0.762,Mining
T45QUE,2021,2368,1952,22.380711,85.250149,0.762,Mining
T45QUE,2021,5792,10464,22.078247,86.078827,0.7619,Mining
T45QUE,2021,2528,2752,22.367084,85.328,0.7619,Mining
T45QUE,2021,3712,10752,22.266294,86.105552,0.7619,Mining
T45QUE,2021,6432,6048,22.017471,85.651408,0.7619,Mining
T45QUE,2021,4128,8480,22.227355,85.88536,0.7619,Mining
T45QUE,2021,1760,3712,22.437376,85.420426,0.7619,Mining
T45QUE,2021,4288,7616,22.212307,85.801662,0.7619,Mining
T45QUE,2021,7968,1184,21.874216,85.182082,0.7618,Mining
T45QUE,2021,4192,5728,22.219526,85.618442,0.7618,Mining
T45QUE,2021,832,0,22.517233,85.0587,0.7618,Mining
T45QUE,2021,3648,6848,22.269546,85.726642,0.7618,Mining
T45QUE,2021,3360,9408,22.297319,85.974888,0.7617,Mining
T45QUE,2021,6016,10112,22.057817,86.044847,0.7617,Mining
T45QUE,2021,1440,4192,22.466724,85.466737,0.7617,Mining
T45QUE,2021,5120,8384,22.137687,85.876759,0.7616,Mining
T45QUE,2021,7008,3808,21.963523,85.435014,0.7616,Mining
T45QUE,2021,6752,5952,21.988492,85.642385,0.7616,Mining
T45QUE,2021,640,2016,22.536814,85.25441,0.7616,Mining
T45QUE,2021,5600,9952,22.095304,86.029085,0.7615,Mining
T45QUE,2021,5248,2784,22.121488,85.334015,0.7615,Mining
T45QUE,2021,3104,416,22.312574,85.101918,0.7615,Mining
T45QUE,2021,9504,1472,21.735815,85.211668,0.7615,Mining
T45QUE,2021,5248,9472,22.126817,85.982331,0.7615,Mining
T45QUE,2021,8352,8128,21.845575,85.854285,0.7615,Mining
T45QUE,2021,4832,6752,22.162534,85.718298,0.7615,Mining
T45QUE,2021,2272,3072,22.39052,85.358798,0.7614,Mining
T45QUE,2021,3520,4032,22.278734,85.453268,0.7614,Mining
T45QUE,2021,864,10816,22.523589,86.110128,0.7614,Mining
T45QUE,2021,5024,7776,22.145942,85.817739,0.7614,Mining
T45QUE,2021,6912,5632,21.973782,85.611535,0.7614,Mining
T45QUE,2021,2208,10304,22.401905,86.061165,0.7614,Mining
T45QUE,2021,7904,3200,21.882033,85.377067,0.7614,Mining
T45QUE,2021,1696,6112,22.445269,85.653528,0.7614,Mining
T45QUE,2021,2656,4000,22.356731,85.449301,0.7614,Mining
T45QUE,2021,1920,8288,22.426662,85.865121,0.7614,Mining
T45QUE,2021,1760,10880,22.442688,86.116864,0.7613,Mining
T45QUE,2021,5568,6784,22.096081,85.722001,0.7613,Mining
T45QUE,2021,7104,2496,21.953593,85.308095,0.7612,Mining
T45QUE,2021,256,9664,22.577849,85.997725,0.7612,Mining
T45QUE,2021,5312,9472,22.121036,85.982372,0.7612,Mining
T45QUE,2021,8416,6144,21.838349,85.662383,0.7612,Mining
T45QUE,2021,512,9472,22.554608,85.979221,0.7612,Mining
T45QUE,2021,8672,3616,21.813065,85.418084,0.7612,Mining
T45QUE,2021,5408,10368,22.112882,86.069295,0.7611,Mining
T45QUE,2021,192,5792,22.580838,85.621091,0.7611,Mining
T45QUE,2021,1664,9920,22.450822,86.023519,0.7611,Mining
T45QUE,2021,3808,9696,22.257026,86.00313,0.7611,Mining
T45QUE,2021,7168,3744,21.949014,85.428977,0.7611,Mining
T45QUE,2021,992,3328,22.50636,85.382318,0.761,Mining
T45QUE,2021,8032,1120,21.868368,85.175964,0.761,Mining
T45QUE,2021,4992,8768,22.149501,85.913901,0.761,Mining
T45QUE,2021,5088,8448,22.14062,85.882941,0.761,Mining
T45QUE,2021,3776,9408,22.259742,85.975162,0.7609,Mining
T45QUE,2021,4224,4320,22.215419,85.4819,0.7609,Mining
T45QUE,2021,1280,9920,22.485508,86.023276,0.7609,Mining
T45QUE,2021,8736,7936,21.810759,85.835989,0.7609,Mining
T45QUE,2021,5760,2048,22.074509,85.263248,0.7609,Mining
T45QUE,2021,7520,2560,21.916089,85.314734,0.7609,Mining
T45QUE,2021,1728,6368,22.442584,85.678428,0.7609,Mining
T45QUE,2021,8064,3552,21.867915,85.411287,0.7608,Mining
T45QUE,2021,4512,10880,22.194096,86.118426,0.7608,Mining
T45QUE,2021,6944,9024,21.973341,85.940039,0.7608,Mining
T45QUE,2021,5216,7424,22.128349,85.783758,0.7608,Mining
T45QUE,2021,7104,2432,21.953529,85.3019,0.7608,Mining
T45QUE,2021,5984,9824,22.060542,86.016918,0.7608,Mining
T45QUE,2021,4896,4672,22.155043,85.516679,0.7607,Mining
T45QUE,2021,7840,6176,21.8904,85.664995,0.7607,Mining
T45QUE,2021,2624,10016,22.364163,86.033448,0.7607,Mining
T45QUE,2021,1152,0,22.488341,85.059104,0.7607,Mining
T45QUE,2021,928,9504,22.517052,85.982608,0.7607,Mining
T45QUE,2021,4800,6688,22.165375,85.712066,0.7607,Mining
T45QUE,2021,256,10240,22.578188,86.05375,0.7607,Mining
T45QUE,2021,4832,10592,22.165036,86.090676,0.7607,Mining
T45QUE,2021,7200,5376,21.947558,85.587003,0.7607,Mining
T45QUE,2021,3296,9664,22.303255,85.999696,0.7606,Mining
T45QUE,2021,608,5344,22.542889,85.577907,0.7606,Mining
T45QUE,2021,288,6528,22.572767,85.692752,0.7606,Mining
T45QUE,2021,5536,3072,22.095762,85.362229,0.7606,Mining
T45QUE,2021,32,10208,22.598403,86.050499,0.7606,Mining
T45QUE,2021,3040,384,22.318316,85.098734,0.7606,Mining
T45QUE,2021,7456,3552,21.922825,85.410679,0.7605,Mining
T45QUE,2021,1248,6304,22.485885,85.671797,0.7605,Mining
T45QUE,2021,5056,6560,22.142154,85.699867,0.7605,Mining
T45QUE,2021,4448,10784,22.199826,86.109078,0.7604,Mining
T45QUE,2021,7360,3104,21.93107,85.367218,0.7603,Mining
T45QUE,2021,5824,1184,22.06782,85.179615,0.7603,Mining
T45QUE,2021,3328,9760,22.300421,86.009035,0.7603,Mining
T45QUE,2021,7456,3136,21.922431,85.370414,0.7603,Mining
T45QUE,2021,3712,7680,22.264379,85.80743,0.7603,Mining
T45QUE,2021,192,2080,22.577335,85.260124,0.7603,Mining
T45QUE,2021,1280,608,22.477484,85.118334,0.7603,Mining
T45QUE,2021,7552,5408,21.915793,85.590415,0.7603,Mining
T45QUE,2021,5056,4480,22.140423,85.498217,0.7602,Mining
T45QUE,2021,2656,4064,22.356791,85.455515,0.7602,Mining
T45QUE,2021,2656,5440,22.35801,85.589114,0.7602,Mining
T45QUE,2021,7808,1952,21.889468,85.256209,0.7602,Mining
T45QUE,2021,4896,4704,22.155071,85.519781,0.7602,Mining
T45QUE,2021,1568,10624,22.459893,86.091875,0.7602,Mining
T45QUE,2021,7648,6848,21.908257,85.729878,0.7601,Mining
T45QUE,2021,1824,10080,22.436463,86.039166,0.7601,Mining
T45QUE,2021,4960,9728,22.152985,86.006968,0.7601,Mining
T45QUE,2021,1056,6784,22.503604,85.718288,0.7601,Mining
T45QUE,2021,288,2656,22.569263,85.316236,0.76,Mining
T45QUE,2021,5504,9184,22.103516,85.95458,0.76,Mining
T45QUE,2021,2080,9312,22.412878,85.964715,0.7599,Mining
T45QUE,2021,2880,5344,22.337698,85.579998,0.7599,Mining
T45QUE,2021,1280,6176,22.482892,85.659385,0.7599,Mining
T45QUE,2021,1536,4352,22.458201,85.482378,0.7599,Mining
T45QUE,2021,9632,2784,21.725577,85.338616,0.7599,Mining
T45QUE,2021,6976,6240,21.968489,85.670465,0.7599,Mining
T45QUE,2021,4576,10752,22.188247,86.106047,0.7598,Mining
T45QUE,2021,2560,3424,22.364855,85.393279,0.7598,Mining
T45QUE,2021,6688,5824,21.99417,85.629933,0.7598,Mining
T45QUE,2021,1344,5536,22.476583,85.597245,0.7598,Mining
T45QUE,2021,5088,4544,22.13759,85.504452,0.7598,Mining
T45QUE,2021,3296,4544,22.299429,85.502735,0.7597,Mining
T45QUE,2021,4640,6752,22.179875,85.718141,0.7597,Mining
T45QUE,2021,800,9408,22.528555,85.97319,0.7597,Mining
T45QUE,2021,7776,5184,21.895374,85.568935,0.7596,Mining
T45QUE,2021,416,10464,22.563863,86.075634,0.7596,Mining
T45QUE,2021,4544,10720,22.19112,86.102925,0.7596,Mining
T45QUE,2021,5408,2144,22.106395,85.272163,0.7596,Mining
T45QUE,2021,1152,896,22.489366,85.146162,0.7596,Mining
T45QUE,2021,1440,4864,22.467331,85.532034,0.7596,Mining
T45QUE,2021,6816,8512,21.984576,85.890365,0.7595,Mining
T45QUE,2021,480,1536,22.550748,85.207566,0.7595,Mining
T45QUE,2021,2048,10848,22.416656,86.113919,0.7593,Mining
T45QUE,2021,3712,4672,22.261974,85.515554,0.7592,Mining
T45QUE,2021,6336,9472,22.028537,85.983035,0.7592,Mining
T45QUE,2021,7136,2496,21.950704,85.30813,0.7592,Mining
T45QUE,2021,384,1120,22.55896,85.167012,0.7592,Mining
T45QUE,2021,928,3616,22.512418,85.410242,0.7591,Mining
T45QUE,2021,704,352,22.529199,85.092749,0.7591,Mining
T45QUE,2021,96,6592,22.590158,85.698813,0.7591,Mining
T45QUE,2021,3584,10048,22.277465,86.03715,0.7591,Mining
T45QUE,2021,4096,9152,22.230679,85.950534,0.7591,Mining
T45QUE,2021,512,3072,22.549454,85.356925,0.7591,Mining
T45QUE,2021,7968,7520,21.879842,85.795167,0.759,Mining
T45QUE,2021,2656,6752,22.35907,85.716507,0.759,Mining
T45QUE,2021,4864,4352,22.157648,85.485623,0.759,Mining
T45QUE,2021,5344,10496,22.118733,86.081666,0.7589,Mining
T45QUE,2021,6592,2560,21.999894,85.313745,0.7589,Mining
T45QUE,2021,5952,6816,22.061422,85.725414,0.7589,Mining
T45QUE,2021,3936,5408,22.24238,85.58717,0.7589,Mining
T45QUE,2021,8416,7680,21.839488,85.810987,0.7589,Mining
T45QUE,2021,928,6688,22.51509,85.708849,0.7589,Mining
T45QUE,2021,1056,7040,22.5038,85.743172,0.7588,Mining
T45QUE,2021,5760,5664,22.077855,85.613621,0.7588,Mining
T45QUE,2021,6144,8896,22.045524,85.927099,0.7587,Mining
T45QUE,2021,6624,6208,22.000257,85.667069,0.7587,Mining
T45QUE,2021,5504,7296,22.102242,85.771575,0.7587,Mining
T45QUE,2021,7648,8384,21.909338,85.878558,0.7586,Mining
T45QUE,2021,4096,7328,22.229441,85.773574,0.7586,Mining
T45QUE,2021,5216,7680,22.128532,85.808576,0.7586,Mining
T45QUE,2021,3520,4448,22.279113,85.493635,0.7586,Mining
T45QUE,2021,320,10336,22.572462,86.063126,0.7586,Mining
T45QUE,2021,2304,7680,22.391553,85.806348,0.7586,Mining
T45QUE,2021,3552,2144,22.273996,85.270111,0.7586,Mining
T45QUE,2021,2624,1088,22.356666,85.166564,0.7586,Mining
T45QUE,2021,6784,5984,21.985628,85.645511,0.7586,Mining
T45QUE,2021,1152,6464,22.494683,85.687265,0.7585,Mining
T45QUE,2021,4416,10912,22.202785,86.121477,0.7585,Mining
T45QUE,2021,3360,7168,22.295799,85.757465,0.7585,Mining
T45QUE,2021,2816,3808,22.342102,85.430822,0.7584,Mining
T45QUE,2021,2528,5696,22.369785,85.613856,0.7584,Mining
T45QUE,2021,928,5120,22.513795,85.55643,0.7583,Mining
T45QUE,2021,896,3712,22.5154,85.41954,0.7583,Mining
T45QUE,2021,896,5216,22.516769,85.565731,0.7583,Mining
T45QUE,2021,10784,4576,21.623177,85.512896,0.7583,Mining
T45QUE,2021,6240,7520,22.035925,85.793851,0.7582,Mining
T45QUE,2021,3808,6944,22.255168,85.736088,0.7582,Mining
T45QUE,2021,2432,5440,22.37824,85.58891,0.7582,Mining
T45QUE,2021,2464,5472,22.375377,85.592047,0.7581,Mining
T45QUE,2021,288,9184,22.57466,85.951061,0.7581,Mining
T45QUE,2021,192,8736,22.583041,85.907421,0.7581,Mining
T45QUE,2021,1440,640,22.463074,85.121638,0.7581,Mining
T45QUE,2021,992,992,22.50392,85.155298,0.758,Mining
T45QUE,2021,4608,7424,22.183265,85.783286,0.758,Mining
T45QUE,2021,5120,10208,22.138808,86.05361,0.758,Mining
T45QUE,2021,224,3008,22.575397,85.350393,0.758,Mining
T45QUE,2021,7456,8608,21.926827,85.900108,0.7579,Mining
T45QUE,2021,1696,8256,22.446872,85.861847,0.7579,Mining
T45QUE,2021,3264,5952,22.303523,85.63936,0.7579,Mining
T45QUE,2021,2560,4224,22.365608,85.470954,0.7578,Mining
T45QUE,2021,1856,10176,22.433628,86.048514,0.7578,Mining
T45QUE,2021,4800,8672,22.166781,85.904458,0.7578,Mining
T45QUE,2021,896,512,22.512047,85.108536,0.7577,Mining
T45QUE,2021,5504,4992,22.100411,85.548267,0.7577,Mining
T45QUE,2021,5472,8704,22.106102,85.90803,0.7577,Mining
T45QUE,2021,1056,2464,22.499716,85.298418,0.7576,Mining
T45QUE,2021,5280,6752,22.12207,85.718664,0.7576,Mining
T45QUE,2021,800,6496,22.5265,85.690076,0.7576,Mining
T45QUE,2021,4384,10272,22.205328,86.059374,0.7575,Mining
T45QUE,2021,352,5472,22.566118,85.590117,0.7575,Mining
T45QUE,2021,6016,4544,22.053779,85.505335,0.7575,Mining
T45QUE,2021,0,9760,22.60103,86.006897,0.7575,Mining
T45QUE,2021,2880,4288,22.336767,85.477482,0.7574,Mining
T45QUE,2021,2944,4640,22.331305,85.511715,0.7574,Mining
T45QUE,2021,2528,10496,22.373106,86.080007,0.7574,Mining
T45QUE,2021,1184,5056,22.49062,85.55045,0.7574,Mining
T45QUE,2021,9376,5152,21.750837,85.567278,0.7573,Mining
T45QUE,2021,6400,6976,22.021077,85.741275,0.7573,Mining
T45QUE,2021,128,3424,22.584476,85.390743,0.7573,Mining
T45QUE,2021,5824,8960,22.07447,85.933084,0.7573,Mining
T45QUE,2021,2208,2752,22.395981,85.327655,0.7572,Mining
T45QUE,2021,9472,3744,21.740932,85.43125,0.7572,Mining
T45QUE,2021,6272,6144,22.031999,85.660572,0.7571,Mining
T45QUE,2021,5440,10048,22.109812,86.038293,0.7571,Mining
T45QUE,2021,4704,3520,22.171328,85.404797,0.7571,Mining
T45QUE,2021,3712,9888,22.26581,86.021702,0.7571,Mining
T45QUE,2021,7072,5088,21.958877,85.559004,0.7571,Mining
T45QUE,2021,224,2048,22.574411,85.257049,0.7571,Mining
T45QUE,2021,6496,3840,22.009792,85.437606,0.757,Mining
T45QUE,2021,10176,8064,21.68077,85.849407,0.757,Mining
T45QUE,2021,7648,8352,21.909317,85.87546,0.7569,Mining
T45QUE,2021,4384,10912,22.205675,86.121459,0.7569,Mining
T45QUE,2021,10880,3456,21.613503,85.404809,0.7568,Mining
T45QUE,2021,6304,5344,22.028457,85.583102,0.7568,Mining
T45QUE,2021,6368,3392,22.020932,85.394088,0.7568,Mining
T45QUE,2021,6912,3776,21.972163,85.431821,0.7568,Mining
T45QUE,2021,5728,7840,22.082398,85.824471,0.7568,Mining
T45QUE,2021,7456,3776,21.923033,85.43236,0.7567,Mining
T45QUE,2021,10240,4416,21.672171,85.496933,0.7567,Mining
T45QUE,2021,9248,7808,21.764423,85.823985,0.7567,Mining
T45QUE,2021,3200,6272,22.309561,85.670365,0.7566,Mining
T45QUE,2021,160,7776,22.585269,85.814024,0.7566,Mining
T45QUE,2021,5376,3840,22.110941,85.436494,0.7565,Mining
T45QUE,2021,2528,6304,22.37028,85.672897,0.7565,Mining
T45QUE,2021,2272,1120,22.388485,85.169255,0.7565,Mining
T45QUE,2021,288,3520,22.570121,85.400246,0.7565,Mining
T45QUE,2021,1440,8288,22.470017,85.864768,0.7565,Mining
T45QUE,2021,4288,6592,22.211545,85.702332,0.7564,Mining
T45QUE,2021,384,992,22.558818,85.154568,0.7564,Mining
T45QUE,2021,2272,10624,22.396301,86.092288,0.7563,Mining
T45QUE,2021,1248,5248,22.485007,85.569169,0.7563,Mining
T45QUE,2021,672,960,22.532778,85.151804,0.7563,Mining
T45QUE,2021,6848,2432,21.976648,85.301625,0.7563,Mining
T45QUE,2021,9600,8864,21.73332,85.926339,0.7563,Mining
T45QUE,2021,3168,480,22.306868,85.108206,0.7563,Mining
T45QUE,2021,1440,3296,22.465873,85.379679,0.7563,Mining
T45QUE,2021,352,5984,22.566547,85.639905,0.7563,Mining
T45QUE,2021,2528,3328,22.367652,85.383925,0.7562,Mining
T45QUE,2021,4800,3744,22.16287,85.426612,0.7562,Mining
T45QUE,2021,5856,6624,22.069947,85.70673,0.7562,Mining
T45QUE,2021,2912,4576,22.334138,85.505471,0.7562,Mining
T45QUE,2021,7904,3264,21.882094,85.38326,0.7562,Mining
T45QUE,2021,4864,7008,22.159837,85.743147,0.7562,Mining
T45QUE,2021,2592,8064,22.365811,85.84386,0.7562,Mining
T45QUE,2021,4448,10816,22.199843,86.112182,0.7562,Mining
T45QUE,2021,544,8160,22.550857,85.85166,0.7561,Mining
T45QUE,2021,1824,544,22.428293,85.112781,0.7561,Mining
T45QUE,2021,1760,5024,22.438573,85.547882,0.7561,Mining
T45QUE,2021,4256,3136,22.211417,85.367097,0.7561,Mining
T45QUE,2021,5312,8224,22.120237,85.861385,0.7561,Mining
T45QUE,2021,928,6720,22.515115,85.71196,0.7561,Mining
T45QUE,2021,3520,9248,22.282767,85.959464,0.756,Mining
T45QUE,2021,1888,5824,22.427693,85.625717,0.756,Mining
T45QUE,2021,3392,9504,22.294487,85.984227,0.756,Mining
T45QUE,2021,1088,7840,22.501498,85.820961,0.756,Mining
T45QUE,2021,2432,9568,22.38124,85.989815,0.756,Mining
T45QUE,2021,6880,3680,21.974964,85.422494,0.7559,Mining
T45QUE,2021,2528,5504,22.369624,85.595212,0.7559,Mining
T45QUE,2021,2592,7968,22.365744,85.834538,0.7559,Mining
T45QUE,2021,2496,10496,22.375997,86.079988,0.7559,Mining
T45QUE,2021,2528,8320,22.371767,85.868674,0.7559,Mining
T45QUE,2021,7168,7552,21.952126,85.797658,0.7559,Mining
T45QUE,2021,5632,4320,22.088259,85.483263,0.7559,Mining
T45QUE,2021,576,7808,22.547719,85.817456,0.7558,Mining
T45QUE,2021,3360,160,22.289167,85.077392,0.7558,Mining
T45QUE,2021,4064,4768,22.230268,85.525202,0.7558,Mining
T45QUE,2021,5952,7872,22.062187,85.827739,0.7557,Mining
T45QUE,2021,7520,2688,21.916216,85.327122,0.7557,Mining
T45QUE,2021,3328,9696,22.300383,86.002823,0.7556,Mining
T45QUE,2021,2144,3936,22.402909,85.442573,0.7556,Mining
T45QUE,2021,6560,6560,22.006311,85.701109,0.7556,Mining
T45QUE,2021,3392,8256,22.293683,85.863092,0.7555,Mining
T45QUE,2021,7360,3296,21.931253,85.385803,0.7555,Mining
T45QUE,2021,5376,3872,22.11097,85.439596,0.7554,Mining
T45QUE,2021,5472,10624,22.10724,86.094149,0.7554,Mining
T45QUE,2021,5536,6048,22.098398,85.650641,0.7554,Mining
T45QUE,2021,9120,5248,21.774039,85.576331,0.7554,Mining
T45QUE,2021,6592,8928,22.005077,85.930504,0.7554,Mining
T45QUE,2021,7200,7584,21.949258,85.80078,0.7554,Mining
T45QUE,2021,6464,1792,22.010671,85.239233,0.7553,Mining
T45QUE,2021,10176,6464,21.679626,85.69478,0.7553,Mining
T45QUE,2021,7456,3168,21.922462,85.373512,0.7553,Mining
T45QUE,2021,2400,7424,22.382696,85.781559,0.7552,Mining
T45QUE,2021,7872,3424,21.885135,85.398709,0.7552,Mining
T45QUE,2021,9120,7712,21.775919,85.814606,0.7552,Mining
T45QUE,2021,5920,5600,22.063352,85.607561,0.7552,Mining
T45QUE,2021,1664,5920,22.448002,85.634845,0.7552,Mining
T45QUE,2021,928,7136,22.515433,85.7524,0.7552,Mining
T45QUE,2021,7872,6976,21.88812,85.742445,0.7551,Mining
T45QUE,2021,1792,7808,22.437889,85.818389,0.7551,Mining
T45QUE,2021,5568,10272,22.098375,86.060084,0.755,Mining
T45QUE,2021,480,5792,22.554828,85.621349,0.755,Mining
T45QUE,2021,6912,6304,21.974319,85.676608,0.755,Mining
T45QUE,2021,5984,6400,22.058212,85.685131,0.755,Mining
T45QUE,2021,1376,8192,22.475732,85.855391,0.755,Mining
T45QUE,2021,3872,6592,22.249118,85.701986,0.755,Mining
T45QUE,2021,704,10752,22.538007,86.103812,0.755,Mining
T45QUE,2021,8192,3296,21.856115,85.386649,0.755,Mining
T45QUE,2021,8544,6368,21.826962,85.68416,0.7549,Mining
T45QUE,2021,2304,3232,22.387787,85.374369,0.7549,Mining
T45QUE,2021,3840,8512,22.25339,85.888259,0.7549,Mining
T45QUE,2021,3360,9472,22.297358,85.9811,0.7549,Mining
T45QUE,2021,4960,9504,22.152851,85.985247,0.7549,Mining
T45QUE,2021,3552,6912,22.278266,85.732774,0.7548,Mining
T45QUE,2021,2240,2784,22.393123,85.330797,0.7548,Mining
T45QUE,2021,5568,8896,22.097554,85.926707,0.7548,Mining
T45QUE,2021,2592,3072,22.361623,85.359137,0.7547,Mining
T45QUE,2021,6720,8608,21.99331,85.899596,0.7547,Mining
T45QUE,2021,4032,5568,22.233844,85.602778,0.7547,Mining
T45QUE,2021,4896,4000,22.154438,85.451528,0.7547,Mining
T45QUE,2021,2784,4096,22.345261,85.458749,0.7547,Mining
T45QUE,2021,416,1152,22.556106,85.170161,0.7547,Mining
T45QUE,2021,4864,3424,22.156788,85.395653,0.7546,Mining
T45QUE,2021,8736,7968,21.810781,85.839084,0.7546,Mining
T45QUE,2021,2208,4928,22.398029,85.538979,0.7546,Mining
T45QUE,2021,6720,7808,21.992772,85.822112,0.7545,Mining
T45QUE,2021,2336,4256,22.385866,85.473841,0.7545,Mining
T45QUE,2021,5664,3168,22.084295,85.371664,0.7543,Mining
T45QUE,2021,160,8192,22.585563,85.854485,0.7542,Mining
T45QUE,2021,4064,2176,22.227794,85.273783,0.7542,Mining
T45QUE,2021,6720,2176,21.987948,85.276699,0.7542,Mining
T45QUE,2021,1024,10240,22.508817,86.054223,0.7541,Mining
T45QUE,2021,2592,8192,22.365899,85.856291,0.7541,Mining
T45QUE,2021,7136,5376,21.953339,85.586946,0.7541,Mining
T45QUE,2021,4608,10240,22.185076,86.056405,0.7541,Mining
T45QUE,2021,576,9248,22.548687,85.957481,0.7541,Mining
T45QUE,2021,2816,6048,22.344063,85.648288,0.754,Mining
T45QUE,2021,5696,5856,22.083792,85.632172,0.7539,Mining
T45QUE,2021,832,896,22.51826,85.145776,0.7539,Mining
T45QUE,2021,1792,2048,22.432824,85.258823,0.7539,Mining
T45QUE,2021,2912,4288,22.333877,85.477514,0.7538,Mining
T45QUE,2021,1568,7168,22.457653,85.756027,0.7538,Mining
T45QUE,2021,5600,6848,22.093239,85.72823,0.7538,Mining
T45QUE,2021,2400,8608,22.383522,85.896553,0.7537,Mining
T45QUE,2021,1248,1600,22.48147,85.214679,0.7537,Mining
T45QUE,2021,2464,7680,22.377101,85.806472,0.7537,Mining
T45QUE,2021,224,3328,22.575713,85.381509,0.7537,Mining
T45QUE,2021,3392,10720,22.295183,86.102262,0.7537,Mining
T45QUE,2021,5824,9824,22.074995,86.016818,0.7536,Mining
T45QUE,2021,2880,10272,22.341185,86.058465,0.7536,Mining
T45QUE,2021,2560,3392,22.364824,85.390172,0.7536,Mining
T45QUE,2021,5792,9952,22.07796,86.029204,0.7536,Mining
T45QUE,2021,160,9120,22.586181,85.944748,0.7534,Mining
T45QUE,2021,3488,5984,22.283318,85.642662,0.7534,Mining
T45QUE,2021,5856,8928,22.07156,85.930004,0.7534,Mining
T45QUE,2021,640,6176,22.540694,85.658827,0.7534,Mining
T45QUE,2021,1632,3040,22.448283,85.35501,0.7533,Mining
T45QUE,2021,5920,6688,22.064215,85.712985,0.7533,Mining
T45QUE,2021,1984,1472,22.414874,85.203099,0.7533,Mining
T45QUE,2021,9056,5248,21.779819,85.576274,0.7533,Mining
T45QUE,2021,7392,2528,21.927617,85.3115,0.7532,Mining
T45QUE,2021,2944,8384,22.334235,85.875191,0.7532,Mining
T45QUE,2021,7488,6624,21.92254,85.708066,0.7531,Mining
T45QUE,2021,7232,2272,21.941809,85.28655,0.7531,Mining
T45QUE,2021,6720,10208,21.994276,86.054572,0.7531,Mining
T45QUE,2021,224,7232,22.579089,85.761165,0.7531,Mining
T45QUE,2021,128,3392,22.584445,85.387631,0.753,Mining
T45QUE,2021,2432,3200,22.376197,85.371396,0.753,Mining
T45QUE,2021,3520,10432,22.283463,86.074382,0.753,Mining
T45QUE,2021,5152,10432,22.136042,86.075348,0.7529,Mining
T45QUE,2021,6016,5536,22.054628,85.601445,0.7529,Mining
T45QUE,2021,7616,1728,21.906575,85.234321,0.7529,Mining
T45QUE,2021,2208,10240,22.401868,86.054948,0.7529,Mining
T45QUE,2021,6400,1952,22.016616,85.254657,0.7529,Mining
T45QUE,2021,2560,8896,22.369258,85.924636,0.7528,Mining
T45QUE,2021,160,6976,22.584676,85.736214,0.7528,Mining
T45QUE,2021,2624,3200,22.358858,85.371598,0.7528,Mining
T45QUE,2021,0,8128,22.599969,85.84814,0.7528,Mining
T45QUE,2021,6752,6752,21.989115,85.719862,0.7528,Mining
T45QUE,2021,5280,7456,22.122591,85.78691,0.7528,Mining
T45QUE,2021,192,2912,22.57819,85.341024,0.7527,Mining
T45QUE,2021,6016,9824,22.057651,86.016938,0.7527,Mining
T45QUE,2021,864,9760,22.522988,86.007456,0.7527,Mining
T45QUE,2021,5056,10240,22.144608,86.056674,0.7527,Mining
T45QUE,2021,2208,5184,22.398252,85.563842,0.7527,Mining
T45QUE,2021,5984,9792,22.060523,86.013817,0.7527,Mining
T45QUE,2021,1056,2816,22.500073,85.332626,0.7526,Mining
T45QUE,2021,2176,8544,22.403712,85.890176,0.7526,Mining
T45QUE,2021,2880,9888,22.340964,86.021178,0.7526,Mining
T45QUE,2021,4352,448,22.199924,85.10654,0.7526,Mining
T45QUE,2021,5568,2880,22.092684,85.343657,0.7525,Mining
T45QUE,2021,192,2976,22.578254,85.347247,0.7525,Mining
T45QUE,2021,1760,1440,22.435066,85.19973,0.7525,Mining
T45QUE,2021,2848,10272,22.344076,86.058445,0.7525,Mining
T45QUE,2021,7552,2688,21.913326,85.327155,0.7525,Mining
T45QUE,2021,2848,2368,22.337798,85.291071,0.7525,Mining
T45QUE,2021,480,2944,22.552216,85.344446,0.7524,Mining
T45QUE,2021,8192,3424,21.856236,85.399032,0.7524,Mining
T45QUE,2021,6496,2368,22.008371,85.295049,0.7524,Mining
T45QUE,2021,704,992,22.529924,85.154953,0.7524,Mining
T45QUE,2021,1056,5472,22.502539,85.590763,0.7524,Mining
T45QUE,2021,7936,3424,21.879355,85.398774,0.7524,Mining
T45QUE,2021,5504,10080,22.104049,86.041434,0.7524,Mining
T45QUE,2021,1344,4096,22.475305,85.457313,0.7523,Mining
T45QUE,2021,6688,9760,21.996911,86.011158,0.7523,Mining
T45QUE,2021,5600,4224,22.091063,85.473929,0.7523,Mining
T45QUE,2021,4576,8480,22.186888,85.885679,0.7523,Mining
T45QUE,2021,1664,10048,22.450897,86.035957,0.7523,Mining
T45QUE,2021,6784,6720,21.986201,85.716789,0.7521,Mining
T45QUE,2021,1920,3520,22.422743,85.40194,0.7521,Mining
T45QUE,2021,1824,2880,22.430785,85.339673,0.752,Mining
T45QUE,2021,32,3232,22.592957,85.37197,0.752,Mining
T45QUE,2021,3456,10592,22.289332,86.089874,0.7519,Mining
T45QUE,2021,5440,10112,22.109848,86.044497,0.7519,Mining
T45QUE,2021,4768,8416,22.169503,85.87961,0.7519,Mining
T45QUE,2021,2624,4928,22.360459,85.539371,0.7519,Mining
T45QUE,2021,2464,6720,22.376387,85.713241,0.7518,Mining
T45QUE,2021,2528,3616,22.367929,85.411888,0.7518,Mining
T45QUE,2021,6784,2432,21.982427,85.301556,0.7518,Mining
T45QUE,2021,3776,10624,22.260444,86.093167,0.7517,Mining
T45QUE,2021,2112,864,22.402649,85.144206,0.7517,Mining
T45QUE,2021,0,2368,22.594973,85.287913,0.7517,Mining
T45QUE,2021,384,4000,22.561909,85.447016,0.7516,Mining
T45QUE,2021,3808,5760,22.254234,85.621207,0.7516,Mining
T45QUE,2021,32,1248,22.590885,85.179038,0.7516,Mining
T45QUE,2021,2688,4928,22.354679,85.539432,0.7516,Mining
T45QUE,2021,9248,960,21.75839,85.161888,0.7515,Mining
T45QUE,2021,6944,2560,21.968106,85.314121,0.7515,Mining
T45QUE,2021,5376,4160,22.111234,85.467509,0.7515,Mining
T45QUE,2021,4448,8480,22.19845,85.885588,0.7515,Mining
T45QUE,2021,4160,6208,22.222805,85.664976,0.7515,Mining
T45QUE,2021,7040,2560,21.959437,85.314223,0.7515,Mining
T45QUE,2021,6688,2368,21.991032,85.295256,0.7514,Mining
T45QUE,2021,5504,9888,22.103938,86.022822,0.7514,Mining
T45QUE,2021,2336,2432,22.384098,85.296721,0.7514,Mining
T45QUE,2021,2336,4096,22.385719,85.458303,0.7514,Mining
T45QUE,2021,576,1984,22.542559,85.251227,0.7514,Mining
T45QUE,2021,5472,9920,22.106847,86.025904,0.7514,Mining
T45QUE,2021,4064,10560,22.234393,86.087125,0.7514,Mining
T45QUE,2021,896,10176,22.520342,86.047922,0.7514,Mining
T45QUE,2021,5184,8800,22.132179,85.917137,0.7514,Mining
T45QUE,2021,6624,2464,21.996908,85.304483,0.7513,Mining
T45QUE,2021,5984,4192,22.056354,85.471201,0.7513,Mining
T45QUE,2021,5632,10080,22.092486,86.041512,0.7513,Mining
T45QUE,2021,9408,5536,21.748264,85.604432,0.7512,Mining
T45QUE,2021,2016,7104,22.417142,85.750171,0.7512,Mining
T45QUE,2021,5728,2144,22.077497,85.272514,0.7512,Mining
T45QUE,2021,2592,3264,22.361811,85.377778,0.7512,Mining
T45QUE,2021,5760,7776,22.079462,85.818293,0.7512,Mining
T45QUE,2021,5184,9984,22.1329,86.031931,0.7512,Mining
T45QUE,2021,3072,7936,22.322366,85.831792,0.7511,Mining
T45QUE,2021,576,2048,22.542627,85.257448,0.7511,Mining
T45QUE,2021,704,10176,22.537685,86.047803,0.751,Mining
T45QUE,2021,1472,10912,22.46872,86.119809,0.751,Mining
T45QUE,2021,7648,7648,21.908837,85.807314,0.7509,Mining
T45QUE,2021,3104,9856,22.320712,86.018213,0.7509,Mining
T45QUE,2021,4448,10176,22.199493,86.0501,0.7509,Mining
T45QUE,2021,448,9120,22.560168,85.944946,0.7509,Mining
T45QUE,2021,4608,8064,22.183717,85.845356,0.7509,Mining
T45QUE,2021,8256,6432,21.853025,85.690114,0.7509,Mining
T45QUE,2021,6848,1536,21.975727,85.214876,0.7509,Mining
T45QUE,2021,4256,4992,22.213124,85.54711,0.7508,Mining
T45QUE,2021,2112,3488,22.405374,85.39903,0.7508,Mining
T45QUE,2021,1664,928,22.443172,85.149885,0.7508,Mining
T45QUE,2021,7776,3904,21.894251,85.445063,0.7508,Mining
T45QUE,2021,4704,8192,22.175133,85.85784,0.7508,Mining
T45QUE,2021,4704,10592,22.176598,86.090602,0.7507,Mining
T45QUE,2021,3136,288,22.309539,85.089536,0.7507,Mining
T45QUE,2021,4448,9888,22.199328,86.022163,0.7507,Mining
T45QUE,2021,1408,6432,22.471537,85.684374,0.7506,Mining
T45QUE,2021,1472,6592,22.465882,85.699976,0.7506,Mining
T45QUE,2021,704,3456,22.532492,85.394457,0.7506,Mining
T45QUE,2021,1760,3552,22.437223,85.404883,0.7506,Mining
T45QUE,2021,5696,10464,22.086919,86.07877,0.7506,Mining
T45QUE,2021,4960,9536,22.15287,85.98835,0.7506,Mining
T45QUE,2021,1984,3008,22.416464,85.352277,0.7505,Mining
T45QUE,2021,7616,3936,21.90873,85.448003,0.7505,Mining
T45QUE,2021,320,4032,22.567719,85.450063,0.7505,Mining
T45QUE,2021,1632,9792,22.453637,86.01106,0.7505,Mining
T45QUE,2021,64,3328,22.590162,85.38134,0.7505,Mining
T45QUE,2021,7552,1632,21.912255,85.224959,0.7504,Mining
T45QUE,2021,4032,10880,22.237455,86.118155,0.7504,Mining
T45QUE,2021,3744,576,22.254967,85.118218,0.7504,Mining
T45QUE,2021,4160,7840,22.224027,85.823294,0.7504,Mining
T45QUE,2021,5056,10016,22.144481,86.034954,0.7504,Mining
T45QUE,2021,736,2432,22.528579,85.294954,0.7504,Mining
T45QUE,2021,6656,5760,21.997008,85.623707,0.7503,Mining
T45QUE,2021,416,5472,22.560338,85.590176,0.7503,Mining
T45QUE,2021,6144,9504,22.0459,85.986011,0.7502,Mining
T45QUE,2021,5408,9984,22.112666,86.032069,0.7502,Mining
T45QUE,2021,4832,10528,22.165001,86.08447,0.7501,Mining
T45QUE,2021,3296,10368,22.303662,86.068036,0.7501,Mining
T45QUE,2021,2528,5920,22.36997,85.635608,0.7501,Mining
T45QUE,2021,5664,4320,22.085369,85.483294,0.75,Mining
T45QUE,2021,1856,640,22.425512,85.122144,0.75,Mining
T45QUE,2021,1376,3136,22.471495,85.364065,0.75,Mining
T45QUE,2021,9344,992,21.749755,85.165091,0.75,Mining
T45QUE,2021,3008,10912,22.329972,86.120682,0.7498,Mining
T45QUE,2021,3424,5664,22.288836,85.61155,0.7498,Mining
T45QUE,2021,3680,10144,22.268849,86.046527,0.7498,Mining
T45QUE,2021,3072,9728,22.323527,86.005765,0.7497,Mining
T45QUE,2021,8256,3456,21.850486,85.402192,0.7497,Mining
T45QUE,2021,3424,3232,22.286645,85.375541,0.7497,Mining
T45QUE,2021,288,6016,22.572354,85.64296,0.7497,Mining
T45QUE,2021,7680,6976,21.905462,85.742293,0.7497,Mining
T45QUE,2021,6688,6880,21.994992,85.732207,0.7497,Mining
T45QUE,2021,6784,10112,21.988441,86.045312,0.7496,Mining
T45QUE,2021,1600,4864,22.452882,85.532186,0.7496,Mining
T45QUE,2021,6912,4480,21.9728,85.499986,0.7496,Mining
T45QUE,2021,1792,10368,22.439517,86.067131,0.7496,Mining
T45QUE,2021,8064,4544,21.868813,85.507269,0.7495,Mining
T45QUE,2021,5152,8192,22.134667,85.858167,0.7495,Mining
T45QUE,2021,6560,7584,22.007067,85.800295,0.7495,Mining
T45QUE,2021,96,512,22.584279,85.107551,0.7495,Mining
T45QUE,2021,224,9792,22.580816,86.010154,0.7495,Mining
T45QUE,2021,5248,9920,22.127082,86.025765,0.7494,Mining
T45QUE,2021,2880,7072,22.339082,85.747761,0.7494,Mining
T45QUE,2021,5376,5984,22.112798,85.6443,0.7494,Mining
T45QUE,2021,800,4800,22.525073,85.525202,0.7493,Mining
T45QUE,2021,2016,3552,22.414105,85.405147,0.7493,Mining
T45QUE,2021,1824,10624,22.436769,86.092025,0.7493,Mining
T45QUE,2021,7872,7904,21.888781,85.832259,0.7492,Mining
T45QUE,2021,320,4128,22.567809,85.459398,0.7492,Mining
T45QUE,2021,1728,7744,22.443624,85.812122,0.7492,Mining
T45QUE,2021,6528,7648,22.010002,85.80647,0.7492,Mining
T45QUE,2021,2976,10304,22.332532,86.06163,0.7492,Mining
T45QUE,2021,896,1056,22.512659,85.161402,0.7492,Mining
T45QUE,2021,3168,9664,22.314817,85.999614,0.7492,Mining
T45QUE,2021,3232,5120,22.305716,85.558578,0.7492,Mining
T45QUE,2021,7392,3104,21.92818,85.367251,0.7491,Mining
T45QUE,2021,352,64,22.560646,85.064316,0.7491,Mining
T45QUE,2021,4672,8000,22.177892,85.839196,0.7491,Mining
T45QUE,2021,3520,10752,22.283637,86.105442,0.7491,Mining
T45QUE,2021,1760,2048,22.435713,85.258787,0.7491,Mining
T45QUE,2021,9376,9024,21.753655,85.94166,0.749,Mining
T45QUE,2021,5120,10720,22.139089,86.103255,0.749,Mining
T45QUE,2021,4832,5792,22.161775,85.625213,0.749,Mining
T45QUE,2021,8736,7744,21.810627,85.817416,0.749,Mining
T45QUE,2021,4000,10240,22.239997,86.056037,0.7489,Mining
T45QUE,2021,4000,1440,22.2328,85.202325,0.7489,Mining
T45QUE,2021,2464,3584,22.373678,85.408715,0.7489,Mining
T45QUE,2021,672,10112,22.540539,86.04156,0.7489,Mining
T45QUE,2021,2304,4128,22.388638,85.461379,0.7489,Mining
T45QUE,2021,4832,5856,22.161827,85.631418,0.7489,Mining
T45QUE,2021,6656,4704,21.996118,85.521436,0.7488,Mining
T45QUE,2021,64,3168,22.590004,85.365781,0.7488,Mining
T45QUE,2021,3616,5376,22.271254,85.583775,0.7487,Mining
T45QUE,2021,1312,9952,22.482636,86.026406,0.7487,Mining
T45QUE,2021,960,4224,22.510101,85.46937,0.7487,Mining
T45QUE,2021,96,4288,22.588186,85.474733,0.7486,Mining
T45QUE,2021,1984,10816,22.42242,86.110774,0.7486,Mining
T45QUE,2021,1984,4352,22.417743,85.482818,0.7486,Mining
T45QUE,2021,6144,4864,22.042498,85.536457,0.7486,Mining
T45QUE,2021,2144,3200,22.402205,85.371093,0.7486,Mining
T45QUE,2021,4256,8128,22.215555,85.851304,0.7486,Mining
T45QUE,2021,2272,4448,22.391821,85.492424,0.7486,Mining
T45QUE,2021,1888,9920,22.430589,86.02366,0.7485,Mining
T45QUE,2021,576,2752,22.543353,85.325885,0.7485,Mining
T45QUE,2021,8320,8448,21.848678,85.885225,0.7484,Mining
T45QUE,2021,1760,9984,22.442188,86.029798,0.7484,Mining
T45QUE,2021,5824,4448,22.071034,85.495851,0.7484,Mining
T45QUE,2021,3776,4320,22.255878,85.481464,0.7484,Mining
T45QUE,2021,4128,10336,22.228489,86.065429,0.7484,Mining
T45QUE,2021,160,5056,22.583098,85.549484,0.7484,Mining
T45QUE,2021,2496,1952,22.369153,85.250294,0.7483,Mining
T45QUE,2021,5536,2976,22.095668,85.352926,0.7483,Mining
T45QUE,2021,1024,3072,22.503219,85.357471,0.7483,Mining
T45QUE,2021,224,2368,22.574746,85.288163,0.7482,Mining
T45QUE,2021,2304,2976,22.387535,85.34951,0.7482,Mining
T45QUE,2021,4256,3392,22.211664,85.391926,0.7482,Mining
T45QUE,2021,3552,3648,22.275485,85.416039,0.7482,Mining
T45QUE,2021,3104,4096,22.316362,85.459066,0.7482,Mining
T45QUE,2021,7072,4384,21.958265,85.490844,0.7482,Mining
T45QUE,2021,5568,2976,22.092778,85.35296,0.7481,Mining
T45QUE,2021,832,1408,22.518825,85.195536,0.7481,Mining
T45QUE,2021,576,6912,22.547055,85.730334,0.7481,Mining
T45QUE,2021,448,5248,22.557256,85.568425,0.748,Mining
T45QUE,2021,7520,2528,21.916058,85.311637,0.748,Mining
T45QUE,2021,2400,2080,22.377955,85.262614,0.748,Mining
T45QUE,2021,5248,8192,22.125996,85.858237,0.748,Mining
T45QUE,2021,1088,2592,22.496957,85.310893,0.748,Mining
T45QUE,2021,4672,7712,22.177691,85.811266,0.748,Mining
T45QUE,2021,7520,3552,21.917045,85.410743,0.7479,Mining
T45QUE,2021,160,3264,22.58143,85.375218,0.7479,Mining
T45QUE,2021,3264,192,22.297871,85.080379,0.7478,Mining
T45QUE,2021,5216,10688,22.1304,86.100207,0.7478,Mining
T45QUE,2021,4256,1376,22.209615,85.196413,0.7478,Mining
T45QUE,2021,6944,3712,21.969214,85.425656,0.7478,Mining
T45QUE,2021,4480,9760,22.196362,86.009767,0.7477,Mining
T45QUE,2021,5120,6208,22.136098,85.665794,0.7477,Mining
T45QUE,2021,7232,7520,21.946322,85.794608,0.7477,Mining
T45QUE,2021,2208,2912,22.396141,85.343193,0.7477,Mining
T45QUE,2021,320,3488,22.5672,85.397168,0.7476,Mining
T45QUE,2021,4672,1984,22.172692,85.255839,0.7476,Mining
T45QUE,2021,2080,768,22.405431,85.134846,0.7476,Mining
T45QUE,2021,5440,2880,22.104244,85.343522,0.7476,Mining
T45QUE,2021,1760,3136,22.436819,85.364472,0.7476,Mining
T45QUE,2021,4096,9888,22.231124,86.021943,0.7476,Mining
T45QUE,2021,9600,6496,21.731678,85.697404,0.7476,Mining
T45QUE,2021,8832,2208,21.797255,85.282085,0.7476,Mining
T45QUE,2021,2240,6784,22.396667,85.719271,0.7476,Mining
T45QUE,2021,4768,7712,22.16902,85.811339,0.7475,Mining
T45QUE,2021,1056,9376,22.505412,85.97025,0.7475,Mining
T45QUE,2021,224,9120,22.5804,85.944792,0.7475,Mining
T45QUE,2021,6240,6688,22.035312,85.713246,0.7474,Mining
T45QUE,2021,960,3232,22.509156,85.372954,0.7474,Mining
T45QUE,2021,160,3904,22.582047,85.437454,0.7473,Mining
T45QUE,2021,352,9600,22.569139,85.991564,0.7473,Mining
T45QUE,2021,1120,6560,22.497649,85.696569,0.7473,Mining
T45QUE,2021,5888,7456,22.067674,85.787379,0.7472,Mining
T45QUE,2021,6144,8928,22.045545,85.9302,0.7472,Mining
T45QUE,2021,8320,2880,21.844156,85.346537,0.7472,Mining
T45QUE,2021,2080,10784,22.413731,86.10772,0.7472,Mining
T45QUE,2021,5856,5600,22.069132,85.607505,0.7472,Mining
T45QUE,2021,5472,9120,22.106367,85.948354,0.7472,Mining
T45QUE,2021,288,1664,22.568223,85.219787,0.7472,Mining
T45QUE,2021,32,7648,22.596737,85.801474,0.7472,Mining
T45QUE,2021,2208,10784,22.402169,86.107794,0.7471,Mining
T45QUE,2021,5440,7328,22.108046,85.774627,0.7471,Mining
T45QUE,2021,9216,5088,21.765234,85.560946,0.7471,Mining
T45QUE,2021,5568,9792,22.098101,86.013556,0.747,Mining
T45QUE,2021,7424,8320,21.929529,85.872203,0.747,Mining
T45QUE,2021,6112,8736,22.048313,85.911574,0.747,Mining
T45QUE,2021,4864,9984,22.161806,86.031733,0.747,Mining
T45QUE,2021,6240,6048,22.034813,85.651244,0.747,Mining
T45QUE,2021,256,3584,22.573072,85.406435,0.747,Mining
T45QUE,2021,4160,3040,22.219993,85.357686,0.747,Mining
T45QUE,2021,4352,3136,22.202748,85.367198,0.7469,Mining
T45QUE,2021,6752,4480,21.987251,85.499835,0.7469,Mining
T45QUE,2021,7104,2336,21.953433,85.292607,0.7469,Mining
T45QUE,2021,4768,3392,22.165427,85.392452,0.7467,Mining
T45QUE,2021,864,10400,22.52336,86.069681,0.7467,Mining
T45QUE,2021,2592,5728,22.364031,85.61702,0.7467,Mining
T45QUE,2021,800,6368,22.526398,85.677632,0.7466,Mining
T45QUE,2021,8032,3360,21.870625,85.392678,0.7465,Mining
T45QUE,2021,1824,736,22.42851,85.131429,0.7465,Mining
T45QUE,2021,7584,8224,21.915012,85.863024,0.7465,Mining
T45QUE,2021,4768,10624,22.170834,86.093743,0.7465,Mining
T45QUE,2021,352,9088,22.568818,85.941768,0.7465,Mining
T45QUE,2021,3520,5312,22.27987,85.577477,0.7465,Mining
T45QUE,2021,6464,10592,22.017612,86.09162,0.7464,Mining
T45QUE,2021,2944,4160,22.33087,85.46512,0.7464,Mining
T45QUE,2021,160,7616,22.585153,85.798461,0.7464,Mining
T45QUE,2021,3168,6016,22.312246,85.645488,0.7464,Mining
T45QUE,2021,2976,3584,22.327441,85.40924,0.7464,Mining
T45QUE,2021,9376,1088,21.746968,85.174407,0.7463,Mining
T45QUE,2021,5536,4928,22.097466,85.542094,0.7463,Mining
T45QUE,2021,6944,3776,21.969273,85.431853,0.7463,Mining
T45QUE,2021,7360,3200,21.931162,85.376511,0.7463,Mining
T45QUE,2021,7008,4192,21.963873,85.472193,0.7463,Mining
T45QUE,2021,992,5184,22.508071,85.562711,0.7463,Mining
T45QUE,2021,7520,5568,21.918815,85.605873,0.7462,Mining
T45QUE,2021,800,32,22.52016,85.06177,0.7462,Mining
T45QUE,2021,2496,5856,22.372807,85.629365,0.7461,Mining
T45QUE,2021,1856,7328,22.43176,85.771804,0.7461,Mining
T45QUE,2021,1504,9312,22.464906,85.964329,0.7461,Mining
T45QUE,2021,2656,5632,22.358171,85.607756,0.7461,Mining
T45QUE,2021,224,4096,22.576448,85.45619,0.746,Mining
T45QUE,2021,9344,7744,21.755707,85.817867,0.746,Mining
T45QUE,2021,1024,6656,22.506394,85.705819,0.746,Mining
T45QUE,2021,2656,192,22.352768,85.079627,0.746,Mining
T45QUE,2021,4576,7968,22.186541,85.836022,0.746,Mining
T45QUE,2021,10720,4576,21.628957,85.512837,0.746,Mining
T45QUE,2021,5728,7264,22.081987,85.768649,0.746,Mining
T45QUE,2021,0,3296,22.59591,85.378161,0.746,Mining
T45QUE,2021,7872,1376,21.883089,85.200548,0.7459,Mining
T45QUE,2021,4416,10016,22.202292,86.03456,0.7459,Mining
T45QUE,2021,64,2848,22.589684,85.334662,0.7459,Mining
T45QUE,2021,1792,8128,22.438113,85.849481,0.7458,Mining
T45QUE,2021,576,224,22.540608,85.080149,0.7457,Mining
T45QUE,2021,2240,7104,22.39691,85.750352,0.7457,Mining
T45QUE,2021,2080,2880,22.407668,85.339948,0.7457,Mining
T45QUE,2021,1760,3040,22.436724,85.355146,0.7457,Mining
T45QUE,2021,4416,2368,22.196204,85.29279,0.7457,Mining
T45QUE,2021,1696,10720,22.448383,86.101279,0.7457,Mining
T45QUE,2021,2624,4192,22.359799,85.46791,0.7457,Mining
T45QUE,2021,3072,5632,22.3206,85.608129,0.7457,Mining
T45QUE,2021,5152,7456,22.134152,85.786811,0.7457,Mining
T45QUE,2021,3968,1472,22.235724,85.205392,0.7457,Mining
T45QUE,2021,8064,7456,21.871125,85.789047,0.7456,Mining
T45QUE,2021,832,1216,22.518615,85.176876,0.7456,Mining
T45QUE,2021,5184,4512,22.128891,85.501442,0.7456,Mining
T45QUE,2021,4768,10560,22.1708,86.087536,0.7456,Mining
T45QUE,2021,2176,5696,22.401576,85.613541,0.7456,Mining
T45QUE,2021,3264,8640,22.305502,85.900273,0.7456,Mining
T45QUE,2021,6080,9248,22.051526,85.961164,0.7455,Mining
T45QUE,2021,7680,1664,21.900729,85.228199,0.7455,Mining
T45QUE,2021,5760,4512,22.076871,85.501991,0.7455,Mining
T45QUE,2021,2976,2208,22.326075,85.275682,0.7454,Mining
T45QUE,2021,3840,9728,22.254154,86.006256,0.7454,Mining
T45QUE,2021,320,10304,22.572444,86.060014,0.7454,Mining
T45QUE,2021,4704,8064,22.175046,85.845427,0.7454,Mining
T45QUE,2021,3968,7136,22.24086,85.754845,0.7454,Mining
T45QUE,2021,5216,7872,22.128666,85.82719,0.7453,Mining
T45QUE,2021,896,5120,22.516685,85.5564,0.7453,Mining
T45QUE,2021,64,1248,22.587996,85.179076,0.7453,Mining
T45QUE,2021,3200,5120,22.308606,85.558548,0.7453,Mining
T45QUE,2021,352,10240,22.569517,86.053809,0.7453,Mining
T45QUE,2021,8832,7936,21.802087,85.836059,0.7453,Mining
T45QUE,2021,4064,4800,22.230297,85.528306,0.7453,Mining
T45QUE,2021,5440,3136,22.104493,85.368331,0.7453,Mining
T45QUE,2021,1792,9856,22.439222,86.017381,0.7452,Mining
T45QUE,2021,64,2080,22.588893,85.259979,0.7452,Mining
T45QUE,2021,4800,3200,22.162352,85.37387,0.7451,Mining
T45QUE,2021,7424,3168,21.925352,85.373479,0.7451,Mining
T45QUE,2021,320,6496,22.569851,85.689667,0.7451,Mining
T45QUE,2021,7840,7904,21.891671,85.832236,0.745,Mining
T45QUE,2021,4128,4640,22.224375,85.512846,0.745,Mining
T45QUE,2021,9696,8160,21.724193,85.858343,0.745,Mining
T45QUE,2021,5248,6240,22.124563,85.669005,0.745,Mining
T45QUE,2021,704,736,22.529637,85.130071,0.7449,Mining
T45QUE,2021,5472,3776,22.102211,85.430387,0.7449,Mining
T45QUE,2021,2208,512,22.393585,85.110143,0.7449,Mining
T45QUE,2021,2624,6816,22.362009,85.722695,0.7449,Mining
T45QUE,2021,5536,9632,22.100897,85.998027,0.7449,Mining
T45QUE,2021,1792,2848,22.433643,85.33653,0.7448,Mining
T45QUE,2021,6720,2496,21.988271,85.307685,0.7448,Mining
T45QUE,2021,3744,10272,22.26314,86.058988,0.7448,Mining
T45QUE,2021,2912,10592,22.338472,86.089556,0.7448,Mining
T45QUE,2021,7168,6656,21.951468,85.710904,0.7448,Mining
T45QUE,2021,5792,9632,22.077773,85.99819,0.7447,Mining
T45QUE,2021,5984,9184,22.060158,85.954899,0.7447,Mining
T45QUE,2021,4768,3872,22.165879,85.43899,0.7447,Mining
T45QUE,2021,2912,5856,22.335236,85.629732,0.7447,Mining
T45QUE,2021,1632,4576,22.449735,85.504235,0.7446,Mining
T45QUE,2021,7232,7936,21.946613,85.834886,0.7446,Mining
T45QUE,2021,1632,9312,22.453344,85.964415,0.7446,Mining
T45QUE,2021,5056,7840,22.143096,85.823968,0.7445,Mining
T45QUE,2021,384,6368,22.563969,85.677274,0.7445,Mining
T45QUE,2021,4736,3552,22.168469,85.407932,0.7444,Mining
T45QUE,2021,1856,4672,22.429592,85.513778,0.7444,Mining
T45QUE,2021,4384,10624,22.205522,86.09352,0.7444,Mining
T45QUE,2021,4160,5152,22.221932,85.56254,0.7444,Mining
T45QUE,2021,5536,6080,22.098424,85.653742,0.7443,Mining
T45QUE,2021,448,1088,22.553146,85.163978,0.7443,Mining
T45QUE,2021,4256,10336,22.216926,86.065505,0.7443,Mining
T45QUE,2021,5568,2944,22.092747,85.349859,0.7443,Mining
T45QUE,2021,4992,7296,22.148488,85.771174,0.7443,Mining
T45QUE,2021,5632,2944,22.086968,85.349926,0.7443,Mining
T45QUE,2021,960,3520,22.509436,85.400945,0.7443,Mining
T45QUE,2021,6560,7072,22.006696,85.750701,0.7443,Mining
T45QUE,2021,7232,7680,21.946435,85.8101,0.7442,Mining
T45QUE,2021,1728,3392,22.439958,85.389307,0.7442,Mining
T45QUE,2021,6848,2368,21.976584,85.295428,0.7442,Mining
T45QUE,2021,5024,6688,22.145143,85.71225,0.7442,Mining
T45QUE,2021,1024,2720,22.502866,85.323262,0.7442,Mining
T45QUE,2021,5504,7488,22.102381,85.790185,0.7441,Mining
T45QUE,2021,6464,7296,22.015531,85.772324,0.7441,Mining
T45QUE,2021,96,2976,22.586923,85.347144,0.7441,Mining
T45QUE,2021,2816,3968,22.342252,85.446354,0.7441,Mining
T45QUE,2021,4960,4320,22.148949,85.482614,0.744,Mining
T45QUE,2021,3904,9760,22.248392,86.009402,0.744,Mining
T45QUE,2021,2528,10688,22.373211,86.098654,0.744,Mining
T45QUE,2021,4800,9824,22.167494,86.016176,0.744,Mining
T45QUE,2021,3808,8192,22.256065,85.857185,0.744,Mining
T45QUE,2021,1376,5952,22.474039,85.6377,0.7439,Mining
T45QUE,2021,1952,8768,22.424092,85.911778,0.7439,Mining
T45QUE,2021,448,6144,22.558008,85.655548,0.7439,Mining
T45QUE,2021,6016,9376,22.057385,85.973525,0.7438,Mining
T45QUE,2021,224,2272,22.574646,85.278829,0.7438,Mining
T45QUE,2021,6912,3552,21.971954,85.410132,0.7438,Mining
T45QUE,2021,6592,5472,22.002552,85.595758,0.7438,Mining
T45QUE,2021,2336,5920,22.38731,85.635439,0.7438,Mining
T45QUE,2021,2496,5280,22.372324,85.573431,0.7437,Mining
T45QUE,2021,8704,3648,21.810204,85.42121,0.7437,Mining
T45QUE,2021,5088,10848,22.142047,86.115648,0.7437,Mining
T45QUE,2021,4608,10080,22.184986,86.040886,0.7437,Mining
T45QUE,2021,2656,4320,22.357026,85.48037,0.7437,Mining
T45QUE,2021,3040,10560,22.326892,86.086524,0.7437,Mining
T45QUE,2021,1632,6272,22.451178,85.669019,0.7437,Mining
T45QUE,2021,5248,10848,22.127594,86.115738,0.7436,Mining
T45QUE,2021,3328,10592,22.300895,86.0898,0.7436,Mining
T45QUE,2021,4224,8896,22.218955,85.925785,0.7436,Mining
T45QUE,2021,4096,7264,22.229394,85.767365,0.7436,Mining
T45QUE,2021,5824,1152,22.067785,85.176515,0.7436,Mining
T45QUE,2021,448,3232,22.555391,85.372412,0.7436,Mining
T45QUE,2021,5088,6592,22.139289,85.702996,0.7436,Mining
T45QUE,2021,2560,10752,22.370355,86.104889,0.7436,Mining
T45QUE,2021,3936,5536,22.242487,85.599588,0.7435,Mining
T45QUE,2021,1760,7840,22.440802,85.821474,0.7435,Mining
T45QUE,2021,2272,2784,22.390234,85.330831,0.7435,Mining
T45QUE,2021,7936,1120,21.877037,85.175853,0.7435,Mining
T45QUE,2021,3808,9728,22.257045,86.006236,0.7435,Mining
T45QUE,2021,5664,5696,22.086552,85.616638,0.7434,Mining
T45QUE,2021,6496,6016,22.011665,85.648364,0.7434,Mining
T45QUE,2021,5600,224,22.086984,85.086344,0.7434,Mining
T45QUE,2021,6912,2016,21.970447,85.261418,0.7434,Mining
T45QUE,2021,4864,3744,22.15709,85.426677,0.7434,Mining
T45QUE,2021,6496,10240,22.014529,86.057538,0.7433,Mining
T45QUE,2021,6016,7328,22.05602,85.775075,0.7433,Mining
T45QUE,2021,192,2208,22.577469,85.27257,0.7433,Mining
T45QUE,2021,3872,1408,22.244324,85.199073,0.7433,Mining
T45QUE,2021,4256,3040,22.211323,85.357787,0.7433,Mining
T45QUE,2021,1152,1056,22.489544,85.161708,0.7433,Mining
T45QUE,2021,4320,3232,22.205731,85.376474,0.7432,Mining
T45QUE,2021,3744,8416,22.261997,85.878875,0.7432,Mining
T45QUE,2021,3936,4192,22.241312,85.469202,0.7432,Mining
T45QUE,2021,4352,10816,22.208515,86.112128,0.7432,Mining
T45QUE,2021,4864,9664,22.161618,86.000701,0.7431,Mining
T45QUE,2021,4000,10208,22.239979,86.052932,0.7431,Mining
T45QUE,2021,5472,5792,22.103972,85.625773,0.7431,Mining
T45QUE,2021,2464,2752,22.372864,85.327931,0.743,Mining
T45QUE,2021,6336,9504,22.028556,85.986135,0.743,Mining
T45QUE,2021,7424,6144,21.927949,85.661548,0.743,Mining
T45QUE,2021,6144,7936,22.044888,85.834083,0.743,Mining
T45QUE,2021,928,5088,22.513768,85.553319,0.743,Mining
T45QUE,2021,5664,5856,22.086682,85.632144,0.743,Mining
T45QUE,2021,64,6176,22.592715,85.658324,0.7429,Mining
T45QUE,2021,5408,6400,22.110237,85.68465,0.7429,Mining
T45QUE,2021,960,5568,22.51129,85.600006,0.7429,Mining
T45QUE,2021,3680,6048,22.266029,85.649039,0.7429,Mining
T45QUE,2021,7584,1568,21.909298,85.218802,0.7429,Mining
T45QUE,2021,3328,4576,22.296568,85.505871,0.7429,Mining
T45QUE,2021,1536,832,22.454622,85.140406,0.7429,Mining
T45QUE,2021,992,5152,22.508043,85.5596,0.7428,Mining
T45QUE,2021,2048,4160,22.411787,85.464232,0.7428,Mining
T45QUE,2021,7456,1536,21.920823,85.215561,0.7428,Mining
T45QUE,2021,3584,10240,22.277575,86.055785,0.7428,Mining
T45QUE,2021,1152,4288,22.492821,85.47578,0.7428,Mining
T45QUE,2021,384,160,22.557869,85.073688,0.7428,Mining
T45QUE,2021,960,5152,22.510933,85.55957,0.7427,Mining
T45QUE,2021,4096,8096,22.229985,85.848082,0.7427,Mining
T45QUE,2021,3360,10336,22.297863,86.064968,0.7427,Mining
T45QUE,2021,2528,3200,22.367528,85.371497,0.7426,Mining
T45QUE,2021,10560,4320,21.643185,85.487958,0.7426,Mining
T45QUE,2021,7552,8128,21.917838,85.853708,0.7426,Mining
T45QUE,2021,7136,3840,21.951992,85.438239,0.7426,Mining
T45QUE,2021,7936,3232,21.879174,85.380196,0.7426,Mining
T45QUE,2021,3744,2144,22.256658,85.270324,0.7425,Mining
T45QUE,2021,5472,4032,22.102448,85.455197,0.7425,Mining
T45QUE,2021,2112,7232,22.408567,85.762682,0.7425,Mining
T45QUE,2021,4128,10048,22.228326,86.037486,0.7425,Mining
T45QUE,2021,128,4288,22.585296,85.474765,0.7425,Mining
T45QUE,2021,3040,4768,22.322748,85.524232,0.7425,Mining
T45QUE,2021,5792,5248,22.074618,85.573339,0.7425,Mining
T45QUE,2021,7520,3520,21.917015,85.407646,0.7425,Mining
T45QUE,2021,2880,6176,22.338386,85.660771,0.7424,Mining
T45QUE,2021,8032,4576,21.871731,85.510335,0.7424,Mining
T45QUE,2021,6208,4320,22.036239,85.483818,0.7424,Mining
T45QUE,2021,1472,9696,22.468032,86.001627,0.7424,Mining
T45QUE,2021,2432,10720,22.3819,86.101707,0.7423,Mining
T45QUE,2021,7200,6496,21.948455,85.695438,0.7423,Mining
T45QUE,2021,512,10080,22.554972,86.038348,0.7423,Mining
T45QUE,2021,5216,4416,22.125916,85.492167,0.7423,Mining
T45QUE,2021,768,5376,22.528467,85.581166,0.7423,Mining
T45QUE,2021,1888,3616,22.425725,85.411231,0.7423,Mining
T45QUE,2021,3616,4800,22.270757,85.527883,0.7422,Mining
T45QUE,2021,3616,10560,22.274862,86.086862,0.7422,Mining
T45QUE,2021,2688,3936,22.353782,85.443119,0.7421,Mining
T45QUE,2021,4512,1344,22.186464,85.193606,0.7421,Mining
T45QUE,2021,9184,4544,21.767658,85.508317,0.7421,Mining
T45QUE,2021,5792,10208,22.078105,86.054015,0.742,Mining
T45QUE,2021,640,10688,22.543753,86.097551,0.742,Mining
T45QUE,2021,608,10080,22.546301,86.038408,0.7419,Mining
T45QUE,2021,3840,4064,22.249864,85.45669,0.7419,Mining
T45QUE,2021,1856,10912,22.434033,86.120028,0.7419,Mining
T45QUE,2021,6176,7232,22.041498,85.765899,0.7419,Mining
T45QUE,2021,5504,10240,22.104139,86.056944,0.7419,Mining
T45QUE,2021,5184,8384,22.131906,85.876805,0.7418,Mining
T45QUE,2021,2240,10688,22.399226,86.098487,0.7418,Mining
T45QUE,2021,2560,7744,22.368476,85.812761,0.7418,Mining
T45QUE,2021,5600,7616,22.093802,85.802665,0.7418,Mining
T45QUE,2021,2272,10880,22.396439,86.117156,0.7418,Mining
T45QUE,2021,8000,3328,21.873485,85.38955,0.7417,Mining
T45QUE,2021,576,5856,22.546211,85.627658,0.7417,Mining
T45QUE,2021,10688,4672,21.63193,85.522081,0.7417,Mining
T45QUE,2021,2592,1632,22.360145,85.219336,0.7417,Mining
T45QUE,2021,6880,2496,21.973822,85.307856,0.7417,Mining
T45QUE,2021,4256,9728,22.216577,86.006521,0.7417,Mining
T45QUE,2021,5472,2400,22.100876,85.29704,0.7417,Mining
T45QUE,2021,64,10112,22.595457,86.04118,0.7416,Mining
T45QUE,2021,3872,10368,22.251631,86.068381,0.7416,Mining
T45QUE,2021,5856,8032,22.070968,85.843173,0.7416,Mining
T45QUE,2021,320,6528,22.569876,85.692779,0.7416,Mining
T45QUE,2021,5504,9376,22.103634,85.973191,0.7416,Mining
T45QUE,2021,1056,5984,22.502966,85.640528,0.7416,Mining
T45QUE,2021,1120,10176,22.500109,86.04806,0.7415,Mining
T45QUE,2021,8672,7552,21.816274,85.798796,0.7415,Mining
T45QUE,2021,2912,9920,22.338092,86.024306,0.7415,Mining
T45QUE,2021,3904,6304,22.246002,85.674071,0.7415,Mining
T45QUE,2021,5696,5952,22.08387,85.641475,0.7414,Mining
T45QUE,2021,7776,5408,21.895561,85.590614,0.7414,Mining
T45QUE,2021,448,1664,22.553776,85.219972,0.7414,Mining
T45QUE,2021,4800,6624,22.165326,85.70586,0.7414,Mining
T45QUE,2021,6016,9184,22.057267,85.95492,0.7414,Mining
T45QUE,2021,7392,7744,21.932028,85.816416,0.7414,Mining
T45QUE,2021,7232,3456,21.942965,85.401161,0.7413,Mining
T45QUE,2021,7296,9728,21.94197,86.00844,0.7413,Mining
T45QUE,2021,6272,3456,22.029663,85.400189,0.7413,Mining
T45QUE,2021,2016,5888,22.416185,85.632048,0.7412,Mining
T45QUE,2021,2848,8672,22.343098,85.903086,0.7412,Mining
T45QUE,2021,0,6400,22.598676,85.680056,0.7412,Mining
T45QUE,2021,2336,4032,22.38566,85.452088,0.7412,Mining
T45QUE,2021,1984,2816,22.416273,85.333629,0.7412,Mining
T45QUE,2021,5696,9440,22.086329,85.97952,0.7412,Mining
T45QUE,2021,3360,9632,22.297455,85.996631,0.7412,Mining
T45QUE,2021,5152,8256,22.134711,85.864372,0.7412,Mining
T45QUE,2021,6528,3776,22.006843,85.43144,0.7411,Mining
T45QUE,2021,4192,9952,22.222489,86.028212,0.7411,Mining
T45QUE,2021,512,5312,22.551531,85.574707,0.7411,Mining
T45QUE,2021,5504,8608,22.103149,85.898746,0.7411,Mining
T45QUE,2021,4480,4544,22.1925,85.503871,0.7411,Mining
T45QUE,2021,5152,6688,22.133582,85.712355,0.7411,Mining
T45QUE,2021,6304,8512,22.030824,85.890005,0.7411,Mining
T45QUE,2021,6432,3360,22.015122,85.391054,0.7411,Mining
T45QUE,2021,128,9664,22.58941,85.997642,0.741,Mining
T45QUE,2021,3520,3680,22.278405,85.419112,0.741,Mining
T45QUE,2021,5152,3232,22.130595,85.377337,0.741,Mining
T45QUE,2021,1920,5856,22.424829,85.628854,0.741,Mining
T45QUE,2021,5792,9024,22.077401,85.939265,0.741,Mining
T45QUE,2021,2496,3616,22.370819,85.411855,0.7409,Mining
T45QUE,2021,5344,8736,22.117685,85.911043,0.7409,Mining
T45QUE,2021,2912,3712,22.333342,85.4216,0.7409,Mining
T45QUE,2021,3360,7616,22.296127,85.800948,0.7409,Mining
T45QUE,2021,3616,2720,22.268802,85.326066,0.7408,Mining
T45QUE,2021,5280,6144,22.121596,85.659727,0.7408,Mining
T45QUE,2021,1856,9728,22.433365,86.004985,0.7407,Mining
T45QUE,2021,6752,8864,21.990584,85.924414,0.7407,Mining
T45QUE,2021,4320,8128,22.209775,85.851352,0.7407,Mining
T45QUE,2021,3648,10624,22.272006,86.093092,0.7407,Mining
T45QUE,2021,864,5952,22.52028,85.637247,0.7407,Mining
T45QUE,2021,736,5088,22.531107,85.553139,0.7407,Mining
T45QUE,2021,256,4064,22.573529,85.45311,0.7407,Mining
T45QUE,2021,3040,3648,22.321722,85.415518,0.7407,Mining
T45QUE,2021,5664,6784,22.08741,85.722079,0.7406,Mining
T45QUE,2021,6624,7552,22.001263,85.797244,0.7406,Mining
T45QUE,2021,1344,8128,22.478578,85.849147,0.7406,Mining
T45QUE,2021,4256,10880,22.217221,86.118282,0.7406,Mining
T45QUE,2021,5632,7616,22.090911,85.802689,0.7405,Mining
T45QUE,2021,32,8960,22.597639,85.929096,0.7404,Mining
T45QUE,2021,576,5440,22.545861,85.587212,0.7404,Mining
T45QUE,2021,3264,7200,22.304494,85.760495,0.7404,Mining
T45QUE,2021,480,960,22.550114,85.151573,0.7404,Mining
T45QUE,2021,2272,3040,22.390488,85.355691,0.7403,Mining
T45QUE,2021,6880,9280,21.979281,85.96479,0.7403,Mining
T45QUE,2021,160,3296,22.581461,85.37833,0.7403,Mining
T45QUE,2021,5920,8448,22.065468,85.883533,0.7402,Mining
T45QUE,2021,6080,608,22.044073,85.12412,0.7402,Mining
T45QUE,2021,5408,10080,22.11272,86.041375,0.7402,Mining
T45QUE,2021,3840,576,22.246299,85.118334,0.7402,Mining
T45QUE,2021,384,8576,22.565592,85.891997,0.7401,Mining
T45QUE,2021,5312,10624,22.121693,86.094057,0.7401,Mining
T45QUE,2021,5632,9088,22.091894,85.94536,0.7401,Mining
T45QUE,2021,6560,3584,22.003774,85.412877,0.74,Mining
T45QUE,2021,3936,6624,22.243363,85.705144,0.74,Mining
T45QUE,2021,256,9632,22.577829,85.994613,0.74,Mining
T45QUE,2021,5440,10400,22.110009,86.072416,0.74,Mining
T45QUE,2021,4064,10528,22.234376,86.08402,0.7399,Mining
T45QUE,2021,1760,2720,22.436404,85.324062,0.7399,Mining
T45QUE,2021,5312,2720,22.115645,85.32788,0.7399,Mining
T45QUE,2021,3616,10464,22.274809,86.077545,0.7398,Mining
T45QUE,2021,5760,9280,22.080451,85.964054,0.7398,Mining
T45QUE,2021,3776,3776,22.255376,85.428685,0.7398,Mining
T45QUE,2021,896,544,22.512083,85.111646,0.7398,Mining
T45QUE,2021,6656,10368,22.000146,86.070032,0.7398,Mining
T45QUE,2021,448,896,22.552932,85.145313,0.7398,Mining
T45QUE,2021,3168,512,22.306904,85.111312,0.7397,Mining
T45QUE,2021,3424,4960,22.288237,85.543229,0.7397,Mining
T45QUE,2021,288,6208,22.57251,85.661632,0.7397,Mining
T45QUE,2021,4160,5728,22.222416,85.618413,0.7397,Mining
T45QUE,2021,384,9088,22.565928,85.94179,0.7396,Mining
T45QUE,2021,6016,7424,22.056089,85.784377,0.7396,Mining
T45QUE,2021,1920,3456,22.422682,85.395723,0.7396,Mining
T45QUE,2021,1216,9888,22.49127,86.020125,0.7396,Mining
T45QUE,2021,3968,64,22.234159,85.068832,0.7395,Mining
T45QUE,2021,4960,4608,22.149207,85.510535,0.7395,Mining
T45QUE,2021,512,1504,22.547824,85.204493,0.7395,Mining
T45QUE,2021,672,192,22.531903,85.077159,0.7395,Mining
T45QUE,2021,5792,7968,22.076705,85.836924,0.7395,Mining
T45QUE,2021,4224,1344,22.21247,85.193273,0.7395,Mining
T45QUE,2021,10400,4352,21.657664,85.490899,0.7395,Mining
T45QUE,2021,5632,2464,22.086491,85.303415,0.7395,Mining
T45QUE,2021,6528,7072,22.009587,85.750676,0.7394,Mining
T45QUE,2021,5952,5056,22.060004,85.554881,0.7394,Mining
T45QUE,2021,128,864,22.581789,85.141815,0.7393,Mining
T45QUE,2021,6464,7584,22.015738,85.800222,0.7393,Mining
T45QUE,2021,192,10272,22.583988,86.056823,0.7393,Mining
T45QUE,2021,2592,9184,22.366551,85.952627,0.7393,Mining
T45QUE,2021,2176,7616,22.403068,85.800033,0.7392,Mining
T45QUE,2021,7008,1952,21.961712,85.255328,0.7392,Mining
T45QUE,2021,3328,9632,22.300345,85.99661,0.7392,Mining
T45QUE,2021,3296,6720,22.301241,85.71393,0.7392,Mining
T45QUE,2021,9280,5120,21.75948,85.564098,0.7392,Mining
T45QUE,2021,5472,9824,22.106792,86.016598,0.7392,Mining
T45QUE,2021,9248,7328,21.764086,85.777569,0.7392,Mining
T45QUE,2021,416,1184,22.556142,85.173272,0.7392,Mining
T45QUE,2021,2624,2432,22.358091,85.297037,0.7392,Mining
T45QUE,2021,1024,5632,22.505564,85.606285,0.7392,Mining
T45QUE,2021,1056,7072,22.503824,85.746283,0.7392,Mining
T45QUE,2021,672,4256,22.536139,85.472194,0.7392,Mining
T45QUE,2021,2784,1472,22.342636,85.204026,0.7391,Mining
T45QUE,2021,2496,7680,22.374211,85.806496,0.7391,Mining
T45QUE,2021,5664,7552,22.087975,85.796511,0.739,Mining
T45QUE,2021,544,1088,22.544478,85.164092,0.739,Mining
T45QUE,2021,4064,2400,22.228023,85.295509,0.739,Mining
T45QUE,2021,5504,10272,22.104157,86.060046,0.739,Mining
T45QUE,2021,5408,9024,22.112088,85.939005,0.7389,Mining
T45QUE,2021,5440,8768,22.109034,85.914211,0.7389,Mining
T45QUE,2021,5376,10272,22.115719,86.059969,0.7389,Mining
T45QUE,2021,4576,10400,22.188056,86.071904,0.7388,Mining
T45QUE,2021,1600,10688,22.457037,86.098113,0.7388,Mining
T45QUE,2021,448,5376,22.557366,85.580871,0.7388,Mining
T45QUE,2021,1248,3360,22.483274,85.385696,0.7388,Mining
T45QUE,2021,3968,8256,22.241656,85.863512,0.7387,Mining
T45QUE,2021,512,2016,22.548372,85.254265,0.7387,Mining
T45QUE,2021,96,5696,22.589428,85.611668,0.7386,Mining
T45QUE,2021,608,10336,22.546448,86.063302,0.7386,Mining
T45QUE,2021,6176,9504,22.043009,85.986032,0.7386,Mining
T45QUE,2021,6752,2144,21.985026,85.273636,0.7386,Mining
T45QUE,2021,800,5088,22.525327,85.553199,0.7386,Mining
T45QUE,2021,5056,10656,22.144836,86.097012,0.7386,Mining
T45QUE,2021,736,9376,22.534316,85.970035,0.7385,Mining
T45QUE,2021,704,5152,22.534053,85.55933,0.7385,Mining
T45QUE,2021,1440,6848,22.468971,85.724827,0.7385,Mining
T45QUE,2021,6144,3168,22.040947,85.372161,0.7385,Mining
T45QUE,2021,5856,9344,22.071818,85.97032,0.7385,Mining
T45QUE,2021,5504,5792,22.101081,85.625801,0.7385,Mining
T45QUE,2021,5536,9152,22.100606,85.951499,0.7385,Mining
T45QUE,2021,2400,4576,22.380377,85.504978,0.7385,Mining
T45QUE,2021,1184,256,22.485749,85.084017,0.7385,Mining
T45QUE,2021,5568,7392,22.096531,85.780929,0.7385,Mining
T45QUE,2021,4992,10240,22.150389,86.056636,0.7384,Mining
T45QUE,2021,2496,3584,22.370788,85.408748,0.7384,Mining
T45QUE,2021,7776,7520,21.897185,85.795022,0.7383,Mining
T45QUE,2021,736,992,22.527035,85.154991,0.7383,Mining
T45QUE,2021,7520,5312,21.918603,85.581094,0.7383,Mining
T45QUE,2021,5536,9760,22.100973,86.010434,0.7383,Mining
T45QUE,2021,7040,6208,21.962683,85.66742,0.7383,Mining
T45QUE,2021,5824,2048,22.06873,85.263319,0.7383,Mining
T45QUE,2021,128,480,22.581353,85.104479,0.7382,Mining
T45QUE,2021,800,1216,22.521504,85.176838,0.7382,Mining
T45QUE,2021,4672,3040,22.173756,85.358224,0.7381,Mining
T45QUE,2021,6816,8256,21.984406,85.865572,0.7381,Mining
T45QUE,2021,2432,4608,22.377515,85.508116,0.7381,Mining
T45QUE,2021,32,8224,22.597146,85.857502,0.7381,Mining
T45QUE,2021,256,1568,22.571009,85.210416,0.7381,Mining
T45QUE,2021,3488,10016,22.286119,86.033985,0.7381,Mining
T45QUE,2021,4352,10496,22.208343,86.081084,0.738,Mining
T45QUE,2021,6848,8224,21.981494,85.862495,0.738,Mining
T45QUE,2021,2336,5664,22.387099,85.610577,0.738,Mining
T45QUE,2021,1728,4352,22.440862,85.482567,0.7379,Mining
T45QUE,2021,6656,5824,21.99706,85.629905,0.7379,Mining
T45QUE,2021,800,672,22.520897,85.123968,0.7379,Mining
T45QUE,2021,8800,5152,21.802861,85.566761,0.7379,Mining
T45QUE,2021,3264,6496,22.303957,85.692162,0.7379,Mining
T45QUE,2021,6688,6976,21.995064,85.741505,0.7379,Mining
T45QUE,2021,864,4736,22.519236,85.519043,0.7378,Mining
T45QUE,2021,3648,3072,22.266261,85.360252,0.7378,Mining
T45QUE,2021,448,5632,22.557584,85.605763,0.7377,Mining
T45QUE,2021,5696,9344,22.086271,85.970215,0.7377,Mining
T45QUE,2021,6336,9536,22.028575,85.989235,0.7377,Mining
T45QUE,2021,1024,4928,22.504957,85.537858,0.7377,Mining
T45QUE,2021,2464,1984,22.372076,85.253365,0.7377,Mining
T45QUE,2021,9568,3552,21.732085,85.412785,0.7376,Mining
T45QUE,2021,1472,4672,22.464271,85.513408,0.7376,Mining
T45QUE,2021,864,10144,22.523214,86.04479,0.7375,Mining
T45QUE,2021,3552,9472,22.280015,85.981226,0.7375,Mining
T45QUE,2021,6208,7680,22.038929,85.809328,0.7375,Mining
T45QUE,2021,3200,9664,22.311926,85.999634,0.7375,Mining
T45QUE,2021,8256,4832,21.851722,85.535312,0.7375,Mining
T45QUE,2021,64,4864,22.591598,85.53072,0.7375,Mining
T45QUE,2021,3616,5408,22.271281,85.58688,0.7373,Mining
T45QUE,2021,288,2336,22.568934,85.285123,0.7373,Mining
T45QUE,2021,1024,4608,22.504672,85.506756,0.7373,Mining
T45QUE,2021,4032,4896,22.233271,85.537588,0.7373,Mining
T45QUE,2021,5536,8704,22.100321,85.908074,0.7373,Mining
T45QUE,2021,6848,8640,21.981768,85.902784,0.7373,Mining
T45QUE,2021,2496,3392,22.370604,85.390106,0.7373,Mining
T45QUE,2021,1504,7744,22.463856,85.81195,0.7373,Mining
T45QUE,2021,4864,9600,22.16158,85.994494,0.7372,Mining
T45QUE,2021,576,1280,22.5418,85.182794,0.7372,Mining
T45QUE,2021,1824,3040,22.430945,85.355215,0.7372,Mining
T45QUE,2021,3104,6080,22.318078,85.651645,0.7371,Mining
T45QUE,2021,1280,1568,22.478546,85.211607,0.7371,Mining
T45QUE,2021,3328,10304,22.300735,86.061842,0.7371,Mining
T45QUE,2021,5504,8160,22.102851,85.855321,0.737,Mining
T45QUE,2021,1440,480,22.462892,85.106095,0.737,Mining
T45QUE,2021,736,6304,22.532127,85.671355,0.737,Mining
T45QUE,2021,6464,7104,22.015391,85.753725,0.737,Mining
T45QUE,2021,4160,5792,22.222469,85.624622,0.737,Mining
T45QUE,2021,3808,7072,22.255264,85.748508,0.7369,Mining
T45QUE,2021,5344,3232,22.113256,85.377535,0.7368,Mining
T45QUE,2021,6304,32,22.023199,85.068606,0.7368,Mining
T45QUE,2021,3904,5728,22.245537,85.618187,0.7368,Mining
T45QUE,2021,7040,8064,21.964043,85.84714,0.7367,Mining
T45QUE,2021,3744,6784,22.260827,85.72051,0.7367,Mining
T45QUE,2021,3232,5824,22.306309,85.626908,0.7366,Mining
T45QUE,2021,672,1344,22.533202,85.189128,0.7366,Mining
T45QUE,2021,2624,4800,22.360346,85.526943,0.7366,Mining
T45QUE,2021,2656,1152,22.353847,85.172814,0.7365,Mining
T45QUE,2021,1312,2624,22.476762,85.314248,0.7365,Mining
T45QUE,2021,5184,2752,22.127236,85.330845,0.7365,Mining
T45QUE,2021,3008,10176,22.329569,86.049221,0.7365,Mining
T45QUE,2021,5088,9376,22.141211,85.972919,0.7365,Mining
T45QUE,2021,5408,10272,22.112829,86.059988,0.7365,Mining
T45QUE,2021,6560,6048,22.00591,85.651518,0.7365,Mining
T45QUE,2021,3904,9824,22.24843,86.015612,0.7364,Mining
T45QUE,2021,1024,2688,22.502834,85.320152,0.7364,Mining
T45QUE,2021,3776,192,22.251642,85.08101,0.7364,Mining
T45QUE,2021,2816,3456,22.341768,85.396651,0.7364,Mining
T45QUE,2021,4768,3840,22.165849,85.435888,0.7363,Mining
T45QUE,2021,6688,9920,21.997004,86.026656,0.7363,Mining
T45QUE,2021,10880,8832,21.617674,85.924103,0.7363,Mining
T45QUE,2021,256,9408,22.577691,85.972826,0.7363,Mining
T45QUE,2021,7968,7552,21.879864,85.798264,0.7363,Mining
T45QUE,2021,3008,416,22.321242,85.101801,0.7363,Mining
T45QUE,2021,5728,7776,22.082353,85.818269,0.7363,Mining
T45QUE,2021,7840,8256,21.89191,85.866305,0.7362,Mining
T45QUE,2021,2592,5888,22.364163,85.632557,0.7362,Mining
T45QUE,2021,1984,2144,22.415587,85.268362,0.7362,Mining
T45QUE,2021,5696,5984,22.083896,85.644576,0.7361,Mining
T45QUE,2021,288,9696,22.574978,86.000859,0.7361,Mining
T45QUE,2021,9344,5184,21.753754,85.570343,0.7361,Mining
T45QUE,2021,128,10272,22.589769,86.056784,0.7361,Mining
T45QUE,2021,704,8032,22.536316,85.839334,0.736,Mining
T45QUE,2021,6976,1984,21.964634,85.258391,0.736,Mining
T45QUE,2021,5440,1248,22.102563,85.185372,0.736,Mining
T45QUE,2021,9920,2048,21.698839,85.267792,0.736,Mining
T45QUE,2021,2560,2240,22.363673,85.278326,0.736,Mining
T45QUE,2021,1888,5984,22.427824,85.641261,0.736,Mining
T45QUE,2021,4064,10912,22.234582,86.121278,0.736,Mining
T45QUE,2021,3456,9792,22.288878,86.012223,0.736,Mining
T45QUE,2021,8832,7840,21.802022,85.826773,0.7359,Mining
T45QUE,2021,1504,5280,22.461914,85.572516,0.7359,Mining
T45QUE,2021,5152,7488,22.134175,85.789913,0.7359,Mining
T45QUE,2021,0,5440,22.597881,85.586681,0.7359,Mining
T45QUE,2021,1056,2592,22.499847,85.310858,0.7359,Mining
T45QUE,2021,2112,6048,22.407646,85.647674,0.7359,Mining
T45QUE,2021,6528,8576,22.010632,85.896363,0.7358,Mining
T45QUE,2021,3456,6848,22.286888,85.726485,0.7358,Mining
T45QUE,2021,7616,1856,21.906708,85.246708,0.7357,Mining
T45QUE,2021,4320,10688,22.211338,86.099692,0.7357,Mining
T45QUE,2021,4832,7488,22.163079,85.789666,0.7357,Mining
T45QUE,2021,6560,8608,22.007762,85.899485,0.7357,Mining
T45QUE,2021,3296,5408,22.300182,85.586589,0.7357,Mining
T45QUE,2021,5664,8288,22.088485,85.867844,0.7357,Mining
T45QUE,2021,96,5600,22.589347,85.602331,0.7357,Mining
T45QUE,2021,4032,6720,22.234766,85.714538,0.7356,Mining
T45QUE,2021,3936,7200,22.243798,85.761029,0.7355,Mining
T45QUE,2021,4224,4352,22.215448,85.485003,0.7355,Mining
T45QUE,2021,4512,9440,22.19328,85.978749,0.7355,Mining
T45QUE,2021,864,7328,22.521357,85.771014,0.7355,Mining
T45QUE,2021,5152,10816,22.136249,86.112581,0.7355,Mining
T45QUE,2021,5152,9152,22.135292,85.951243,0.7355,Mining
T45QUE,2021,3424,9568,22.291635,85.99046,0.7354,Mining
T45QUE,2021,7744,1440,21.894715,85.206596,0.7354,Mining
T45QUE,2021,4992,9152,22.149745,85.951136,0.7354,Mining
T45QUE,2021,5568,6400,22.095786,85.684784,0.7353,Mining
T45QUE,2021,8224,3328,21.853255,85.389777,0.7353,Mining
T45QUE,2021,2112,6304,22.407852,85.67254,0.7353,Mining
T45QUE,2021,512,10112,22.554991,86.04146,0.7353,Mining
T45QUE,2021,7840,2432,21.887064,85.302688,0.7353,Mining
T45QUE,2021,288,9152,22.57464,85.947949,0.7353,Mining
T45QUE,2021,2208,4384,22.397543,85.486146,0.7353,Mining
T45QUE,2021,7200,8352,21.949784,85.875142,0.7353,Mining
T45QUE,2021,4928,8192,22.1549,85.858004,0.7352,Mining
T45QUE,2021,3584,5984,22.274648,85.642745,0.7352,Mining
T45QUE,2021,192,2688,22.577964,85.319243,0.7352,Mining
T45QUE,2021,4096,10304,22.231362,86.062305,0.7352,Mining
T45QUE,2021,4768,6208,22.167891,85.665495,0.7352,Mining
T45QUE,2021,864,4960,22.519435,85.540817,0.7351,Mining
T45QUE,2021,3072,8256,22.322587,85.862857,0.7351,Mining
T45QUE,2021,4928,4992,22.152432,85.547733,0.7351,Mining
T45QUE,2021,2368,1184,22.379887,85.175582,0.7351,Mining
T45QUE,2021,5376,6016,22.112823,85.647402,0.7351,Mining
T45QUE,2021,3264,9632,22.306126,85.996569,0.735,Mining
T45QUE,2021,2560,3744,22.365161,85.424349,0.735,Mining
T45QUE,2021,608,3424,22.54113,85.391246,0.735,Mining
T45QUE,2021,5664,4768,22.085766,85.526707,0.735,Mining
T45QUE,2021,1792,1088,22.431791,85.165578,0.735,Mining
T45QUE,2021,2784,8352,22.348666,85.871968,0.735,Mining
T45QUE,2021,5792,6400,22.075554,85.684971,0.735,Mining
T45QUE,2021,896,5088,22.516657,85.553289,0.735,Mining
T45QUE,2021,5888,224,22.060979,85.086694,0.735,Mining
T45QUE,2021,6944,7136,21.972059,85.757203,0.735,Mining
T45QUE,2021,5280,9536,22.123965,85.988556,0.7349,Mining
T45QUE,2021,4256,5920,22.213903,85.637122,0.7349,Mining
T45QUE,2021,7296,8192,21.941006,85.859719,0.7349,Mining
T45QUE,2021,4960,5728,22.150162,85.61912,0.7349,Mining
T45QUE,2021,5632,9120,22.091914,85.948462,0.7349,Mining
T45QUE,2021,4928,7200,22.154198,85.761815,0.7349,Mining
T45QUE,2021,0,3392,22.596004,85.387497,0.7348,Mining
T45QUE,2021,1632,192,22.445226,85.078356,0.7348,Mining
T45QUE,2021,1632,9888,22.453694,86.020389,0.7348,Mining
T45QUE,2021,3584,9696,22.277259,86.002987,0.7348,Mining
T45QUE,2021,2592,96,22.358436,85.070229,0.7348,Mining
T45QUE,2021,2752,4416,22.348443,85.489784,0.7348,Mining
T45QUE,2021,2592,7680,22.36554,85.80657,0.7347,Mining
T45QUE,2021,1056,1344,22.498529,85.18958,0.7347,Mining
T45QUE,2021,7328,4000,21.934799,85.453916,0.7347,Mining
T45QUE,2021,10240,7456,21.674571,85.790696,0.7347,Mining
T45QUE,2021,5472,5504,22.103734,85.59786,0.7347,Mining
T45QUE,2021,1632,9696,22.453579,86.001731,0.7347,Mining
T45QUE,2021,1536,4800,22.458605,85.525907,0.7347,Mining
T45QUE,2021,4256,8928,22.216085,85.928912,0.7346,Mining
T45QUE,2021,10624,4576,21.637628,85.512748,0.7346,Mining
T45QUE,2021,672,10752,22.540897,86.103793,0.7345,Mining
T45QUE,2021,6624,4192,21.998553,85.471822,0.7345,Mining
T45QUE,2021,5632,4192,22.088144,85.470859,0.7345,Mining
T45QUE,2021,6528,384,22.003371,85.102963,0.7345,Mining
T45QUE,2021,3360,4608,22.293707,85.509008,0.7345,Mining
T45QUE,2021,5632,9504,22.092149,85.985681,0.7344,Mining
T45QUE,2021,1184,9504,22.493929,85.982777,0.7344,Mining
T45QUE,2021,7552,1888,21.91252,85.249734,0.7344,Mining
T45QUE,2021,6464,4960,22.01368,85.546052,0.7344,Mining
T45QUE,2021,2688,3264,22.353141,85.377879,0.7344,Mining
T45QUE,2021,3168,32,22.306355,85.064735,0.7344,Mining
T45QUE,2021,9184,800,21.763997,85.146347,0.7344,Mining
T45QUE,2021,4832,9664,22.164509,86.00068,0.7343,Mining
T45QUE,2021,3392,5760,22.291805,85.620838,0.7343,Mining
T45QUE,2021,352,10560,22.569697,86.084932,0.7343,Mining
T45QUE,2021,8000,5984,21.875797,85.64655,0.7343,Mining
T45QUE,2021,6624,5984,22.000079,85.645374,0.7343,Mining
T45QUE,2021,4640,7264,22.180258,85.767794,0.7343,Mining
T45QUE,2021,6720,9536,21.993888,85.989481,0.7342,Mining
T45QUE,2021,1504,9024,22.464724,85.93634,0.7342,Mining
T45QUE,2021,544,2048,22.545516,85.257412,0.7342,Mining
T45QUE,2021,6784,8224,21.987275,85.862449,0.7342,Mining
T45QUE,2021,5504,960,22.096472,85.15754,0.7342,Mining
T45QUE,2021,5120,8416,22.137708,85.879861,0.7342,Mining
T45QUE,2021,5920,10656,22.066788,86.097509,0.7342,Mining
T45QUE,2021,3680,5952,22.265951,85.639724,0.7342,Mining
T45QUE,2021,5536,2720,22.095416,85.328119,0.7342,Mining
T45QUE,2021,3200,8960,22.31149,85.931292,0.7341,Mining
T45QUE,2021,3808,10720,22.257605,86.102502,0.7341,Mining
T45QUE,2021,672,4672,22.536518,85.512636,0.7341,Mining
T45QUE,2021,5568,10016,22.098231,86.035269,0.734,Mining
T45QUE,2021,1984,5184,22.418482,85.563634,0.734,Mining
T45QUE,2021,7136,3360,21.951544,85.39177,0.734,Mining
T45QUE,2021,5984,9472,22.060334,85.982807,0.734,Mining
T45QUE,2021,4000,4832,22.236105,85.53135,0.7339,Mining
T45QUE,2021,6016,10176,22.057853,86.051049,0.7339,Mining
T45QUE,2021,7136,2464,21.950672,85.305032,0.7339,Mining
T45QUE,2021,2080,5792,22.410326,85.62278,0.7339,Mining
T45QUE,2021,4672,9952,22.179131,86.02851,0.7338,Mining
T45QUE,2021,1984,5216,22.418509,85.566743,0.7338,Mining
T45QUE,2021,3264,3840,22.301674,85.43438,0.7338,Mining
T45QUE,2021,7072,9824,21.962261,86.017596,0.7337,Mining
T45QUE,2021,7424,7968,21.929292,85.838126,0.7337,Mining
T45QUE,2021,4896,8992,22.158316,85.935556,0.7337,Mining
T45QUE,2021,640,1024,22.535739,85.157986,0.7337,Mining
T45QUE,2021,1312,7680,22.481151,85.805582,0.7336,Mining
T45QUE,2021,128,6304,22.587038,85.670829,0.7336,Mining
T45QUE,2021,6624,6176,22.000231,85.66397,0.7336,Mining
T45QUE,2021,1952,7520,22.42323,85.790533,0.7336,Mining
T45QUE,2021,9728,1504,21.71562,85.215011,0.7336,Mining
T45QUE,2021,2976,10112,22.332423,86.042988,0.7336,Mining
T45QUE,2021,7712,8608,21.903703,85.900286,0.7336,Mining
T45QUE,2021,2656,3200,22.355969,85.371632,0.7335,Mining
T45QUE,2021,64,6048,22.59261,85.645875,0.7335,Mining
T45QUE,2021,4448,10528,22.199689,86.084245,0.7335,Mining
T45QUE,2021,1344,9152,22.479257,85.948671,0.7335,Mining
T45QUE,2021,2496,2592,22.369813,85.312431,0.7334,Mining
T45QUE,2021,800,9984,22.528902,86.029194,0.7334,Mining
T45QUE,2021,2432,10656,22.381866,86.09549,0.7334,Mining
T45QUE,2021,7264,1344,21.937958,85.196761,0.7334,Mining
T45QUE,2021,5344,8096,22.117259,85.849,0.7333,Mining
T45QUE,2021,5632,9824,22.092339,86.016698,0.7333,Mining
T45QUE,2021,2432,864,22.373755,85.14459,0.7333,Mining
T45QUE,2021,4448,10336,22.199583,86.06562,0.7333,Mining
T45QUE,2021,4256,4544,22.21273,85.503657,0.7333,Mining
T45QUE,2021,10336,7072,21.665625,85.753661,0.7333,Mining
T45QUE,2021,9568,5568,21.733838,85.607665,0.7333,Mining
T45QUE,2021,3104,5952,22.317974,85.63922,0.7332,Mining
T45QUE,2021,1952,896,22.417131,85.147122,0.7332,Mining
T45QUE,2021,640,3008,22.537831,85.35084,0.7331,Mining
T45QUE,2021,6304,64,22.023235,85.071705,0.7331,Mining
T45QUE,2021,6624,8736,22.002064,85.911928,0.7331,Mining
T45QUE,2021,4960,10400,22.153368,86.072132,0.7331,Mining
T45QUE,2021,4128,9824,22.228196,86.015753,0.733,Mining
T45QUE,2021,1088,3072,22.497439,85.35754,0.733,Mining
T45QUE,2021,4480,10400,22.196728,86.071847,0.733,Mining
T45QUE,2021,5504,6880,22.101934,85.731254,0.733,Mining
T45QUE,2021,5856,4352,22.068058,85.48658,0.733,Mining
T45QUE,2021,1280,5824,22.482604,85.625176,0.733,Mining
T45QUE,2021,7136,6400,21.954162,85.686091,0.733,Mining
T45QUE,2021,6624,4224,21.998582,85.474921,0.7329,Mining
T45QUE,2021,2048,9280,22.415749,85.961585,0.7329,Mining
T45QUE,2021,6432,10592,22.020503,86.091602,0.7329,Mining
T45QUE,2021,3232,7168,22.307361,85.757363,0.7329,Mining
T45QUE,2021,9024,7936,21.784744,85.836199,0.7328,Mining
T45QUE,2021,4928,5728,22.153052,85.619092,0.7328,Mining
T45QUE,2021,6304,5600,22.028669,85.607901,0.7328,Mining
T45QUE,2021,3520,9856,22.283135,86.018475,0.7327,Mining
T45QUE,2021,1760,6112,22.439489,85.653584,0.7326,Mining
T45QUE,2021,864,7232,22.521286,85.761681,0.7325,Mining
T45QUE,2021,864,2688,22.517282,85.319978,0.7325,Mining
T45QUE,2021,4608,2336,22.178833,85.289896,0.7325,Mining
T45QUE,2021,5568,800,22.090517,85.142113,0.7324,Mining
T45QUE,2021,2944,8576,22.334364,85.893833,0.7324,Mining
T45QUE,2021,2304,5088,22.389499,85.554608,0.7324,Mining
T45QUE,2021,7232,6848,21.945832,85.729545,0.7324,Mining
T45QUE,2021,6240,5184,22.034102,85.567545,0.7324,Mining
T45QUE,2021,480,4960,22.554114,85.540452,0.7324,Mining
T45QUE,2021,5952,6048,22.060825,85.650998,0.7324,Mining
T45QUE,2021,1056,512,22.4976,85.108733,0.7324,Mining
T45QUE,2021,6784,6624,21.986128,85.707491,0.7324,Mining
T45QUE,2021,3936,8928,22.244989,85.928692,0.7324,Mining
T45QUE,2021,7968,7648,21.879932,85.807555,0.7323,Mining
T45QUE,2021,5440,8608,22.10893,85.898701,0.7323,Mining
T45QUE,2021,10208,8512,21.678174,85.892727,0.7323,Mining
T45QUE,2021,352,3136,22.563965,85.362976,0.7323,Mining
T45QUE,2021,2752,4096,22.348151,85.458717,0.7323,Mining
T45QUE,2021,3552,1632,22.273459,85.220436,0.7323,Mining
T45QUE,2021,7232,3488,21.942995,85.404258,0.7323,Mining
T45QUE,2021,6496,192,22.006044,85.084334,0.7323,Mining
T45QUE,2021,5248,9600,22.126894,85.994741,0.7323,Mining
T45QUE,2021,800,7488,22.527256,85.786518,0.7322,Mining
T45QUE,2021,2624,4224,22.359828,85.471017,0.7322,Mining
T45QUE,2021,6112,4800,22.045333,85.530227,0.7322,Mining
T45QUE,2021,4864,10656,22.16218,86.096902,0.7322,Mining
T45QUE,2021,800,5952,22.52606,85.637191,0.7322,Mining
T45QUE,2021,8864,5376,21.797267,85.588482,0.7322,Mining
T45QUE,2021,3040,8864,22.325881,85.921862,0.7322,Mining
T45QUE,2021,4960,10784,22.153576,86.109369,0.7321,Mining
T45QUE,2021,1280,5088,22.481978,85.55365,0.7321,Mining
T45QUE,2021,1984,6976,22.419936,85.73771,0.732,Mining
T45QUE,2021,4672,10592,22.179489,86.090583,0.732,Mining
T45QUE,2021,160,9088,22.586161,85.941636,0.732,Mining
T45QUE,2021,7616,8416,21.912249,85.881633,0.732,Mining
T45QUE,2021,6144,8960,22.045565,85.933301,0.7319,Mining
T45QUE,2021,224,2400,22.574779,85.291274,0.7319,Mining
T45QUE,2021,6816,8224,21.984385,85.862472,0.7319,Mining
T45QUE,2021,576,4448,22.544985,85.490765,0.7319,Mining
T45QUE,2021,896,8736,22.519454,85.907921,0.7319,Mining
T45QUE,2021,3904,9184,22.248042,85.95351,0.7318,Mining
T45QUE,2021,7264,6528,21.942699,85.698589,0.7318,Mining
T45QUE,2021,5216,7360,22.128302,85.777554,0.7318,Mining
T45QUE,2021,9440,8000,21.747211,85.84269,0.7318,Mining
T45QUE,2021,6208,9152,22.039904,85.951947,0.7318,Mining
T45QUE,2021,4096,5760,22.228223,85.621461,0.7318,Mining
T45QUE,2021,3232,5312,22.30588,85.577213,0.7317,Mining
T45QUE,2021,480,9440,22.557479,85.976088,0.7317,Mining
T45QUE,2021,1408,3136,22.468606,85.364099,0.7317,Mining
T45QUE,2021,5440,5472,22.106598,85.59473,0.7316,Mining
T45QUE,2021,4672,10112,22.179223,86.044029,0.7316,Mining
T45QUE,2021,4224,5312,22.216288,85.578119,0.7315,Mining
T45QUE,2021,1472,3648,22.463323,85.413913,0.7315,Mining
T45QUE,2021,800,9600,22.528673,85.991858,0.7315,Mining
T45QUE,2021,2016,1248,22.411741,85.181382,0.7314,Mining
T45QUE,2021,5472,992,22.099396,85.160603,0.7314,Mining
T45QUE,2021,5600,2976,22.089889,85.352993,0.7314,Mining
T45QUE,2021,2624,3296,22.358952,85.380918,0.7314,Mining
T45QUE,2021,1952,6272,22.422277,85.669294,0.7314,Mining
T45QUE,2021,1600,8000,22.455366,85.8369,0.7314,Mining
T45QUE,2021,256,6240,22.575426,85.664716,0.7313,Mining
T45QUE,2021,7776,1664,21.89206,85.228306,0.7313,Mining
T45QUE,2021,4640,7296,22.180282,85.770898,0.7313,Mining
T45QUE,2021,2432,3104,22.376103,85.362075,0.7313,Mining
T45QUE,2021,4256,3008,22.211292,85.354683,0.7313,Mining
T45QUE,2021,640,5984,22.540537,85.64016,0.7313,Mining
T45QUE,2021,6048,9376,22.054494,85.973546,0.7313,Mining
T45QUE,2021,2368,4576,22.383267,85.504947,0.7313,Mining
T45QUE,2021,9056,5120,21.779712,85.563897,0.7313,Mining
T45QUE,2021,896,10016,22.52025,86.032366,0.7312,Mining
T45QUE,2021,5920,1920,22.059929,85.251025,0.7312,Mining
T45QUE,2021,6560,6496,22.006262,85.69491,0.7312,Mining
T45QUE,2021,10368,3776,21.660039,85.435218,0.7312,Mining
T45QUE,2021,5152,9312,22.135391,85.966756,0.7312,Mining
T45QUE,2021,2112,1536,22.403385,85.209462,0.7312,Mining
T45QUE,2021,5152,10048,22.135827,86.038116,0.7311,Mining
T45QUE,2021,3072,5024,22.320083,85.549111,0.7311,Mining
T45QUE,2021,1888,2976,22.425102,85.349066,0.7311,Mining
T45QUE,2021,2400,5440,22.38113,85.588881,0.7311,Mining
T45QUE,2021,2656,2400,22.355169,85.293966,0.731,Mining
T45QUE,2021,9920,1472,21.698248,85.212133,0.731,Mining
T45QUE,2021,7328,3488,21.934325,85.404355,0.731,Mining
T45QUE,2021,6048,9792,22.054742,86.013857,0.731,Mining
T45QUE,2021,8416,3456,21.836036,85.402353,0.7309,Mining
T45QUE,2021,7712,3520,21.899675,85.407838,0.7308,Mining
T45QUE,2021,1952,1632,22.417936,85.2186,0.7308,Mining
T45QUE,2021,4992,4096,22.145856,85.460929,0.7308,Mining
T45QUE,2021,9632,9440,21.730781,85.982049,0.7308,Mining
T45QUE,2021,3328,8544,22.299658,85.891,0.7308,Mining
T45QUE,2021,3040,4800,22.322777,85.527338,0.7308,Mining
T45QUE,2021,3040,10848,22.327048,86.114486,0.7307,Mining
T45QUE,2021,5600,3936,22.0908,85.44602,0.7307,Mining
T45QUE,2021,5248,9632,22.126913,85.997843,0.7307,Mining
T45QUE,2021,2208,3776,22.396979,85.427099,0.7306,Mining
T45QUE,2021,6912,5888,21.97399,85.636325,0.7306,Mining
T45QUE,2021,7648,5440,21.907149,85.593597,0.7306,Mining
T45QUE,2021,6656,8800,21.999215,85.918149,0.7305,Mining
T45QUE,2021,2880,10592,22.341363,86.089537,0.7305,Mining
T45QUE,2021,8480,9504,21.834884,85.987506,0.7304,Mining
T45QUE,2021,5536,6304,22.098601,85.675452,0.7304,Mining
T45QUE,2021,6272,5664,22.031612,85.614072,0.7303,Mining
T45QUE,2021,6976,1440,21.964067,85.205727,0.7303,Mining
T45QUE,2021,1440,9856,22.471018,86.017157,0.7303,Mining
T45QUE,2021,4640,10112,22.182113,86.044009,0.7303,Mining
T45QUE,2021,5984,4128,22.056296,85.465001,0.7303,Mining
T45QUE,2021,6464,4928,22.013653,85.542953,0.7303,Mining
T45QUE,2021,1504,1248,22.457972,85.180779,0.7303,Mining
T45QUE,2021,2336,1408,22.38302,85.197293,0.7302,Mining
T45QUE,2021,6176,7040,22.041357,85.747297,0.7302,Mining
T45QUE,2021,2592,3232,22.361779,85.374671,0.7302,Mining
T45QUE,2021,608,7552,22.544644,85.792589,0.7302,Mining
T45QUE,2021,7808,2496,21.890017,85.308847,0.7301,Mining
T45QUE,2021,6400,8800,22.022339,85.917973,0.7301,Mining
T45QUE,2021,5824,6368,22.072639,85.681897,0.7301,Mining
T45QUE,2021,6848,7584,21.981053,85.800514,0.7301,Mining
T45QUE,2021,4096,9856,22.231105,86.018838,0.7301,Mining
T45QUE,2021,8000,7552,21.876974,85.798289,0.73,Mining
T45QUE,2021,3008,6112,22.326774,85.654668,0.73,Mining
T45QUE,2021,6208,7200,22.038584,85.762824,0.73,Mining
T45QUE,2021,2176,5920,22.401761,85.635298,0.73,Mining
T45QUE,2021,7200,2272,21.944699,85.286515,0.73,Mining
T45QUE,2021,2880,32,22.332358,85.064376,0.73,Mining
T45QUE,2021,1728,7808,22.443669,85.81834,0.73,Mining
T45QUE,2021,2976,5024,22.328753,85.549022,0.73,Mining
T45QUE,2021,6272,10112,22.034692,86.045002,0.73,Mining
T45QUE,2021,9312,5920,21.757243,85.641476,0.73,Mining
T45QUE,2021,4960,5280,22.149789,85.575685,0.73,Mining
T45QUE,2021,64,10208,22.595513,86.050518,0.73,Mining
T45QUE,2021,4128,1632,22.221446,85.221093,0.73,Mining
T45QUE,2021,480,640,22.549753,85.120467,0.7299,Mining
T45QUE,2021,2624,4608,22.360176,85.508301,0.7299,Mining
T45QUE,2021,576,3840,22.54442,85.431655,0.7298,Mining
T45QUE,2021,8960,7872,21.790482,85.829962,0.7298,Mining
T45QUE,2021,2688,9312,22.357959,85.965122,0.7298,Mining
T45QUE,2021,6144,7168,22.044342,85.759673,0.7297,Mining
T45QUE,2021,4320,448,22.202814,85.106501,0.7297,Mining
T45QUE,2021,5632,4480,22.088402,85.498768,0.7296,Mining
T45QUE,2021,6240,4672,22.033661,85.517947,0.7296,Mining
T45QUE,2021,1888,7680,22.429126,85.806027,0.7295,Mining
T45QUE,2021,6240,8096,22.036327,85.849656,0.7295,Mining
T45QUE,2021,1760,6400,22.43972,85.681565,0.7294,Mining
T45QUE,2021,416,5568,22.56042,85.599511,0.7294,Mining
T45QUE,2021,2048,4000,22.411639,85.448692,0.7294,Mining
T45QUE,2021,6208,5920,22.037601,85.638817,0.7294,Mining
T45QUE,2021,2976,7840,22.33097,85.822399,0.7294,Mining
T45QUE,2021,4704,8448,22.175305,85.882667,0.7294,Mining
T45QUE,2021,1920,3552,22.422774,85.405048,0.7294,Mining
T45QUE,2021,1568,10112,22.459605,86.042117,0.7293,Mining
T45QUE,2021,6816,6496,21.983139,85.695122,0.7293,Mining
T45QUE,2021,5760,10304,22.081049,86.0633,0.7293,Mining
T45QUE,2021,7552,3520,21.914125,85.407678,0.7293,Mining
T45QUE,2021,2272,7104,22.39402,85.750378,0.7293,Mining
T45QUE,2021,4096,8768,22.230434,85.913279,0.7292,Mining
T45QUE,2021,6560,8928,22.007968,85.930482,0.7292,Mining
T45QUE,2021,1664,1248,22.443525,85.180968,0.7291,Mining
T45QUE,2021,5536,9824,22.101011,86.016638,0.7291,Mining
T45QUE,2021,320,3520,22.567231,85.400279,0.7291,Mining
T45QUE,2021,6304,9344,22.03135,85.970613,0.729,Mining
T45QUE,2021,0,8384,22.600146,85.873042,0.729,Mining
T45QUE,2021,2432,6304,22.37895,85.672814,0.729,Mining
T45QUE,2021,5728,4128,22.079416,85.464751,0.729,Mining
T45QUE,2021,7776,10432,21.899007,86.076885,0.729,Mining
T45QUE,2021,10400,5984,21.659022,85.648582,0.729,Mining
T45QUE,2021,5568,0,22.089618,85.064603,0.7289,Mining
T45QUE,2021,1184,5280,22.490814,85.57222,0.7289,Mining
T45QUE,2021,2624,5728,22.361141,85.617049,0.7289,Mining
T45QUE,2021,8320,8672,21.848823,85.906899,0.7289,Mining
T45QUE,2021,7520,8096,21.920707,85.850587,0.7288,Mining
T45QUE,2021,5472,7296,22.105133,85.77155,0.7288,Mining
T45QUE,2021,8608,9408,21.823264,85.9783,0.7288,Mining
T45QUE,2021,1088,10464,22.503162,86.076038,0.7287,Mining
T45QUE,2021,4448,10400,22.199618,86.071828,0.7287,Mining
T45QUE,2021,3936,10240,22.245779,86.055998,0.7287,Mining
T45QUE,2021,2752,5984,22.349791,85.642019,0.7287,Mining
T45QUE,2021,5312,928,22.113774,85.154214,0.7287,Mining
T45QUE,2021,832,5216,22.522549,85.565672,0.7287,Mining
T45QUE,2021,5056,9856,22.144388,86.01944,0.7287,Mining
T45QUE,2021,992,6368,22.509057,85.677797,0.7287,Mining
T45QUE,2021,7744,5632,21.898636,85.612264,0.7287,Mining
T45QUE,2021,3360,5696,22.294643,85.614598,0.7285,Mining
T45QUE,2021,7200,7744,21.94937,85.816272,0.7285,Mining
T45QUE,2021,7168,3360,21.948654,85.391803,0.7284,Mining
T45QUE,2021,6752,10752,21.991681,86.107284,0.7284,Mining
T45QUE,2021,5952,10176,22.063634,86.05101,0.7284,Mining
T45QUE,2021,2944,10304,22.335422,86.061611,0.7284,Mining
T45QUE,2021,192,3040,22.578318,85.35347,0.7284,Mining
T45QUE,2021,2880,832,22.333267,85.142019,0.7284,Mining
T45QUE,2021,1824,10432,22.436663,86.073369,0.7283,Mining
T45QUE,2021,4512,7776,22.192188,85.817352,0.7283,Mining
T45QUE,2021,5664,10048,22.089577,86.03843,0.7283,Mining
T45QUE,2021,1888,10880,22.431126,86.116937,0.7283,Mining
T45QUE,2021,1760,3648,22.437315,85.414208,0.7283,Mining
T45QUE,2021,2624,4320,22.359916,85.480338,0.7283,Mining
T45QUE,2021,1024,5088,22.505098,85.553409,0.7283,Mining
T45QUE,2021,8800,7808,21.80489,85.823654,0.7283,Mining
T45QUE,2021,1504,8096,22.464104,85.846156,0.7282,Mining
T45QUE,2021,6368,5632,22.022915,85.611057,0.7282,Mining
T45QUE,2021,2880,640,22.333053,85.123385,0.7282,Mining
T45QUE,2021,6208,7872,22.039063,85.82793,0.7282,Mining
T45QUE,2021,2304,3008,22.387567,85.352617,0.7282,Mining
T45QUE,2021,448,7552,22.559095,85.792463,0.7282,Mining
T45QUE,2021,3328,4544,22.296539,85.502766,0.7281,Mining
T45QUE,2021,3392,9472,22.294467,85.981121,0.7281,Mining
T45QUE,2021,2240,2240,22.392569,85.277971,0.7281,Mining
T45QUE,2021,160,3936,22.582078,85.440566,0.7281,Mining
T45QUE,2021,4576,9536,22.187557,85.988102,0.7281,Mining
T45QUE,2021,7072,3296,21.957263,85.385509,0.7281,Mining
T45QUE,2021,1536,7552,22.460827,85.793317,0.7281,Mining
T45QUE,2021,7680,3520,21.902565,85.407806,0.728,Mining
T45QUE,2021,5728,9216,22.083302,85.95783,0.728,Mining
T45QUE,2021,7040,7456,21.963619,85.788265,0.728,Mining
T45QUE,2021,5056,8320,22.143425,85.870508,0.7279,Mining
T45QUE,2021,800,2464,22.522832,85.298135,0.7279,Mining
T45QUE,2021,6112,3072,22.043744,85.362828,0.7279,Mining
T45QUE,2021,2624,6304,22.361609,85.672979,0.7278,Mining
T45QUE,2021,32,1376,22.591026,85.191484,0.7278,Mining
T45QUE,2021,7040,3584,21.960425,85.413359,0.7278,Mining
T45QUE,2021,7680,960,21.899982,85.160077,0.7278,Mining
T45QUE,2021,576,8064,22.5479,85.842349,0.7278,Mining
T45QUE,2021,736,2016,22.528145,85.254519,0.7277,Mining
T45QUE,2021,4288,3360,22.208744,85.388855,0.7277,Mining
T45QUE,2021,2624,1120,22.356701,85.16967,0.7277,Mining
T45QUE,2021,2528,10784,22.373263,86.107978,0.7276,Mining
T45QUE,2021,3744,96,22.254421,85.071658,0.7276,Mining
T45QUE,2021,3040,192,22.318097,85.080102,0.7276,Mining
T45QUE,2021,768,992,22.524146,85.155029,0.7275,Mining
T45QUE,2021,2688,4704,22.354481,85.517683,0.7275,Mining
T45QUE,2021,5504,992,22.096507,85.160641,0.7275,Mining
T45QUE,2021,4192,4672,22.218624,85.516011,0.7275,Mining
T45QUE,2021,5024,4192,22.143053,85.470267,0.7275,Mining
T45QUE,2021,3392,160,22.286277,85.077432,0.7275,Mining
T45QUE,2021,1056,1536,22.498738,85.208237,0.7275,Mining
T45QUE,2021,5760,9984,22.080869,86.032286,0.7274,Mining
T45QUE,2021,5408,5984,22.109908,85.644327,0.7274,Mining
T45QUE,2021,128,6560,22.587242,85.695728,0.7274,Mining
T45QUE,2021,5152,9760,22.13566,86.010192,0.7274,Mining
T45QUE,2021,2752,5600,22.349474,85.604736,0.7274,Mining
T45QUE,2021,8448,4704,21.834271,85.523106,0.7274,Mining
T45QUE,2021,5536,9792,22.100992,86.013536,0.7273,Mining
T45QUE,2021,128,6048,22.58683,85.645931,0.7273,Mining
T45QUE,2021,32,1472,22.591131,85.200819,0.7273,Mining
T45QUE,2021,7968,1152,21.874182,85.178986,0.7273,Mining
T45QUE,2021,1600,5088,22.453078,85.55395,0.7272,Mining
T45QUE,2021,7520,1664,21.915178,85.22802,0.7272,Mining
T45QUE,2021,4768,7744,22.169042,85.814442,0.7272,Mining
T45QUE,2021,448,608,22.552606,85.117317,0.7272,Mining
T45QUE,2021,5504,4192,22.099704,85.470735,0.7272,Mining
T45QUE,2021,2368,1312,22.380027,85.188009,0.7272,Mining
T45QUE,2021,512,512,22.546718,85.108064,0.7272,Mining
T45QUE,2021,4640,8480,22.181108,85.885725,0.7271,Mining
T45QUE,2021,7840,1088,21.885672,85.172647,0.7271,Mining
T45QUE,2021,9344,6112,21.754504,85.660067,0.7271,Mining
T45QUE,2021,544,5984,22.549207,85.640075,0.7271,Mining
T45QUE,2021,2240,6208,22.396214,85.663326,0.7271,Mining
T45QUE,2021,992,1408,22.504378,85.195724,0.7271,Mining
T45QUE,2021,5536,8672,22.1003,85.904972,0.7269,Mining
T45QUE,2021,4064,4128,22.229694,85.46312,0.7269,Mining
T45QUE,2021,6624,6240,22.000282,85.670168,0.7268,Mining
T45QUE,2021,4576,512,22.17977,85.113016,0.7268,Mining
T45QUE,2021,5472,3712,22.102152,85.424185,0.7268,Mining
T45QUE,2021,800,4928,22.525187,85.537645,0.7268,Mining
T45QUE,2021,320,7552,22.570656,85.792363,0.7267,Mining
T45QUE,2021,5152,10400,22.136025,86.072246,0.7267,Mining
T45QUE,2021,7936,1248,21.877174,85.188237,0.7267,Mining
T45QUE,2021,4608,3040,22.179536,85.358157,0.7267,Mining
T45QUE,2021,3040,10784,22.327014,86.108272,0.7267,Mining
T45QUE,2021,1824,10592,22.436751,86.088916,0.7267,Mining
T45QUE,2021,5760,8896,22.080211,85.926838,0.7266,Mining
T45QUE,2021,9504,6272,21.740177,85.67567,0.7266,Mining
T45QUE,2021,4416,9408,22.201932,85.975582,0.7266,Mining
T45QUE,2021,5504,8256,22.102916,85.864626,0.7266,Mining
T45QUE,2021,6560,5472,22.005442,85.595729,0.7266,Mining
T45QUE,2021,6464,9344,22.016897,85.970717,0.7265,Mining
T45QUE,2021,544,3008,22.5465,85.350737,0.7265,Mining
T45QUE,2021,7264,7648,21.943522,85.807025,0.7265,Mining
T45QUE,2021,736,800,22.52682,85.13633,0.7265,Mining
T45QUE,2021,3008,10272,22.329623,86.058542,0.7264,Mining
T45QUE,2021,9184,5120,21.768151,85.564012,0.7264,Mining
T45QUE,2021,5056,9120,22.143944,85.948076,0.7264,Mining
T45QUE,2021,2368,2976,22.381756,85.349578,0.7264,Mining
T45QUE,2021,2816,5792,22.343854,85.623434,0.7264,Mining
T45QUE,2021,6496,9504,22.014103,85.986238,0.7264,Mining
T45QUE,2021,6880,6432,21.977309,85.688977,0.7264,Mining
T45QUE,2021,5856,7744,22.070769,85.815264,0.7264,Mining
T45QUE,2021,6880,4512,21.975719,85.503055,0.7264,Mining
T45QUE,2021,2784,4064,22.345231,85.455642,0.7263,Mining
T45QUE,2021,7360,4640,21.93248,85.515899,0.7263,Mining
T45QUE,2021,4608,8512,22.184019,85.888806,0.7263,Mining
T45QUE,2021,768,10176,22.531904,86.047842,0.7262,Mining
T45QUE,2021,1984,8064,22.420727,85.843406,0.7262,Mining
T45QUE,2021,6944,2080,21.967622,85.26765,0.7262,Mining
T45QUE,2021,5664,10432,22.089792,86.07565,0.7262,Mining
T45QUE,2021,7776,6176,21.896181,85.664942,0.7261,Mining
T45QUE,2021,3840,8480,22.253368,85.885154,0.726,Mining
T45QUE,2021,1376,10240,22.477022,86.054439,0.726,Mining
T45QUE,2021,1376,6304,22.474325,85.671907,0.726,Mining
T45QUE,2021,4320,9888,22.21089,86.022083,0.726,Mining
T45QUE,2021,1088,10016,22.502907,86.032486,0.726,Mining
T45QUE,2021,4128,10016,22.228307,86.034382,0.726,Mining
T45QUE,2021,1952,10688,22.425241,86.098319,0.726,Mining
T45QUE,2021,7168,7776,21.952283,85.819347,0.7259,Mining
T45QUE,2021,10016,3904,21.691946,85.447244,0.7258,Mining
T45QUE,2021,6048,4640,22.050973,85.514666,0.7258,Mining
T45QUE,2021,2688,6720,22.356155,85.713427,0.7258,Mining
T45QUE,2021,7232,3648,21.943144,85.419747,0.7258,Mining
T45QUE,2021,5696,4800,22.082904,85.529838,0.7257,Mining
T45QUE,2021,3424,800,22.284112,85.139565,0.7257,Mining
T45QUE,2021,2560,1760,22.363171,85.231726,0.7256,Mining
T45QUE,2021,5408,2560,22.106816,85.312477,0.7256,Mining
T45QUE,2021,1888,672,22.422659,85.125291,0.7256,Mining
T45QUE,2021,3072,3872,22.319043,85.437292,0.7256,Mining
T45QUE,2021,9120,4224,21.773156,85.477316,0.7256,Mining
T45QUE,2021,6144,6784,22.044056,85.722469,0.7255,Mining
T45QUE,2021,9152,3904,21.769978,85.446406,0.7255,Mining
T45QUE,2021,2208,9632,22.401512,85.995886,0.7255,Mining
T45QUE,2021,6208,4608,22.036495,85.511717,0.7255,Mining
T45QUE,2021,1120,896,22.492255,85.146123,0.7255,Mining
T45QUE,2021,2496,1984,22.369186,85.253401,0.7253,Mining
T45QUE,2021,352,9728,22.569216,86.004013,0.7253,Mining
T45QUE,2021,6176,8128,22.042129,85.85271,0.7253,Mining
T45QUE,2021,5024,10016,22.147371,86.034935,0.7252,Mining
T45QUE,2021,6464,9504,22.016994,85.986217,0.7252,Mining
T45QUE,2021,0,8256,22.600058,85.860591,0.7252,Mining
T45QUE,2021,5408,9056,22.112108,85.942107,0.7251,Mining
T45QUE,2021,2528,1760,22.36606,85.23169,0.7251,Mining
T45QUE,2021,352,1696,22.562479,85.222972,0.7251,Mining
T45QUE,2021,672,736,22.532526,85.130032,0.7251,Mining
T45QUE,2021,2048,128,22.407591,85.072659,0.725,Mining
T45QUE,2021,5920,7648,22.06492,85.806009,0.725,Mining
T45QUE,2021,5952,6368,22.061078,85.682004,0.725,Mining
T45QUE,2021,5920,10112,22.066489,86.044789,0.725,Mining
T45QUE,2021,416,6752,22.561382,85.714643,0.725,Mining
T45QUE,2021,768,9824,22.531698,86.013616,0.725,Mining
T45QUE,2021,9344,1856,21.750661,85.248609,0.7249,Mining
T45QUE,2021,1856,2464,22.427475,85.2993,0.7249,Mining
T45QUE,2021,768,7808,22.530377,85.817604,0.7249,Mining
T45QUE,2021,9856,3648,21.706163,85.422348,0.7249,Mining
T45QUE,2021,5888,3840,22.064701,85.437003,0.7249,Mining
T45QUE,2021,6112,3104,22.043775,85.365928,0.7249,Mining
T45QUE,2021,2368,7520,22.385657,85.790858,0.7249,Mining
T45QUE,2021,2752,4448,22.348472,85.49289,0.7248,Mining
T45QUE,2021,2400,3552,22.379427,85.405542,0.7248,Mining
T45QUE,2021,832,928,22.518295,85.148886,0.7248,Mining
T45QUE,2021,416,8832,22.562872,85.916916,0.7248,Mining
T45QUE,2021,160,10720,22.587128,86.100381,0.7247,Mining
T45QUE,2021,3200,4896,22.308411,85.536807,0.7247,Mining
T45QUE,2021,1344,10592,22.480109,86.088633,0.7247,Mining
T45QUE,2021,1440,2912,22.465494,85.342369,0.7247,Mining
T45QUE,2021,1728,8256,22.443982,85.86187,0.7247,Mining
T45QUE,2021,2592,4512,22.36298,85.498949,0.7247,Mining
T45QUE,2021,7616,6848,21.911147,85.729853,0.7246,Mining
T45QUE,2021,8000,6784,21.876415,85.723966,0.7246,Mining
T45QUE,2021,1248,2816,22.482735,85.332834,0.7246,Mining
T45QUE,2021,6336,3872,22.024271,85.440547,0.7246,Mining
T45QUE,2021,5088,1472,22.134589,85.206676,0.7246,Mining
T45QUE,2021,1792,3424,22.43421,85.392482,0.7246,Mining
T45QUE,2021,1280,10144,22.485638,86.045049,0.7246,Mining
T45QUE,2021,3872,10016,22.251432,86.034223,0.7245,Mining
T45QUE,2021,4640,4480,22.177993,85.497818,0.7245,Mining
T45QUE,2021,4416,9632,22.202067,85.99731,0.7245,Mining
T45QUE,2021,10464,2720,21.650376,85.333295,0.7245,Mining
T45QUE,2021,320,1600,22.565265,85.213602,0.7244,Mining
T45QUE,2021,5632,3872,22.087851,85.43985,0.7244,Mining
T45QUE,2021,4384,7648,22.203659,85.804839,0.7244,Mining
T45QUE,2021,3264,10592,22.306676,86.089762,0.7243,Mining
T45QUE,2021,416,7456,22.561915,85.783103,0.7243,Mining
T45QUE,2021,4992,9728,22.150094,86.006988,0.7243,Mining
T45QUE,2021,4224,5568,22.216503,85.60295,0.7243,Mining
T45QUE,2021,7296,7968,21.940854,85.838032,0.7243,Mining
T45QUE,2021,992,10240,22.511708,86.054203,0.7243,Mining
T45QUE,2021,7808,6528,21.893563,85.699036,0.7243,Mining
T45QUE,2021,4544,6592,22.188423,85.702545,0.7243,Mining
T45QUE,2021,224,7744,22.579466,85.810961,0.7243,Mining
T45QUE,2021,1152,1152,22.48965,85.171036,0.7243,Mining
T45QUE,2021,32,2368,22.592083,85.287949,0.7243,Mining
T45QUE,2021,1088,3776,22.498122,85.425957,0.7242,Mining
T45QUE,2021,7552,7488,21.917395,85.791754,0.7242,Mining
T45QUE,2021,6688,2464,21.991129,85.304552,0.7242,Mining
T45QUE,2021,7328,8864,21.938554,85.924805,0.7242,Mining
T45QUE,2021,9824,2400,21.707861,85.301705,0.7242,Mining
T45QUE,2021,4192,4640,22.218595,85.512907,0.7242,Mining
T45QUE,2021,7200,1792,21.944208,85.240052,0.7242,Mining
T45QUE,2021,64,10240,22.595531,86.053631,0.7242,Mining
T45QUE,2021,5184,7328,22.131169,85.774427,0.7242,Mining
T45QUE,2021,2560,6912,22.367863,85.731965,0.7242,Mining
T45QUE,2021,544,3872,22.54734,85.434734,0.7241,Mining
T45QUE,2021,4096,8000,22.229919,85.838769,0.7241,Mining
T45QUE,2021,256,1664,22.571112,85.21975,0.7241,Mining
T45QUE,2021,1792,10240,22.439445,86.054694,0.7241,Mining
T45QUE,2021,3488,4320,22.281888,85.481183,0.724,Mining
T45QUE,2021,2432,9440,22.381162,85.977383,0.724,Mining
T45QUE,2021,2944,4192,22.3309,85.468226,0.724,Mining
T45QUE,2021,8064,1152,21.865513,85.179096,0.724,Mining
T45QUE,2021,4736,7584,22.171819,85.798902,0.724,Mining
T45QUE,2021,3072,352,22.31539,85.095668,0.724,Mining
T45QUE,2021,6720,8192,21.993035,85.859304,0.7239,Mining
T45QUE,2021,5760,6208,22.078294,85.666338,0.7239,Mining
T45QUE,2021,5568,9632,22.098007,85.998047,0.7239,Mining
T45QUE,2021,2560,864,22.362197,85.144743,0.7239,Mining
T45QUE,2021,1056,7328,22.504016,85.771167,0.7239,Mining
T45QUE,2021,5984,6816,22.058531,85.725439,0.7238,Mining
T45QUE,2021,1760,2976,22.43666,85.34893,0.7238,Mining
T45QUE,2021,3520,9760,22.283078,86.009158,0.7238,Mining
T45QUE,2021,5600,4832,22.091602,85.53285,0.7238,Mining
T45QUE,2021,4512,10528,22.193907,86.084282,0.7237,Mining
T45QUE,2021,3968,6656,22.240497,85.708276,0.7237,Mining
T45QUE,2021,4096,10560,22.231503,86.087143,0.7237,Mining
T45QUE,2021,4640,6848,22.179948,85.727451,0.7236,Mining
T45QUE,2021,4416,9664,22.202086,86.000414,0.7236,Mining
T45QUE,2021,10176,6496,21.67965,85.697872,0.7236,Mining
T45QUE,2021,5984,6432,22.058237,85.688232,0.7236,Mining
T45QUE,2021,3040,8832,22.32586,85.918755,0.7236,Mining
T45QUE,2021,6016,4448,22.053693,85.496034,0.7235,Mining
T45QUE,2021,2592,4832,22.363265,85.53002,0.7235,Mining
T45QUE,2021,6688,8160,21.995903,85.856181,0.7235,Mining
T45QUE,2021,7520,992,21.914464,85.162988,0.7234,Mining
T45QUE,2021,2848,3808,22.339212,85.430854,0.7234,Mining
T45QUE,2021,8992,7744,21.787503,85.817606,0.7234,Mining
T45QUE,2021,1280,10656,22.485925,86.094816,0.7234,Mining
T45QUE,2021,8608,8768,21.822869,85.916384,0.7234,Mining
T45QUE,2021,7200,5664,21.947796,85.614886,0.7234,Mining
T45QUE,2021,1024,3040,22.503187,85.354361,0.7234,Mining
T45QUE,2021,448,2656,22.554815,85.316412,0.7234,Mining
T45QUE,2021,448,6752,22.558492,85.71467,0.7233,Mining
T45QUE,2021,10304,5760,21.667516,85.626857,0.7233,Mining
T45QUE,2021,5600,2912,22.089826,85.346791,0.7233,Mining
T45QUE,2021,4480,8480,22.19556,85.885611,0.7233,Mining
T45QUE,2021,5920,10400,22.066649,86.072699,0.7232,Mining
T45QUE,2021,1792,3456,22.434241,85.39559,0.7232,Mining
T45QUE,2021,9888,6880,21.705952,85.734755,0.7232,Mining
T45QUE,2021,1856,320,22.425148,85.091066,0.7232,Mining
T45QUE,2021,3712,9024,22.265284,85.937854,0.7232,Mining
T45QUE,2021,4096,9952,22.231161,86.028152,0.7231,Mining
T45QUE,2021,3040,10496,22.326857,86.08031,0.7231,Mining
T45QUE,2021,1152,1120,22.489615,85.167927,0.7231,Mining
T45QUE,2021,7168,7328,21.951966,85.775969,0.7231,Mining
T45QUE,2021,2720,2304,22.349291,85.284717,0.7231,Mining
T45QUE,2021,7488,3424,21.919815,85.398322,0.7231,Mining
T45QUE,2021,5472,7392,22.105203,85.780855,0.723,Mining
T45QUE,2021,832,2688,22.520172,85.319943,0.723,Mining
T45QUE,2021,3264,4672,22.302434,85.515127,0.723,Mining
T45QUE,2021,2656,9504,22.360968,85.983746,0.7229,Mining
T45QUE,2021,5952,320,22.055309,85.096071,0.7229,Mining
T45QUE,2021,10752,4480,21.625984,85.503593,0.7228,Mining
T45QUE,2021,10752,4544,21.626039,85.509776,0.7228,Mining
T45QUE,2021,1184,5824,22.491274,85.62509,0.7228,Mining
T45QUE,2021,1152,736,22.489186,85.130615,0.7228,Mining
T45QUE,2021,5056,7008,22.142495,85.743301,0.7228,Mining
T45QUE,2021,4384,5152,22.201701,85.562746,0.7228,Mining
T45QUE,2021,2720,3232,22.35022,85.374805,0.7228,Mining
T45QUE,2021,1248,7328,22.486675,85.77132,0.7227,Mining
T45QUE,2021,992,2016,22.505029,85.254809,0.7227,Mining
T45QUE,2021,8192,2432,21.855276,85.303064,0.7227,Mining
T45QUE,2021,7488,8128,21.923619,85.853662,0.7227,Mining
T45QUE,2021,2976,7040,22.330387,85.744732,0.7226,Mining
T45QUE,2021,5280,8160,22.123084,85.855158,0.7226,Mining
T45QUE,2021,4384,5888,22.202316,85.63413,0.7226,Mining
T45QUE,2021,224,3456,22.575838,85.393956,0.7226,Mining
T45QUE,2021,4960,1504,22.146181,85.209632,0.7226,Mining
T45QUE,2021,1696,10048,22.448006,86.035977,0.7225,Mining
T45QUE,2021,2368,6752,22.385082,85.716269,0.7225,Mining
T45QUE,2021,8160,608,21.856254,85.126584,0.7224,Mining
T45QUE,2021,8064,3520,21.867886,85.408191,0.7224,Mining
T45QUE,2021,6336,9088,22.028302,85.945832,0.7224,Mining
T45QUE,2021,1120,3072,22.49455,85.357574,0.7224,Mining
T45QUE,2021,5280,8640,22.123403,85.901691,0.7223,Mining
T45QUE,2021,2016,4384,22.414882,85.485958,0.7223,Mining
T45QUE,2021,1568,5280,22.456134,85.572575,0.7223,Mining
T45QUE,2021,1536,10848,22.462905,86.113626,0.7223,Mining
T45QUE,2021,4928,3392,22.150977,85.392616,0.7222,Mining
T45QUE,2021,7168,7520,21.952103,85.794559,0.7222,Mining
T45QUE,2021,352,3488,22.56431,85.397201,0.7222,Mining
T45QUE,2021,2304,1792,22.386321,85.234541,0.7222,Mining
T45QUE,2021,672,5408,22.537164,85.584189,0.7222,Mining
T45QUE,2021,10240,6176,21.673624,85.667001,0.7222,Mining
T45QUE,2021,5760,4320,22.076699,85.483387,0.7222,Mining
T45QUE,2021,288,6400,22.572665,85.680304,0.7222,Mining
T45QUE,2021,1760,5056,22.438601,85.550991,0.7222,Mining
T45QUE,2021,416,2624,22.557672,85.313266,0.7221,Mining
T45QUE,2021,1536,10720,22.462836,86.101186,0.7221,Mining
T45QUE,2021,1536,4960,22.458746,85.541453,0.7221,Mining
T45QUE,2021,2208,3456,22.396674,85.396022,0.7221,Mining
T45QUE,2021,160,9408,22.586363,85.972762,0.722,Mining
T45QUE,2021,6112,7968,22.047801,85.83716,0.722,Mining
T45QUE,2021,2592,3136,22.361686,85.365351,0.722,Mining
T45QUE,2021,640,1440,22.536197,85.198421,0.722,Mining
T45QUE,2021,5440,3808,22.105131,85.433457,0.7219,Mining
T45QUE,2021,5472,2784,22.101259,85.334253,0.7219,Mining
T45QUE,2021,1184,512,22.486043,85.10889,0.7219,Mining
T45QUE,2021,2752,1472,22.345526,85.203989,0.7219,Mining
T45QUE,2021,5888,3072,22.063973,85.362595,0.7219,Mining
T45QUE,2021,6944,10432,21.974165,86.0764,0.7219,Mining
T45QUE,2021,768,2880,22.526145,85.338535,0.7219,Mining
T45QUE,2021,5248,5280,22.123778,85.575947,0.7219,Mining
T45QUE,2021,2336,3040,22.384709,85.355759,0.7218,Mining
T45QUE,2021,672,3808,22.53572,85.428642,0.7218,Mining
T45QUE,2021,384,3424,22.561358,85.391012,0.7218,Mining
T45QUE,2021,2592,3616,22.362149,85.411954,0.7218,Mining
T45QUE,2021,2656,3936,22.356672,85.443087,0.7218,Mining
T45QUE,2021,3552,2176,22.274029,85.273216,0.7218,Mining
T45QUE,2021,1568,5344,22.456189,85.578794,0.7217,Mining
T45QUE,2021,4960,10656,22.153508,86.096957,0.7217,Mining
T45QUE,2021,7936,5344,21.881057,85.584562,0.7217,Mining
T45QUE,2021,4000,4960,22.236216,85.543767,0.7217,Mining
T45QUE,2021,2624,4416,22.360003,85.489659,0.7217,Mining
T45QUE,2021,6272,5632,22.031586,85.610972,0.7217,Mining
T45QUE,2021,2976,4640,22.328415,85.511746,0.7216,Mining
T45QUE,2021,2368,160,22.378735,85.076164,0.7216,Mining
T45QUE,2021,6208,6144,22.037779,85.660517,0.7216,Mining
T45QUE,2021,4416,2400,22.196237,85.295893,0.7216,Mining
T45QUE,2021,6304,7552,22.030167,85.797,0.7216,Mining
T45QUE,2021,2016,1600,22.412122,85.215566,0.7216,Mining
T45QUE,2021,2400,1952,22.377821,85.250186,0.7216,Mining
T45QUE,2021,2720,832,22.347714,85.141828,0.7216,Mining
T45QUE,2021,7520,3680,21.917164,85.423131,0.7216,Mining
T45QUE,2021,2144,2976,22.401984,85.349339,0.7215,Mining
T45QUE,2021,6048,2336,22.048795,85.291464,0.7215,Mining
T45QUE,2021,6144,6112,22.043535,85.657363,0.7214,Mining
T45QUE,2021,1856,4128,22.429097,85.460933,0.7214,Mining
T45QUE,2021,5472,3104,22.101573,85.365263,0.7213,Mining
T45QUE,2021,352,3872,22.564678,85.434538,0.7213,Mining
T45QUE,2021,7936,6240,21.881779,85.67127,0.7213,Mining
T45QUE,2021,2304,5152,22.389554,85.560824,0.7213,Mining
T45QUE,2021,10464,7584,21.654427,85.803232,0.7212,Mining
T45QUE,2021,5280,7744,22.122796,85.814829,0.7212,Mining
T45QUE,2021,7840,6944,21.890986,85.739323,0.7212,Mining
T45QUE,2021,32,7808,22.596853,85.817037,0.7212,Mining
T45QUE,2021,1632,10272,22.453916,86.057705,0.7211,Mining
T45QUE,2021,8544,3904,21.82489,85.445814,0.7211,Mining
T45QUE,2021,1728,2368,22.438935,85.289834,0.7211,Mining
T45QUE,2021,2208,8224,22.400605,85.859115,0.721,Mining
T45QUE,2021,2560,704,22.362018,85.129211,0.721,Mining
T45QUE,2021,3328,8032,22.29931,85.841302,0.721,Mining
T45QUE,2021,1344,3168,22.474417,85.36714,0.721,Mining
T45QUE,2021,9504,8896,21.742012,85.929368,0.721,Mining
T45QUE,2021,896,1024,22.512624,85.158293,0.7209,Mining
T45QUE,2021,2464,9440,22.378272,85.977404,0.7209,Mining
T45QUE,2021,2080,6880,22.411192,85.728464,0.7209,Mining
T45QUE,2021,6304,3456,22.026773,85.400221,0.7209,Mining
T45QUE,2021,7168,2560,21.947877,85.314359,0.7209,Mining
T45QUE,2021,5152,6144,22.133157,85.659617,0.7208,Mining
T45QUE,2021,4544,4640,22.186805,85.513242,0.7208,Mining
T45QUE,2021,864,10080,22.523177,86.038568,0.7208,Mining
T45QUE,2021,3296,8608,22.30259,85.897189,0.7207,Mining
T45QUE,2021,4704,7264,22.174478,85.767845,0.7207,Mining
T45QUE,2021,8768,2272,21.803099,85.288205,0.7206,Mining
T45QUE,2021,4992,10688,22.150634,86.100078,0.7206,Mining
T45QUE,2021,4480,7616,22.194965,85.801809,0.7206,Mining
T45QUE,2021,6464,4896,22.013625,85.539853,0.7206,Mining
T45QUE,2021,6176,6048,22.040593,85.65119,0.7206,Mining
T45QUE,2021,3104,4224,22.316479,85.47149,0.7205,Mining
T45QUE,2021,7584,8672,21.915306,85.906392,0.7205,Mining
T45QUE,2021,2848,3424,22.338847,85.393577,0.7205,Mining
T45QUE,2021,6688,5920,21.994247,85.639231,0.7205,Mining
T45QUE,2021,5440,9056,22.109217,85.942129,0.7204,Mining
T45QUE,2021,2528,7008,22.370826,85.741262,0.7204,Mining
T45QUE,2021,5152,2944,22.130315,85.349421,0.7204,Mining
T45QUE,2021,3840,3648,22.249476,85.416332,0.7203,Mining
T45QUE,2021,1696,2816,22.44228,85.333318,0.7203,Mining
T45QUE,2021,5856,9824,22.072104,86.016838,0.7203,Mining
T45QUE,2021,6816,2464,21.97957,85.304689,0.7203,Mining
T45QUE,2021,2624,7968,22.362853,85.834562,0.7203,Mining
T45QUE,2021,5632,5920,22.089624,85.638318,0.7202,Mining
T45QUE,2021,5408,9920,22.112629,86.025864,0.7202,Mining
T45QUE,2021,4672,1856,22.172559,85.243429,0.7202,Mining
T45QUE,2021,6240,9408,22.03717,85.976772,0.7202,Mining
T45QUE,2021,7712,8224,21.90345,85.863116,0.7201,Mining
T45QUE,2021,4416,8512,22.201362,85.888669,0.7201,Mining
T45QUE,2021,160,2368,22.580525,85.288092,0.72,Mining
T45QUE,2021,6272,9440,22.034299,85.979893,0.72,Mining
T45QUE,2021,416,2656,22.557704,85.316377,0.72,Mining
T45QUE,2021,5504,10048,22.10403,86.038332,0.72,Mining
T45QUE,2021,4640,10688,22.182431,86.099876,0.7199,Mining
T45QUE,2021,3904,64,22.239938,85.068752,0.7199,Mining
T45QUE,2021,6944,5856,21.971074,85.633254,0.7199,Mining
T45QUE,2021,448,5792,22.557718,85.621321,0.7199,Mining
T45QUE,2021,5248,6080,22.124436,85.653495,0.7199,Mining
T45QUE,2021,9408,8032,21.750123,85.845761,0.7199,Mining
T45QUE,2021,3936,9984,22.245632,86.031158,0.7199,Mining
T45QUE,2021,992,1984,22.504995,85.2517,0.7199,Mining
T45QUE,2021,1408,7008,22.471983,85.740349,0.7199,Mining
T45QUE,2021,6880,5600,21.976646,85.608408,0.7199,Mining
T45QUE,2021,2176,9632,22.404403,85.995865,0.7199,Mining
T45QUE,2021,5696,9184,22.086173,85.954707,0.7199,Mining
T45QUE,2021,8608,5312,21.820336,85.582065,0.7198,Mining
T45QUE,2021,1152,3520,22.492098,85.401144,0.7198,Mining
T45QUE,2021,2560,4800,22.366126,85.526882,0.7198,Mining
T45QUE,2021,4160,9952,22.22538,86.028192,0.7198,Mining
T45QUE,2021,5632,4960,22.088823,85.545284,0.7197,Mining
T45QUE,2021,800,928,22.521185,85.148848,0.7197,Mining
T45QUE,2021,3744,4352,22.258797,85.484537,0.7197,Mining
T45QUE,2021,6880,5248,21.976353,85.574323,0.7197,Mining
T45QUE,2021,1056,10048,22.505816,86.035577,0.7197,Mining
T45QUE,2021,224,2144,22.574512,85.266383,0.7196,Mining
T45QUE,2021,6976,8192,21.969911,85.859489,0.7196,Mining
T45QUE,2021,7680,6336,21.904977,85.680347,0.7195,Mining
T45QUE,2021,2528,10272,22.372981,86.058251,0.7195,Mining
T45QUE,2021,4800,3456,22.162598,85.39869,0.7195,Mining
T45QUE,2021,960,6592,22.512125,85.699544,0.7195,Mining
T45QUE,2021,3712,2976,22.260387,85.351005,0.7194,Mining
T45QUE,2021,2240,5856,22.395928,85.629138,0.7194,Mining
T45QUE,2021,3456,320,22.280682,85.093034,0.7194,Mining
T45QUE,2021,4704,9088,22.175719,85.944736,0.7194,Mining
T45QUE,2021,6912,1408,21.969812,85.202556,0.7194,Mining
T45QUE,2021,1504,3008,22.45981,85.351765,0.7194,Mining
T45QUE,2021,3808,9664,22.257007,86.000025,0.7194,Mining
T45QUE,2021,416,8800,22.562851,85.913804,0.7194,Mining
T45QUE,2021,4096,7456,22.229534,85.785992,0.7193,Mining
T45QUE,2021,3488,2656,22.280297,85.319718,0.7193,Mining
T45QUE,2021,3040,4864,22.322833,85.53355,0.7193,Mining
T45QUE,2021,1888,3808,22.425908,85.429881,0.7192,Mining
T45QUE,2021,704,9376,22.537206,85.970014,0.7192,Mining
T45QUE,2021,7232,2080,21.941615,85.267965,0.7192,Mining
T45QUE,2021,5184,7360,22.131193,85.777529,0.7192,Mining
T45QUE,2021,3296,8896,22.302778,85.925145,0.7191,Mining
T45QUE,2021,960,1024,22.506845,85.158369,0.7191,Mining
T45QUE,2021,1728,10624,22.44544,86.091969,0.7191,Mining
T45QUE,2021,2784,864,22.341971,85.145011,0.7189,Mining
T45QUE,2021,5888,9952,22.069288,86.029263,0.7189,Mining
T45QUE,2021,6400,8832,22.022359,85.921074,0.7189,Mining
T45QUE,2021,1184,2016,22.487692,85.255027,0.7188,Mining
T45QUE,2021,4928,2528,22.15013,85.308858,0.7188,Mining
T45QUE,2021,5760,7264,22.079096,85.768674,0.7188,Mining
T45QUE,2021,4032,7488,22.235338,85.789047,0.7188,Mining
T45QUE,2021,1216,5856,22.48841,85.628229,0.7187,Mining
T45QUE,2021,2368,1920,22.380677,85.247042,0.7187,Mining
T45QUE,2021,352,2304,22.563121,85.282083,0.7187,Mining
T45QUE,2021,1920,288,22.419333,85.088037,0.7186,Mining
T45QUE,2021,2848,800,22.336121,85.138875,0.7186,Mining
T45QUE,2021,6720,6016,21.991434,85.648555,0.7185,Mining
T45QUE,2021,7168,3264,21.948563,85.382509,0.7185,Mining
T45QUE,2021,6528,9280,22.011077,85.964559,0.7185,Mining
T45QUE,2021,4160,4512,22.221371,85.500461,0.7185,Mining
T45QUE,2021,2528,4736,22.36896,85.520637,0.7185,Mining
T45QUE,2021,7264,6880,21.942966,85.732669,0.7185,Mining
T45QUE,2021,4064,9920,22.234033,86.025028,0.7184,Mining
T45QUE,2021,4448,10688,22.199775,86.099765,0.7184,Mining
T45QUE,2021,7424,10816,21.931009,86.113859,0.7184,Mining
T45QUE,2021,7040,5728,21.962299,85.620943,0.7184,Mining
T45QUE,2021,5216,9280,22.12959,85.963695,0.7184,Mining
T45QUE,2021,5536,9728,22.100954,86.007332,0.7183,Mining
T45QUE,2021,2144,10368,22.407722,86.067344,0.7183,Mining
T45QUE,2021,1248,5760,22.485441,85.618927,0.7183,Mining
T45QUE,2021,704,9408,22.537226,85.973126,0.7182,Mining
T45QUE,2021,5024,6368,22.144895,85.681225,0.7182,Mining
T45QUE,2021,2976,800,22.324564,85.139029,0.7182,Mining
T45QUE,2021,2496,2112,22.36932,85.265828,0.7181,Mining
T45QUE,2021,2336,5824,22.387232,85.626115,0.7181,Mining
T45QUE,2021,6176,8960,22.042674,85.933322,0.7181,Mining
T45QUE,2021,5184,6240,22.130343,85.668951,0.7181,Mining
T45QUE,2021,2496,7392,22.374002,85.778527,0.718,Mining
T45QUE,2021,4224,5472,22.216423,85.593638,0.718,Mining
T45QUE,2021,4480,0,22.187856,85.063259,0.718,Mining
T45QUE,2021,4384,8736,22.204399,85.910375,0.718,Mining
T45QUE,2021,5248,10624,22.127475,86.09402,0.7179,Mining
T45QUE,2021,2240,3008,22.393347,85.352549,0.7179,Mining
T45QUE,2021,2720,4640,22.351535,85.5115,0.7179,Mining
T45QUE,2021,5376,9632,22.11535,85.997925,0.7179,Mining
T45QUE,2021,7104,2464,21.953561,85.304998,0.7179,Mining
T45QUE,2021,6752,3488,21.986344,85.403774,0.7179,Mining
T45QUE,2021,192,7744,22.582356,85.810936,0.7178,Mining
T45QUE,2021,5120,8448,22.137729,85.882964,0.7178,Mining
T45QUE,2021,3744,9568,22.26273,85.990668,0.7178,Mining
T45QUE,2021,224,2688,22.575074,85.319278,0.7178,Mining
T45QUE,2021,6720,2528,21.988303,85.310783,0.7178,Mining
T45QUE,2021,1408,3264,22.468731,85.376536,0.7178,Mining
T45QUE,2021,6272,1888,22.028109,85.248316,0.7177,Mining
T45QUE,2021,576,6752,22.546931,85.714777,0.7177,Mining
T45QUE,2021,9056,6784,21.781032,85.724812,0.7177,Mining
T45QUE,2021,4608,4384,22.180797,85.488478,0.7177,Mining
T45QUE,2021,7936,7424,21.882664,85.785852,0.7177,Mining
T45QUE,2021,4736,10176,22.173478,86.050275,0.7177,Mining
T45QUE,2021,5984,9312,22.060236,85.967303,0.7177,Mining
T45QUE,2021,7296,8032,21.940897,85.844228,0.7176,Mining
T45QUE,2021,7680,8512,21.906531,85.890971,0.7176,Mining
T45QUE,2021,3360,4640,22.293735,85.512113,0.7176,Mining
T45QUE,2021,6560,6432,22.006212,85.688711,0.7175,Mining
T45QUE,2021,2176,7360,22.402881,85.775166,0.7175,Mining
T45QUE,2021,7776,2592,21.893002,85.318102,0.7175,Mining
T45QUE,2021,4448,10208,22.199511,86.053204,0.7175,Mining
T45QUE,2021,5984,6784,22.058507,85.722339,0.7175,Mining
T45QUE,2021,1376,2112,22.470455,85.264571,0.7175,Mining
T45QUE,2021,576,2080,22.54266,85.260559,0.7175,Mining
T45QUE,2021,4704,8416,22.175284,85.879564,0.7174,Mining
T45QUE,2021,8416,4608,21.837077,85.51379,0.7174,Mining
T45QUE,2021,3200,8576,22.31124,85.894015,0.7174,Mining
T45QUE,2021,3104,6432,22.318358,85.685814,0.7174,Mining
T45QUE,2021,4896,7296,22.157159,85.771099,0.7174,Mining
T45QUE,2021,3904,5984,22.245746,85.643024,0.7173,Mining
T45QUE,2021,2528,224,22.364362,85.082575,0.7173,Mining
T45QUE,2021,8064,6688,21.870562,85.714728,0.7171,Mining
T45QUE,2021,5344,6496,22.116092,85.693902,0.7171,Mining
T45QUE,2021,4544,9984,22.190712,86.031535,0.7171,Mining
T45QUE,2021,1248,4608,22.484443,85.506973,0.7171,Mining
T45QUE,2021,4096,7200,22.229347,85.761156,0.717,Mining
T45QUE,2021,6848,7136,21.98073,85.757127,0.717,Mining
T45QUE,2021,4352,6944,22.206033,85.736528,0.717,Mining
T45QUE,2021,7264,6912,21.942989,85.735767,0.717,Mining
T45QUE,2021,3520,2144,22.276885,85.270075,0.7169,Mining
T45QUE,2021,4704,10016,22.176277,86.034737,0.7169,Mining
T45QUE,2021,2848,3456,22.338878,85.396684,0.7169,Mining
T45QUE,2021,3360,10464,22.297934,86.077393,0.7169,Mining
T45QUE,2021,5184,9664,22.132713,86.000905,0.7169,Mining
T45QUE,2021,5952,10112,22.063598,86.044808,0.7168,Mining
T45QUE,2021,6112,3680,22.044323,85.421726,0.7168,Mining
T45QUE,2021,5472,4288,22.10268,85.480007,0.7168,Mining
T45QUE,2021,160,6688,22.584453,85.708204,0.7168,Mining
T45QUE,2021,5760,10912,22.081376,86.122229,0.7168,Mining
T45QUE,2021,2304,8800,22.392319,85.915133,0.7168,Mining
T45QUE,2021,4480,9664,22.196305,86.000455,0.7168,Mining
T45QUE,2021,8000,3552,21.873695,85.411223,0.7167,Mining
T45QUE,2021,3968,7616,22.24121,85.801416,0.7167,Mining
T45QUE,2021,5024,9088,22.146814,85.944951,0.7167,Mining
T45QUE,2021,4384,10144,22.205256,86.046957,0.7167,Mining
T45QUE,2021,2016,3456,22.414012,85.395823,0.7167,Mining
T45QUE,2021,2432,2432,22.375429,85.296826,0.7167,Mining
T45QUE,2021,4096,5312,22.227848,85.578002,0.7167,Mining
T45QUE,2021,6080,4032,22.047538,85.455794,0.7166,Mining
T45QUE,2021,2528,6976,22.370802,85.738154,0.7166,Mining
T45QUE,2021,576,10656,22.549517,86.094401,0.7166,Mining
T45QUE,2021,576,9376,22.548768,85.969928,0.7166,Mining
T45QUE,2021,1760,384,22.433889,85.097163,0.7166,Mining
T45QUE,2021,9440,1856,21.741991,85.248714,0.7165,Mining
T45QUE,2021,5664,8448,22.088591,85.883351,0.7165,Mining
T45QUE,2021,224,4832,22.57712,85.527761,0.7165,Mining
T45QUE,2021,768,384,22.523457,85.095939,0.7164,Mining
T45QUE,2021,992,10304,22.511744,86.060425,0.7163,Mining
T45QUE,2021,1344,8032,22.478511,85.839817,0.7163,Mining
T45QUE,2021,2432,7520,22.379876,85.790908,0.7163,Mining
T45QUE,2021,5728,10304,22.08394,86.063281,0.7162,Mining
T45QUE,2021,9184,5056,21.768097,85.557823,0.7162,Mining
T45QUE,2021,5376,10304,22.115737,86.063071,0.7162,Mining
T45QUE,2021,5920,8480,22.065489,85.886634,0.7162,Mining
T45QUE,2021,256,10688,22.578439,86.097325,0.7162,Mining
T45QUE,2021,2240,3936,22.39424,85.442669,0.7161,Mining
T45QUE,2021,6176,3648,22.038513,85.41869,0.7161,Mining
T45QUE,2021,1120,224,22.491491,85.080828,0.7161,Mining
T45QUE,2021,5920,7456,22.064783,85.787404,0.716,Mining
T45QUE,2021,4256,3840,22.212088,85.435376,0.716,Mining
T45QUE,2021,4576,9856,22.187747,86.019139,0.716,Mining
T45QUE,2021,4800,6976,22.165593,85.739993,0.7159,Mining
T45QUE,2021,2048,1440,22.40906,85.200065,0.7159,Mining
T45QUE,2021,3680,4000,22.264255,85.450322,0.7159,Mining
T45QUE,2021,7680,7936,21.906146,85.835216,0.7159,Mining
T45QUE,2021,4000,3392,22.234783,85.391662,0.7158,Mining
T45QUE,2021,4192,1280,22.21529,85.187029,0.7157,Mining
T45QUE,2021,8000,3264,21.873424,85.383358,0.7157,Mining
T45QUE,2021,896,3072,22.514777,85.357335,0.7156,Mining
T45QUE,2021,4576,10624,22.188178,86.093631,0.7156,Mining
T45QUE,2021,2592,7616,22.365494,85.800355,0.7156,Mining
T45QUE,2021,2048,10560,22.4165,86.085939,0.7156,Mining
T45QUE,2021,7360,7616,21.934828,85.804,0.7156,Mining
T45QUE,2021,4000,2720,22.234125,85.326478,0.7155,Mining
T45QUE,2021,1824,9696,22.436236,86.001855,0.7155,Mining
T45QUE,2021,5792,10432,22.078229,86.075725,0.7155,Mining
T45QUE,2021,8640,7584,21.819187,85.801867,0.7155,Mining
T45QUE,2021,7648,2208,21.904178,85.280806,0.7155,Mining
T45QUE,2021,8736,7712,21.810605,85.814321,0.7154,Mining
T45QUE,2021,2688,9504,22.358078,85.983767,0.7154,Mining
T45QUE,2021,6176,8000,22.042042,85.840308,0.7154,Mining
T45QUE,2021,5248,9344,22.126739,85.969921,0.7153,Mining
T45QUE,2021,4896,6880,22.15685,85.730762,0.7153,Mining
T45QUE,2021,6624,6016,22.000104,85.648473,0.7153,Mining
T45QUE,2021,768,5408,22.528494,85.584277,0.7152,Mining
T45QUE,2021,4672,8480,22.178217,85.885748,0.7152,Mining
T45QUE,2021,2528,8512,22.371896,85.88732,0.7152,Mining
T45QUE,2021,2976,2400,22.326272,85.294317,0.7152,Mining
T45QUE,2021,5664,10368,22.089757,86.069447,0.7152,Mining
T45QUE,2021,3360,8256,22.296574,85.863068,0.7152,Mining
T45QUE,2021,8000,5888,21.875721,85.637261,0.7152,Mining
T45QUE,2021,2784,4960,22.346037,85.542629,0.7152,Mining
T45QUE,2021,4096,7424,22.229511,85.782888,0.7152,Mining
T45QUE,2021,4064,8000,22.23281,85.838745,0.7152,Mining
T45QUE,2021,8000,8544,21.877646,85.894291,0.7151,Mining
T45QUE,2021,2016,4288,22.414795,85.476633,0.7151,Mining
T45QUE,2021,2272,7136,22.394044,85.753486,0.7151,Mining
T45QUE,2021,608,2464,22.54017,85.297923,0.7151,Mining
T45QUE,2021,4672,7328,22.177415,85.774026,0.715,Mining
T45QUE,2021,5088,4576,22.137618,85.507554,0.715,Mining
T45QUE,2021,2368,128,22.378698,85.073057,0.715,Mining
T45QUE,2021,1824,2464,22.430365,85.299265,0.715,Mining
T45QUE,2021,1184,5440,22.490951,85.58777,0.715,Mining
T45QUE,2021,3680,2592,22.262894,85.313716,0.7149,Mining
T45QUE,2021,1152,10368,22.497328,86.066744,0.7148,Mining
T45QUE,2021,5888,10624,22.069661,86.094389,0.7148,Mining
T45QUE,2021,6560,8288,22.007551,85.868487,0.7148,Mining
T45QUE,2021,7776,928,21.891278,85.157092,0.7147,Mining
T45QUE,2021,1952,5408,22.421564,85.585364,0.7147,Mining
T45QUE,2021,6592,5216,22.002338,85.570964,0.7147,Mining
T45QUE,2021,2336,6144,22.387493,85.657193,0.7147,Mining
T45QUE,2021,4480,10816,22.196953,86.1122,0.7146,Mining
T45QUE,2021,1824,9792,22.436294,86.011183,0.7146,Mining
T45QUE,2021,5184,8032,22.131668,85.842678,0.7146,Mining
T45QUE,2021,5504,9088,22.103456,85.945274,0.7145,Mining
T45QUE,2021,6592,8960,22.005097,85.933604,0.7145,Mining
T45QUE,2021,3936,10272,22.245797,86.059104,0.7145,Mining
T45QUE,2021,1440,4064,22.466605,85.4543,0.7145,Mining
T45QUE,2021,64,9440,22.595054,85.97581,0.7145,Mining
T45QUE,2021,8800,7744,21.804846,85.817464,0.7145,Mining
T45QUE,2021,256,3744,22.573226,85.421994,0.7145,Mining
T45QUE,2021,6368,7040,22.024015,85.747449,0.7145,Mining
T45QUE,2021,7328,5664,21.936235,85.614998,0.7145,Mining
T45QUE,2021,5984,8288,22.05958,85.868074,0.7145,Mining
T45QUE,2021,8160,1888,21.857615,85.250404,0.7144,Mining
T45QUE,2021,3328,10048,22.30059,86.036992,0.7144,Mining
T45QUE,2021,4864,5824,22.158911,85.628343,0.7144,Mining
T45QUE,2021,224,2240,22.574613,85.275717,0.7144,Mining
T45QUE,2021,8416,8512,21.840048,85.891484,0.7144,Mining
T45QUE,2021,2368,4736,22.38341,85.520485,0.7144,Mining
T45QUE,2021,3520,9280,22.282787,85.96257,0.7143,Mining
T45QUE,2021,2048,4224,22.411846,85.470449,0.7143,Mining
T45QUE,2021,3264,3712,22.301554,85.421957,0.7143,Mining
T45QUE,2021,224,256,22.572427,85.08282,0.7143,Mining
T45QUE,2021,8064,1088,21.865444,85.172905,0.7143,Mining
T45QUE,2021,3392,3392,22.28969,85.391034,0.7143,Mining
T45QUE,2021,768,5952,22.52895,85.637162,0.7143,Mining
T45QUE,2021,4768,10144,22.170569,86.047191,0.7142,Mining
T45QUE,2021,2752,2496,22.346598,85.30339,0.7142,Mining
T45QUE,2021,5472,4576,22.102938,85.507919,0.7142,Mining
T45QUE,2021,7008,6688,21.965944,85.713872,0.7142,Mining
T45QUE,2021,1472,9760,22.46807,86.007847,0.7142,Mining
T45QUE,2021,960,9536,22.514181,85.98574,0.7142,Mining
T45QUE,2021,6976,5568,21.967949,85.605394,0.7142,Mining
T45QUE,2021,2368,6720,22.385057,85.713161,0.7141,Mining
T45QUE,2021,5568,4000,22.093748,85.452191,0.7141,Mining
T45QUE,2021,4384,10880,22.205658,86.118354,0.7141,Mining
T45QUE,2021,5088,2848,22.136,85.340049,0.7141,Mining
T45QUE,2021,5600,2496,22.089413,85.306481,0.7141,Mining
T45QUE,2021,928,1984,22.510774,85.251627,0.7141,Mining
T45QUE,2021,5984,3104,22.055335,85.365795,0.714,Mining
T45QUE,2021,5472,9344,22.106505,85.970068,0.714,Mining
T45QUE,2021,6496,3552,22.009524,85.409714,0.714,Mining
T45QUE,2021,3392,10784,22.295217,86.108474,0.714,Mining
T45QUE,2021,928,3072,22.511888,85.357369,0.714,Mining
T45QUE,2021,6176,6144,22.04067,85.66049,0.7139,Mining
T45QUE,2021,6752,6880,21.989211,85.732258,0.7139,Mining
T45QUE,2021,5376,9952,22.115538,86.028947,0.7139,Mining
T45QUE,2021,7072,1920,21.955899,85.252301,0.7139,Mining
T45QUE,2021,3712,10432,22.26612,86.074496,0.7139,Mining
T45QUE,2021,4032,3392,22.231893,85.391695,0.7139,Mining
T45QUE,2021,288,1504,22.56805,85.204231,0.7138,Mining
T45QUE,2021,1600,8864,22.455949,85.920858,0.7138,Mining
T45QUE,2021,4224,4960,22.215986,85.543976,0.7138,Mining
T45QUE,2021,1600,3040,22.451172,85.354976,0.7138,Mining
T45QUE,2021,5568,8864,22.097533,85.923605,0.7138,Mining
T45QUE,2021,6912,7104,21.974926,85.754079,0.7138,Mining
T45QUE,2021,32,10240,22.598422,86.053612,0.7138,Mining
T45QUE,2021,2432,1888,22.374864,85.244008,0.7138,Mining
T45QUE,2021,7328,2432,21.933301,85.30214,0.7137,Mining
T45QUE,2021,1056,3296,22.50055,85.379275,0.7137,Mining
T45QUE,2021,7008,5248,21.964792,85.574438,0.7137,Mining
T45QUE,2021,10016,6272,21.693931,85.676093,0.7137,Mining
T45QUE,2021,3104,10304,22.320969,86.061707,0.7137,Mining
T45QUE,2021,5568,2848,22.092653,85.340556,0.7137,Mining
T45QUE,2021,8672,9440,21.817502,85.981437,0.7136,Mining
T45QUE,2021,512,5376,22.551586,85.58093,0.7136,Mining
T45QUE,2021,6336,7040,22.026905,85.747424,0.7136,Mining
T45QUE,2021,992,3488,22.506516,85.397868,0.7136,Mining
T45QUE,2021,5696,8256,22.085573,85.864765,0.7136,Mining
T45QUE,2021,2048,4768,22.412337,85.523287,0.7136,Mining
T45QUE,2021,2208,4256,22.397426,85.473715,0.7135,Mining
T45QUE,2021,4288,10080,22.213891,86.040689,0.7135,Mining
T45QUE,2021,2624,1760,22.357392,85.231799,0.7135,Mining
T45QUE,2021,800,4960,22.525215,85.540756,0.7134,Mining
T45QUE,2021,7136,5408,21.953365,85.590044,0.7134,Mining
T45QUE,2021,7232,6880,21.945856,85.732643,0.7134,Mining
T45QUE,2021,2816,5600,22.343694,85.604793,0.7134,Mining
T45QUE,2021,4736,7616,22.171842,85.802005,0.7133,Mining
T45QUE,2021,4416,8384,22.201277,85.876254,0.7133,Mining
T45QUE,2021,1888,1056,22.423088,85.162584,0.7133,Mining
T45QUE,2021,5568,9760,22.098082,86.010454,0.7133,Mining
T45QUE,2021,96,5728,22.589455,85.61478,0.7133,Mining
T45QUE,2021,1792,3328,22.434117,85.383156,0.7133,Mining
T45QUE,2021,2080,1472,22.406205,85.20321,0.7133,Mining
T45QUE,2021,2240,2656,22.392995,85.318367,0.7133,Mining
T45QUE,2021,160,1920,22.580055,85.24453,0.7133,Mining
T45QUE,2021,4352,9664,22.207867,86.000374,0.7133,Mining
T45QUE,2021,5760,4192,22.076584,85.470984,0.7133,Mining
T45QUE,2021,1888,608,22.422587,85.119075,0.7132,Mining
T45QUE,2021,3136,8928,22.317251,85.928141,0.7132,Mining
T45QUE,2021,352,8768,22.56861,85.910647,0.7132,Mining
T45QUE,2021,5952,10400,22.063759,86.072718,0.7132,Mining
T45QUE,2021,9024,7872,21.784701,85.830009,0.7132,Mining
T45QUE,2021,3520,2560,22.27731,85.310438,0.7132,Mining
T45QUE,2021,8480,7616,21.833662,85.804843,0.7131,Mining
T45QUE,2021,8736,7872,21.810715,85.829798,0.7131,Mining
T45QUE,2021,3520,10848,22.283689,86.11476,0.7131,Mining
T45QUE,2021,320,1440,22.565091,85.198046,0.713,Mining
T45QUE,2021,4224,6944,22.217594,85.736425,0.713,Mining
T45QUE,2021,480,2400,22.551662,85.291559,0.713,Mining
T45QUE,2021,9248,8640,21.764975,85.904441,0.713,Mining
T45QUE,2021,7648,6144,21.907717,85.661737,0.713,Mining
T45QUE,2021,2912,1664,22.331284,85.22281,0.713,Mining
T45QUE,2021,5760,7744,22.07944,85.815191,0.713,Mining
T45QUE,2021,5440,2944,22.104306,85.349724,0.713,Mining
T45QUE,2021,3424,1024,22.284359,85.161298,0.7129,Mining
T45QUE,2021,2272,3392,22.390832,85.389873,0.7129,Mining
T45QUE,2021,3104,6336,22.318282,85.676495,0.7129,Mining
T45QUE,2021,1216,5312,22.487952,85.575359,0.7129,Mining
T45QUE,2021,768,4576,22.527762,85.503397,0.7129,Mining
T45QUE,2021,8096,6464,21.867501,85.693079,0.7128,Mining
T45QUE,2021,1024,1408,22.501488,85.195761,0.7128,Mining
T45QUE,2021,4256,10368,22.216944,86.06861,0.7128,Mining
T45QUE,2021,2656,9856,22.361179,86.017929,0.7128,Mining
T45QUE,2021,6464,9472,22.016975,85.983117,0.7128,Mining
T45QUE,2021,4064,9952,22.234052,86.028132,0.7128,Mining
T45QUE,2021,8352,6080,21.84408,85.656138,0.7128,Mining
T45QUE,2021,576,7840,22.547742,85.820568,0.7127,Mining
T45QUE,2021,5472,7456,22.105249,85.787058,0.7127,Mining
T45QUE,2021,4032,10592,22.237301,86.090211,0.7127,Mining
T45QUE,2021,1856,4320,22.429273,85.479584,0.7127,Mining
T45QUE,2021,1600,1824,22.449925,85.236846,0.7127,Mining
T45QUE,2021,832,4928,22.522297,85.537676,0.7126,Mining
T45QUE,2021,6432,7072,22.018258,85.7506,0.7126,Mining
T45QUE,2021,6560,9312,22.008206,85.96768,0.7126,Mining
T45QUE,2021,832,992,22.518367,85.155106,0.7126,Mining
T45QUE,2021,8416,6176,21.838375,85.665479,0.7126,Mining
T45QUE,2021,4480,9984,22.196493,86.031495,0.7126,Mining
T45QUE,2021,2432,416,22.37325,85.101096,0.7126,Mining
T45QUE,2021,2656,8096,22.360052,85.847016,0.7126,Mining
T45QUE,2021,6016,7360,22.056043,85.778176,0.7125,Mining
T45QUE,2021,6784,8800,21.987652,85.918237,0.7125,Mining
T45QUE,2021,5472,9376,22.106525,85.97317,0.7125,Mining
T45QUE,2021,4960,8864,22.152453,85.923188,0.7125,Mining
T45QUE,2021,3264,6112,22.303653,85.65489,0.7125,Mining
T45QUE,2021,3648,10048,22.271684,86.03719,0.7124,Mining
T45QUE,2021,7200,2528,21.944956,85.311296,0.7124,Mining
T45QUE,2021,6784,4448,21.984332,85.496766,0.7124,Mining
T45QUE,2021,96,128,22.583835,85.070215,0.7124,Mining
T45QUE,2021,8224,1728,21.851671,85.234997,0.7123,Mining
T45QUE,2021,384,9760,22.566345,86.007146,0.7123,Mining
T45QUE,2021,6656,8736,21.999174,85.91195,0.7123,Mining
T45QUE,2021,1600,5856,22.45373,85.62857,0.7122,Mining
T45QUE,2021,2752,3392,22.347486,85.390372,0.7122,Mining
T45QUE,2021,224,4192,22.576538,85.465525,0.7122,Mining
T45QUE,2021,2912,7840,22.336751,85.822351,0.7122,Mining
T45QUE,2021,4608,9696,22.184762,86.003641,0.7122,Mining
T45QUE,2021,2336,5152,22.386664,85.560853,0.7121,Mining
T45QUE,2021,128,9120,22.589071,85.944726,0.7121,Mining
T45QUE,2021,9760,2432,21.713672,85.30473,0.7121,Mining
T45QUE,2021,4544,6240,22.188148,85.668407,0.7121,Mining
T45QUE,2021,288,2080,22.568666,85.260233,0.7121,Mining
T45QUE,2021,8064,3648,21.868005,85.420576,0.712,Mining
T45QUE,2021,288,1472,22.568015,85.20112,0.712,Mining
T45QUE,2021,7200,2496,21.944924,85.308198,0.712,Mining
T45QUE,2021,3712,3008,22.260418,85.35411,0.712,Mining
T45QUE,2021,4256,8160,22.215577,85.854409,0.7119,Mining
T45QUE,2021,9472,7776,21.744167,85.821055,0.7119,Mining
T45QUE,2021,160,1696,22.579815,85.22275,0.7119,Mining
T45QUE,2021,704,1184,22.530137,85.173614,0.7119,Mining
T45QUE,2021,5600,544,22.087344,85.117347,0.7119,Mining
T45QUE,2021,2304,1120,22.385596,85.169292,0.7118,Mining
T45QUE,2021,1312,5312,22.479282,85.575448,0.7118,Mining
T45QUE,2021,10720,4832,21.629176,85.537566,0.7118,Mining
T45QUE,2021,7200,5632,21.94777,85.611788,0.7118,Mining
T45QUE,2021,4992,6176,22.147634,85.662583,0.7117,Mining
T45QUE,2021,5856,4288,22.068,85.480379,0.7117,Mining
T45QUE,2021,6464,2464,22.011357,85.304311,0.7117,Mining
T45QUE,2021,4768,8736,22.169714,85.910642,0.7117,Mining
T45QUE,2021,6976,6784,21.968907,85.723142,0.7117,Mining
T45QUE,2021,5248,9984,22.127119,86.03197,0.7117,Mining
T45QUE,2021,8640,4096,21.816393,85.464477,0.7116,Mining
T45QUE,2021,2176,768,22.396763,85.134961,0.7116,Mining
T45QUE,2021,5696,9248,22.086212,85.96091,0.7116,Mining
T45QUE,2021,832,6496,22.523609,85.690103,0.7116,Mining
T45QUE,2021,5152,3104,22.130471,85.36493,0.7115,Mining
T45QUE,2021,5888,5472,22.066136,85.59513,0.7115,Mining
T45QUE,2021,5312,6688,22.119131,85.712487,0.7115,Mining
T45QUE,2021,2016,6880,22.416972,85.728411,0.7115,Mining
T45QUE,2021,1952,2336,22.418675,85.286974,0.7114,Mining
T45QUE,2021,832,4448,22.521866,85.491016,0.7114,Mining
T45QUE,2021,480,3072,22.552343,85.35689,0.7114,Mining
T45QUE,2021,352,6400,22.566885,85.680359,0.7114,Mining
T45QUE,2021,10272,5664,21.670329,85.617553,0.7113,Mining
T45QUE,2021,5248,7744,22.125686,85.814805,0.7113,Mining
T45QUE,2021,1472,10816,22.468669,86.110479,0.7113,Mining
T45QUE,2021,1088,2208,22.496561,85.273576,0.7113,Mining
T45QUE,2021,4000,1760,22.23314,85.233362,0.7113,Mining
T45QUE,2021,928,3488,22.512295,85.397801,0.7113,Mining
T45QUE,2021,4608,10496,22.185218,86.081235,0.7112,Mining
T45QUE,2021,1888,3584,22.425695,85.408123,0.7112,Mining
T45QUE,2021,7360,1696,21.92966,85.230939,0.7112,Mining
T45QUE,2021,832,3392,22.520871,85.38837,0.7112,Mining
T45QUE,2021,2272,6144,22.393273,85.657138,0.7112,Mining
T45QUE,2021,10368,4288,21.660498,85.484685,0.7112,Mining
T45QUE,2021,1856,3488,22.428492,85.398765,0.7112,Mining
T45QUE,2021,64,5504,22.592155,85.592965,0.7111,Mining
T45QUE,2021,1152,5280,22.493704,85.57219,0.7111,Mining
T45QUE,2021,5312,8256,22.120258,85.864488,0.7111,Mining
T45QUE,2021,992,3520,22.506547,85.400978,0.711,Mining
T45QUE,2021,6560,6528,22.006286,85.69801,0.7109,Mining
T45QUE,2021,5824,7968,22.073815,85.836947,0.7109,Mining
T45QUE,2021,1888,10016,22.430645,86.032988,0.7109,Mining
T45QUE,2021,256,9440,22.577711,85.975938,0.7109,Mining
T45QUE,2021,4640,10176,22.182149,86.050216,0.7109,Mining
T45QUE,2021,5088,3328,22.136467,85.386576,0.7108,Mining
T45QUE,2021,9152,7776,21.773072,85.820819,0.7108,Mining
T45QUE,2021,1952,576,22.416772,85.116045,0.7107,Mining
T45QUE,2021,1632,7552,22.452156,85.793392,0.7107,Mining
T45QUE,2021,2624,7872,22.362786,85.825239,0.7107,Mining
T45QUE,2021,3520,6720,22.28101,85.714115,0.7107,Mining
T45QUE,2021,5504,5504,22.100844,85.597889,0.7107,Mining
T45QUE,2021,416,3232,22.558281,85.372378,0.7107,Mining
T45QUE,2021,9888,7840,21.706634,85.827548,0.7106,Mining
T45QUE,2021,8480,2848,21.829676,85.343608,0.7106,Mining
T45QUE,2021,6240,8288,22.036456,85.868258,0.7106,Mining
T45QUE,2021,5472,4000,22.102418,85.452096,0.7106,Mining
T45QUE,2021,7424,8288,21.929508,85.869105,0.7106,Mining
T45QUE,2021,1280,8640,22.484706,85.898863,0.7106,Mining
T45QUE,2021,1280,8480,22.484599,85.883311,0.7105,Mining
T45QUE,2021,8512,3904,21.82778,85.445782,0.7105,Mining
T45QUE,2021,4160,9504,22.225114,85.984728,0.7105,Mining
T45QUE,2021,4576,4224,22.183542,85.472932,0.7105,Mining
T45QUE,2021,2624,6048,22.361404,85.648121,0.7105,Mining
T45QUE,2021,4032,9856,22.236886,86.018798,0.7105,Mining
T45QUE,2021,928,6432,22.514888,85.683964,0.7105,Mining
T45QUE,2021,448,9920,22.560659,86.022747,0.7104,Mining
T45QUE,2021,2848,9952,22.343892,86.027373,0.7104,Mining
T45QUE,2021,6944,2016,21.967557,85.261454,0.7104,Mining
T45QUE,2021,5056,3328,22.139357,85.386543,0.7104,Mining
T45QUE,2021,6432,9504,22.019885,85.986197,0.7103,Mining
T45QUE,2021,3648,8544,22.270753,85.891228,0.7103,Mining
T45QUE,2021,6720,8512,21.993247,85.890298,0.7103,Mining
T45QUE,2021,640,3968,22.538761,85.444164,0.7103,Mining
T45QUE,2021,2016,10816,22.419529,86.110792,0.7103,Mining
T45QUE,2021,8224,4224,21.854079,85.47646,0.7103,Mining
T45QUE,2021,1568,288,22.451115,85.087602,0.7103,Mining
T45QUE,2021,2880,3104,22.335646,85.362548,0.7103,Mining
T45QUE,2021,480,1184,22.550363,85.173348,0.7102,Mining
T45QUE,2021,6752,8128,21.990101,85.853128,0.7102,Mining
T45QUE,2021,3008,4288,22.325208,85.477608,0.7101,Mining
T45QUE,2021,192,9472,22.583512,85.979008,0.7101,Mining
T45QUE,2021,32,1280,22.59092,85.18215,0.71,Mining
T45QUE,2021,320,8864,22.571564,85.919961,0.71,Mining
T45QUE,2021,6496,9408,22.014046,85.976938,0.71,Mining
T45QUE,2021,416,7616,22.562032,85.798662,0.71,Mining
T45QUE,2021,864,3840,22.518412,85.431949,0.71,Mining
T45QUE,2021,5216,10784,22.130451,86.109515,0.71,Mining
T45QUE,2021,1344,10240,22.479912,86.054419,0.7099,Mining
T45QUE,2021,7392,1600,21.92667,85.221683,0.7099,Mining
T45QUE,2021,3264,5664,22.303286,85.611407,0.7099,Mining
T45QUE,2021,448,4992,22.557032,85.543533,0.7099,Mining
T45QUE,2021,896,2752,22.514457,85.326233,0.7098,Mining
T45QUE,2021,5568,4032,22.093778,85.455292,0.7098,Mining
T45QUE,2021,2016,2528,22.413092,85.305692,0.7098,Mining
T45QUE,2021,2880,4544,22.336999,85.502334,0.7098,Mining
T45QUE,2021,4288,2752,22.208149,85.32989,0.7098,Mining
T45QUE,2021,2528,1728,22.366026,85.228583,0.7097,Mining
T45QUE,2021,4288,3104,22.208496,85.364027,0.7097,Mining
T45QUE,2021,1152,4832,22.493313,85.52865,0.7097,Mining
T45QUE,2021,4960,5856,22.150267,85.63153,0.7097,Mining
T45QUE,2021,160,9056,22.58614,85.938523,0.7097,Mining
T45QUE,2021,3424,7040,22.289923,85.745093,0.7097,Mining
T45QUE,2021,4704,6656,22.174021,85.708884,0.7097,Mining
T45QUE,2021,960,2432,22.508352,85.295202,0.7096,Mining
T45QUE,2021,3168,9824,22.314912,86.015147,0.7096,Mining
T45QUE,2021,8064,4576,21.868841,85.510365,0.7096,Mining
T45QUE,2021,3072,5664,22.320627,85.611236,0.7096,Mining
T45QUE,2021,4128,9952,22.228271,86.028172,0.7096,Mining
T45QUE,2021,4064,6560,22.231752,85.699042,0.7095,Mining
T45QUE,2021,3424,9760,22.29175,86.009097,0.7095,Mining
T45QUE,2021,736,10784,22.535134,86.106942,0.7095,Mining
T45QUE,2021,6240,8032,22.036283,85.843455,0.7095,Mining
T45QUE,2021,7712,2080,21.898268,85.268489,0.7095,Mining
T45QUE,2021,5440,8640,22.108951,85.901803,0.7095,Mining
T45QUE,2021,512,1344,22.547649,85.188939,0.7095,Mining
T45QUE,2021,4000,224,22.231453,85.084389,0.7095,Mining
T45QUE,2021,5632,192,22.084058,85.083283,0.7095,Mining
T45QUE,2021,6304,7872,22.030392,85.828001,0.7095,Mining
T45QUE,2021,3232,3968,22.304684,85.44677,0.7095,Mining
T45QUE,2021,576,1152,22.541659,85.170351,0.7095,Mining
T45QUE,2021,1472,9440,22.467876,85.976748,0.7094,Mining
T45QUE,2021,10784,416,21.619097,85.111112,0.7094,Mining
T45QUE,2021,1504,6304,22.462764,85.672018,0.7094,Mining
T45QUE,2021,6880,7136,21.97784,85.757152,0.7094,Mining
T45QUE,2021,1280,10688,22.485943,86.097926,0.7093,Mining
T45QUE,2021,1088,5376,22.499567,85.581461,0.7093,Mining
T45QUE,2021,2400,6880,22.38229,85.728726,0.7093,Mining
T45QUE,2021,3424,8096,22.290683,85.847585,0.7092,Mining
T45QUE,2021,6976,6816,21.968931,85.726241,0.7092,Mining
T45QUE,2021,5952,6528,22.061202,85.697507,0.7092,Mining
T45QUE,2021,1664,9984,22.450859,86.029738,0.7092,Mining
T45QUE,2021,2976,9856,22.332274,86.018132,0.7092,Mining
T45QUE,2021,3776,5984,22.257307,85.642912,0.7092,Mining
T45QUE,2021,2784,3584,22.34478,85.409044,0.7092,Mining
T45QUE,2021,896,3104,22.514809,85.360445,0.7091,Mining
T45QUE,2021,9152,5088,21.771014,85.560889,0.7091,Mining
T45QUE,2021,3008,5760,22.326487,85.620498,0.7091,Mining
T45QUE,2021,4000,8480,22.238916,85.885269,0.7091,Mining
T45QUE,2021,3744,480,22.254859,85.108906,0.7091,Mining
T45QUE,2021,416,3936,22.558959,85.440826,0.7091,Mining
T45QUE,2021,64,8928,22.594728,85.926006,0.7091,Mining
T45QUE,2021,128,7744,22.588136,85.810886,0.709,Mining
T45QUE,2021,6336,9568,22.028595,85.992335,0.709,Mining
T45QUE,2021,6304,8000,22.03048,85.840402,0.709,Mining
T45QUE,2021,4928,8128,22.154857,85.851798,0.709,Mining
T45QUE,2021,640,2432,22.537248,85.294848,0.7089,Mining
T45QUE,2021,7712,1408,21.897571,85.203463,0.7089,Mining
T45QUE,2021,9440,5216,21.745109,85.573523,0.7089,Mining
T45QUE,2021,2688,3168,22.353048,85.368559,0.7089,Mining
T45QUE,2021,6496,4672,22.01054,85.518187,0.7088,Mining
T45QUE,2021,1664,192,22.442336,85.078396,0.7088,Mining
T45QUE,2021,1376,3456,22.471808,85.395158,0.7088,Mining
T45QUE,2021,1088,9184,22.502401,85.951607,0.7087,Mining
T45QUE,2021,1088,9120,22.50236,85.945385,0.7087,Mining
T45QUE,2021,5120,9664,22.138494,86.000864,0.7087,Mining
T45QUE,2021,1568,5664,22.45646,85.609886,0.7086,Mining
T45QUE,2021,6784,2624,21.982619,85.320147,0.7086,Mining
T45QUE,2021,288,9664,22.574958,85.997746,0.7085,Mining
T45QUE,2021,96,6016,22.589694,85.64279,0.7085,Mining
T45QUE,2021,3072,3712,22.318893,85.421763,0.7085,Mining
T45QUE,2021,5824,8288,22.074033,85.867959,0.7085,Mining
T45QUE,2021,544,1472,22.5449,85.201419,0.7085,Mining
T45QUE,2021,2368,4288,22.383006,85.47698,0.7085,Mining
T45QUE,2021,2944,3552,22.3303,85.406101,0.7084,Mining
T45QUE,2021,4992,9856,22.150169,86.0194,0.7084,Mining
T45QUE,2021,1568,3712,22.454715,85.420229,0.7084,Mining
T45QUE,2021,7200,8000,21.949547,85.84106,0.7084,Mining
T45QUE,2021,4736,9088,22.172829,85.944757,0.7084,Mining
T45QUE,2021,1504,2080,22.458863,85.261607,0.7084,Mining
T45QUE,2021,2528,3232,22.367559,85.374604,0.7083,Mining
T45QUE,2021,1952,3584,22.419915,85.408189,0.7083,Mining
T45QUE,2021,1056,5280,22.502374,85.572101,0.7083,Mining
T45QUE,2021,6016,10816,22.058201,86.113069,0.7082,Mining
T45QUE,2021,6656,6944,21.99793,85.73838,0.7082,Mining
T45QUE,2021,2592,5824,22.364111,85.626342,0.7082,Mining
T45QUE,2021,2880,4320,22.336796,85.480589,0.7081,Mining
T45QUE,2021,4768,1824,22.163856,85.240434,0.7081,Mining
T45QUE,2021,224,10432,22.581188,86.072406,0.7081,Mining
T45QUE,2021,5312,384,22.11317,85.101498,0.7081,Mining
T45QUE,2021,4128,8704,22.227502,85.907092,0.708,Mining
T45QUE,2021,5664,4224,22.085283,85.473991,0.708,Mining
T45QUE,2021,1376,8160,22.475709,85.852281,0.708,Mining
T45QUE,2021,7040,8256,21.964173,85.865732,0.7079,Mining
T45QUE,2021,3136,6048,22.315162,85.648567,0.7079,Mining
T45QUE,2021,8320,5728,21.846689,85.622055,0.7079,Mining
T45QUE,2021,6880,6624,21.977457,85.70757,0.7078,Mining
T45QUE,2021,2240,3456,22.393784,85.396055,0.7078,Mining
T45QUE,2021,1472,4832,22.464413,85.528955,0.7078,Mining
T45QUE,2021,5696,10400,22.086884,86.072567,0.7077,Mining
T45QUE,2021,2112,3168,22.405063,85.367952,0.7076,Mining
T45QUE,2021,9792,2432,21.710782,85.304764,0.7076,Mining
T45QUE,2021,6592,6208,22.003147,85.667042,0.7076,Mining
T45QUE,2021,3584,3648,22.272595,85.416072,0.7076,Mining
T45QUE,2021,1920,3808,22.423018,85.429914,0.7075,Mining
T45QUE,2021,6784,8832,21.987673,85.921336,0.7075,Mining
T45QUE,2021,8032,1216,21.868471,85.185251,0.7075,Mining
T45QUE,2021,7520,32,21.9134,85.07009,0.7075,Mining
T45QUE,2021,3392,3424,22.28972,85.39414,0.7075,Mining
T45QUE,2021,5344,9440,22.118126,85.979291,0.7074,Mining
T45QUE,2021,2176,3392,22.399502,85.389773,0.7074,Mining
T45QUE,2021,2656,5920,22.358409,85.63572,0.7074,Mining
T45QUE,2021,5728,0,22.075171,85.0648,0.7074,Mining
T45QUE,2021,7744,4640,21.897798,85.516258,0.7074,Mining
T45QUE,2021,2976,1408,22.32523,85.198037,0.7074,Mining
T45QUE,2021,160,1536,22.579642,85.207192,0.7074,Mining
T45QUE,2021,1568,736,22.451625,85.131119,0.7074,Mining
T45QUE,2021,6432,7680,22.018696,85.809497,0.7074,Mining
T45QUE,2021,5184,3104,22.127581,85.364963,0.7074,Mining
T45QUE,2021,7616,8256,21.912143,85.866145,0.7074,Mining
T45QUE,2021,1536,3872,22.457756,85.435742,0.7073,Mining
T45QUE,2021,3776,4928,22.256419,85.540453,0.7073,Mining
T45QUE,2021,5376,2688,22.109834,85.324847,0.7073,Mining
T45QUE,2021,736,3264,22.529415,85.375827,0.7073,Mining
T45QUE,2021,4160,4736,22.22157,85.522188,0.7073,Mining
T45QUE,2021,2688,3968,22.353812,85.446226,0.7073,Mining
T45QUE,2021,1664,10752,22.451291,86.10437,0.7073,Mining
T45QUE,2021,928,4800,22.513514,85.525325,0.7072,Mining
T45QUE,2021,5856,8544,22.071312,85.892791,0.7072,Mining
T45QUE,2021,5440,3072,22.104431,85.362129,0.7072,Mining
T45QUE,2021,5696,10272,22.086813,86.060161,0.7072,Mining
T45QUE,2021,4128,5440,22.225066,85.590448,0.7072,Mining
T45QUE,2021,4992,10656,22.150617,86.096975,0.7072,Mining
T45QUE,2021,4288,10016,22.213855,86.034481,0.7072,Mining
T45QUE,2021,7520,8032,21.920664,85.844391,0.7071,Mining
T45QUE,2021,4032,10208,22.237089,86.052952,0.7071,Mining
T45QUE,2021,2752,6912,22.350522,85.732122,0.7071,Mining
T45QUE,2021,736,5472,22.531439,85.59047,0.7071,Mining
T45QUE,2021,7808,4608,21.89199,85.513222,0.7071,Mining
T45QUE,2021,2304,10816,22.393514,86.110958,0.7071,Mining
T45QUE,2021,3200,5952,22.309303,85.639304,0.7071,Mining
T45QUE,2021,4416,10464,22.202544,86.078018,0.7071,Mining
T45QUE,2021,2208,7136,22.399825,85.753434,0.7071,Mining
T45QUE,2021,2720,640,22.3475,85.123191,0.707,Mining
T45QUE,2021,3392,10112,22.294845,86.043244,0.707,Mining
T45QUE,2021,3616,4064,22.270094,85.456468,0.707,Mining
T45QUE,2021,416,4960,22.559894,85.540391,0.707,Mining
T45QUE,2021,192,160,22.575204,85.073447,0.7069,Mining
T45QUE,2021,5760,6688,22.078666,85.712854,0.7069,Mining
T45QUE,2021,9024,5024,21.782521,85.554584,0.7069,Mining
T45QUE,2021,4896,6240,22.156355,85.668706,0.7068,Mining
T45QUE,2021,3104,9696,22.320617,86.002679,0.7068,Mining
T45QUE,2021,6432,192,22.011823,85.084256,0.7068,Mining
T45QUE,2021,10112,2208,21.681661,85.283459,0.7067,Mining
T45QUE,2021,352,10432,22.569626,86.072483,0.7066,Mining
T45QUE,2021,320,9696,22.572087,86.000879,0.7066,Mining
T45QUE,2021,352,1120,22.56185,85.166974,0.7066,Mining
T45QUE,2021,9504,3776,21.738071,85.434374,0.7066,Mining
T45QUE,2021,2560,10432,22.37018,86.07381,0.7066,Mining
T45QUE,2021,7840,6208,21.890425,85.668092,0.7066,Mining
T45QUE,2021,3072,6016,22.320916,85.645405,0.7066,Mining
T45QUE,2021,6272,7552,22.033058,85.796976,0.7066,Mining
T45QUE,2021,3520,10624,22.283569,86.093018,0.7064,Mining
T45QUE,2021,4288,8832,22.213133,85.919621,0.7064,Mining
T45QUE,2021,3840,3840,22.249656,85.434959,0.7064,Mining
T45QUE,2021,7072,9536,21.962091,85.989706,0.7064,Mining
T45QUE,2021,9216,6816,21.766603,85.728034,0.7064,Mining
T45QUE,2021,3456,4064,22.284543,85.45631,0.7063,Mining
T45QUE,2021,5120,4416,22.134586,85.492074,0.7063,Mining
T45QUE,2021,3872,9888,22.251358,86.021802,0.7063,Mining
T45QUE,2021,8544,6336,21.826938,85.681064,0.7063,Mining
T45QUE,2021,7040,2400,21.959277,85.298733,0.7063,Mining
T45QUE,2021,6368,7776,22.024544,85.818749,0.7063,Mining
T45QUE,2021,5568,8512,22.097305,85.889486,0.7062,Mining
T45QUE,2021,320,2624,22.56634,85.31316,0.7062,Mining
T45QUE,2021,5920,6016,22.06369,85.64787,0.7062,Mining
T45QUE,2021,6240,9152,22.037013,85.951968,0.7062,Mining
T45QUE,2021,832,416,22.517715,85.099128,0.7062,Mining
T45QUE,2021,10208,4384,21.675033,85.493811,0.7062,Mining
T45QUE,2021,7072,9504,21.962072,85.986607,0.7061,Mining
T45QUE,2021,5120,10080,22.138736,86.041199,0.7061,Mining
T45QUE,2021,1856,2080,22.427078,85.262003,0.706,Mining
T45QUE,2021,2208,5824,22.398792,85.626002,0.706,Mining
T45QUE,2021,5408,7392,22.110983,85.780805,0.7059,Mining
T45QUE,2021,2688,4096,22.35393,85.458653,0.7059,Mining
T45QUE,2021,6432,7104,22.018281,85.7537,0.7059,Mining
T45QUE,2021,672,5120,22.536915,85.556189,0.7059,Mining
T45QUE,2021,2624,6240,22.361558,85.666764,0.7058,Mining
T45QUE,2021,4576,5312,22.184497,85.578439,0.7057,Mining
T45QUE,2021,832,10400,22.526251,86.069661,0.7057,Mining
T45QUE,2021,6848,5280,21.97927,85.577393,0.7057,Mining
T45QUE,2021,2464,8224,22.377482,85.859304,0.7057,Mining
T45QUE,2021,3616,2752,22.268834,85.32917,0.7057,Mining
T45QUE,2021,5792,6144,22.075353,85.660163,0.7057,Mining
T45QUE,2021,6784,5920,21.985576,85.639313,0.7057,Mining
T45QUE,2021,288,9728,22.574997,86.003971,0.7056,Mining
T45QUE,2021,832,4224,22.521661,85.469243,0.7056,Mining
T45QUE,2021,6976,2016,21.964667,85.261489,0.7056,Mining
T45QUE,2021,2560,7968,22.368634,85.834514,0.7056,Mining
T45QUE,2021,6880,2368,21.973694,85.295463,0.7056,Mining
T45QUE,2021,6688,7264,21.995275,85.769399,0.7055,Mining
T45QUE,2021,5280,6048,22.12152,85.650421,0.7055,Mining
T45QUE,2021,7680,3488,21.902535,85.404709,0.7055,Mining
T45QUE,2021,256,3872,22.573348,85.43444,0.7055,Mining
T45QUE,2021,1856,3904,22.428888,85.439174,0.7054,Mining
T45QUE,2021,1472,4576,22.464184,85.50408,0.7054,Mining
T45QUE,2021,6816,8832,21.984782,85.921358,0.7054,Mining
T45QUE,2021,2624,6208,22.361533,85.663657,0.7054,Mining
T45QUE,2021,6656,8160,21.998794,85.856158,0.7054,Mining
T45QUE,2021,6080,7776,22.050558,85.818533,0.7053,Mining
T45QUE,2021,5664,9984,22.089541,86.032226,0.7052,Mining
T45QUE,2021,5056,5408,22.141226,85.588181,0.7052,Mining
T45QUE,2021,1568,9664,22.459341,85.99858,0.7052,Mining
T45QUE,2021,1600,10880,22.457141,86.116772,0.7052,Mining
T45QUE,2021,160,10400,22.586951,86.069254,0.7052,Mining
T45QUE,2021,2336,8288,22.389087,85.865426,0.7052,Mining
T45QUE,2021,4416,10304,22.202456,86.062497,0.7052,Mining
T45QUE,2021,3904,8160,22.247372,85.85415,0.7051,Mining
T45QUE,2021,6240,8960,22.036893,85.933366,0.7051,Mining
T45QUE,2021,6720,3808,21.989533,85.434729,0.7051,Mining
T45QUE,2021,3520,4928,22.279539,85.540213,0.7051,Mining
T45QUE,2021,3360,6176,22.295034,85.661184,0.7051,Mining
T45QUE,2021,5472,10080,22.106939,86.041414,0.7051,Mining
T45QUE,2021,1920,4128,22.423317,85.460997,0.7051,Mining
T45QUE,2021,3104,8896,22.320121,85.925013,0.7051,Mining
T45QUE,2021,64,1472,22.588241,85.200857,0.705,Mining
T45QUE,2021,5024,6656,22.145119,85.709148,0.705,Mining
T45QUE,2021,2784,3968,22.345142,85.446322,0.705,Mining
T45QUE,2021,3232,5632,22.30615,85.608273,0.705,Mining
T45QUE,2021,5760,10432,22.08112,86.075706,0.705,Mining
T45QUE,2021,2048,3424,22.411092,85.392748,0.705,Mining
T45QUE,2021,8352,5696,21.843773,85.618987,0.705,Mining
T45QUE,2021,5568,6336,22.095736,85.678581,0.705,Mining
T45QUE,2021,5536,2752,22.095448,85.331219,0.705,Mining
T45QUE,2021,7648,7008,21.908376,85.745365,0.7049,Mining
T45QUE,2021,2848,2400,22.337831,85.294177,0.7049,Mining
T45QUE,2021,5536,10240,22.101248,86.056963,0.7049,Mining
T45QUE,2021,192,9504,22.583532,85.982121,0.7049,Mining
T45QUE,2021,6720,7040,21.992221,85.747729,0.7048,Mining
T45QUE,2021,512,2208,22.548573,85.27293,0.7048,Mining
T45QUE,2021,512,640,22.546864,85.120506,0.7048,Mining
T45QUE,2021,3360,5984,22.294879,85.64255,0.7048,Mining
T45QUE,2021,4352,10176,22.208165,86.050041,0.7048,Mining
T45QUE,2021,6944,1888,21.967425,85.249062,0.7048,Mining
T45QUE,2021,4864,4832,22.158074,85.532161,0.7047,Mining
T45QUE,2021,4448,10624,22.199741,86.093557,0.7047,Mining
T45QUE,2021,5728,4160,22.079445,85.467852,0.7047,Mining
T45QUE,2021,5664,7168,22.087697,85.759295,0.7047,Mining
T45QUE,2021,3424,10592,22.292223,86.089856,0.7047,Mining
T45QUE,2021,5408,2592,22.106848,85.315578,0.7047,Mining
T45QUE,2021,2688,5600,22.355255,85.604678,0.7046,Mining
T45QUE,2021,1760,6848,22.440069,85.725091,0.7046,Mining
T45QUE,2021,2208,1568,22.394751,85.212681,0.7046,Mining
T45QUE,2021,1280,256,22.477081,85.084136,0.7046,Mining
T45QUE,2021,4000,10560,22.240175,86.087087,0.7046,Mining
T45QUE,2021,1152,9664,22.496917,85.998309,0.7045,Mining
T45QUE,2021,10880,1984,21.612079,85.262646,0.7045,Mining
T45QUE,2021,6336,5280,22.025513,85.576931,0.7045,Mining
T45QUE,2021,3968,6112,22.240069,85.655498,0.7045,Mining
T45QUE,2021,7392,3776,21.928813,85.432296,0.7045,Mining
T45QUE,2021,5312,10528,22.121642,86.08475,0.7045,Mining
T45QUE,2021,640,4640,22.539379,85.509494,0.7045,Mining
T45QUE,2021,2688,4960,22.354707,85.542538,0.7045,Mining
T45QUE,2021,3776,5920,22.257255,85.636703,0.7045,Mining
T45QUE,2021,4992,6976,22.148251,85.740147,0.7045,Mining
T45QUE,2021,1600,3872,22.451976,85.435807,0.7044,Mining
T45QUE,2021,3840,3872,22.249686,85.438063,0.7044,Mining
T45QUE,2021,3712,5952,22.263061,85.639752,0.7044,Mining
T45QUE,2021,704,10720,22.537989,86.1007,0.7043,Mining
T45QUE,2021,192,1760,22.576995,85.22901,0.7043,Mining
T45QUE,2021,6048,4448,22.050803,85.496065,0.7043,Mining
T45QUE,2021,2432,4544,22.377458,85.501901,0.7043,Mining
T45QUE,2021,544,1504,22.544934,85.20453,0.7043,Mining
T45QUE,2021,5600,7008,22.093359,85.743737,0.7043,Mining
T45QUE,2021,4608,1568,22.178035,85.215434,0.7042,Mining
T45QUE,2021,256,8544,22.577132,85.888792,0.7042,Mining
T45QUE,2021,1024,672,22.500671,85.124241,0.7042,Mining
T45QUE,2021,10496,8480,21.652138,85.889833,0.7042,Mining
T45QUE,2021,5664,2912,22.084046,85.346859,0.7042,Mining
T45QUE,2021,512,10592,22.555262,86.08814,0.7041,Mining
T45QUE,2021,7584,3936,21.91162,85.447972,0.7041,Mining
T45QUE,2021,672,10688,22.540863,86.09757,0.7041,Mining
T45QUE,2021,8224,7424,21.85665,85.786072,0.7041,Mining
T45QUE,2021,3200,5152,22.308633,85.561654,0.7041,Mining
T45QUE,2021,2912,3584,22.333221,85.409175,0.704,Mining
T45QUE,2021,3968,1184,22.235413,85.177458,0.704,Mining
T45QUE,2021,2144,4448,22.403381,85.492299,0.704,Mining
T45QUE,2021,96,10240,22.592641,86.053651,0.7039,Mining
T45QUE,2021,5408,2688,22.106944,85.324881,0.7039,Mining
T45QUE,2021,1856,7296,22.431736,85.768695,0.7039,Mining
T45QUE,2021,3616,608,22.266561,85.121168,0.7039,Mining
T45QUE,2021,4960,6784,22.150997,85.721506,0.7039,Mining
T45QUE,2021,512,1312,22.547614,85.185829,0.7039,Mining
T45QUE,2021,5568,4256,22.093982,85.476999,0.7039,Mining
T45QUE,2021,6336,3392,22.023822,85.394055,0.7038,Mining
T45QUE,2021,8672,7136,21.815976,85.758555,0.7038,Mining
T45QUE,2021,2688,5792,22.355414,85.62332,0.7038,Mining
T45QUE,2021,3040,3712,22.321783,85.42173,0.7037,Mining
T45QUE,2021,4064,6592,22.231777,85.702146,0.7037,Mining
T45QUE,2021,2816,3744,22.342042,85.424609,0.7037,Mining
T45QUE,2021,7360,3584,21.931525,85.41368,0.7037,Mining
T45QUE,2021,4288,4864,22.210122,85.534724,0.7037,Mining
T45QUE,2021,96,6656,22.590208,85.705037,0.7036,Mining
T45QUE,2021,2944,224,22.326801,85.083089,0.7036,Mining
T45QUE,2021,4288,10432,22.214089,86.074838,0.7036,Mining
T45QUE,2021,768,1120,22.524288,85.16747,0.7035,Mining
T45QUE,2021,6368,1920,22.019473,85.251522,0.7035,Mining
T45QUE,2021,7168,3808,21.949073,85.435173,0.7035,Mining
T45QUE,2021,1696,3136,22.442598,85.364404,0.7035,Mining
T45QUE,2021,5184,9792,22.132788,86.013315,0.7034,Mining
T45QUE,2021,0,3232,22.595847,85.371936,0.7034,Mining
T45QUE,2021,4960,8128,22.151966,85.851821,0.7034,Mining
T45QUE,2021,5728,9984,22.083759,86.032266,0.7034,Mining
T45QUE,2021,1600,8896,22.45597,85.923968,0.7034,Mining
T45QUE,2021,6848,1568,21.975761,85.217974,0.7034,Mining
T45QUE,2021,7584,5408,21.912903,85.590443,0.7033,Mining
T45QUE,2021,128,1312,22.582287,85.185375,0.7033,Mining
T45QUE,2021,5856,10016,22.072215,86.035446,0.7033,Mining
T45QUE,2021,3232,1344,22.302045,85.192123,0.7033,Mining
T45QUE,2021,6944,6816,21.971821,85.726215,0.7033,Mining
T45QUE,2021,768,704,22.523822,85.127039,0.7032,Mining
T45QUE,2021,7808,7904,21.894562,85.832212,0.7032,Mining
T45QUE,2021,7328,10400,21.939459,86.073526,0.7032,Mining
T45QUE,2021,1760,8128,22.441004,85.849457,0.7032,Mining
T45QUE,2021,2208,5152,22.398224,85.560734,0.7032,Mining
T45QUE,2021,6080,4480,22.047942,85.499195,0.7031,Mining
T45QUE,2021,1280,4288,22.481262,85.475907,0.7031,Mining
T45QUE,2021,1984,5856,22.419049,85.628911,0.7031,Mining
T45QUE,2021,4096,4032,22.226715,85.453839,0.703,Mining
T45QUE,2021,5664,2112,22.083244,85.269343,0.703,Mining
T45QUE,2021,4288,10304,22.214018,86.06242,0.703,Mining
T45QUE,2021,4352,10400,22.20829,86.071771,0.7029,Mining
T45QUE,2021,3616,1696,22.267747,85.226718,0.7029,Mining
T45QUE,2021,800,5248,22.525466,85.568753,0.7029,Mining
T45QUE,2021,192,1248,22.576438,85.179228,0.7029,Mining
T45QUE,2021,192,3552,22.578821,85.403257,0.7029,Mining
T45QUE,2021,3616,4224,22.270241,85.471993,0.7028,Mining
T45QUE,2021,3008,3456,22.324429,85.396849,0.7028,Mining
T45QUE,2021,4192,2624,22.216691,85.317373,0.7028,Mining
T45QUE,2021,416,3104,22.558154,85.359933,0.7028,Mining
T45QUE,2021,9824,1792,21.707248,85.242949,0.7028,Mining
T45QUE,2021,5760,7232,22.079073,85.765573,0.7028,Mining
T45QUE,2021,5600,6912,22.093287,85.734433,0.7027,Mining
T45QUE,2021,4224,10464,22.219888,86.077904,0.7027,Mining
T45QUE,2021,3488,9120,22.285578,85.947019,0.7027,Mining
T45QUE,2021,1920,3840,22.423048,85.433022,0.7027,Mining
T45QUE,2021,5952,6496,22.061177,85.694407,0.7027,Mining
T45QUE,2021,3680,7968,22.267472,85.835353,0.7026,Mining
T45QUE,2021,2336,2016,22.383668,85.256328,0.7026,Mining
T45QUE,2021,544,1728,22.545176,85.226305,0.7026,Mining
T45QUE,2021,3936,3296,22.24047,85.382283,0.7026,Mining
T45QUE,2021,6944,5792,21.971022,85.627056,0.7026,Mining
T45QUE,2021,5760,4160,22.076555,85.467883,0.7026,Mining
T45QUE,2021,352,9824,22.569274,86.013349,0.7025,Mining
T45QUE,2021,4768,3776,22.16579,85.429683,0.7025,Mining
T45QUE,2021,5120,9696,22.138513,86.003967,0.7025,Mining
T45QUE,2021,1760,10144,22.442281,86.045346,0.7025,Mining
T45QUE,2021,1696,6752,22.445776,85.715711,0.7025,Mining
T45QUE,2021,6880,1568,21.972871,85.21801,0.7024,Mining
T45QUE,2021,9760,2464,21.713704,85.307823,0.7024,Mining
T45QUE,2021,1536,320,22.454041,85.090671,0.7024,Mining
T45QUE,2021,1408,10016,22.474002,86.032687,0.7024,Mining
T45QUE,2021,4608,6880,22.182863,85.730528,0.7024,Mining
T45QUE,2021,832,1024,22.518402,85.158216,0.7023,Mining
T45QUE,2021,32,9600,22.598043,85.991353,0.7023,Mining
T45QUE,2021,5536,7488,22.099491,85.790209,0.7023,Mining
T45QUE,2021,6656,8192,21.998816,85.859258,0.7023,Mining
T45QUE,2021,1984,2944,22.416401,85.346061,0.7022,Mining
T45QUE,2021,192,8704,22.58302,85.904308,0.7021,Mining
T45QUE,2021,3072,4768,22.319858,85.524262,0.7021,Mining
T45QUE,2021,5216,6752,22.12785,85.718612,0.702,Mining
T45QUE,2021,7072,7360,21.96066,85.778993,0.702,Mining
T45QUE,2021,7008,8192,21.96702,85.859512,0.702,Mining
T45QUE,2021,736,3904,22.530031,85.43804,0.702,Mining
T45QUE,2021,5696,5664,22.083636,85.613565,0.702,Mining
T45QUE,2021,7968,5344,21.878167,85.584591,0.702,Mining
T45QUE,2021,7008,7552,21.966578,85.797536,0.702,Mining
T45QUE,2021,7648,992,21.902906,85.163137,0.7019,Mining
T45QUE,2021,7264,6784,21.942894,85.723374,0.7019,Mining
T45QUE,2021,3584,7680,22.27594,85.807332,0.7019,Mining
T45QUE,2021,2912,3776,22.333403,85.427813,0.7019,Mining
T45QUE,2021,0,2848,22.595464,85.334592,0.7019,Mining
T45QUE,2021,1248,8704,22.487639,85.90506,0.7019,Mining
T45QUE,2021,9472,8896,21.744903,85.929347,0.7019,Mining
T45QUE,2021,6240,7488,22.035902,85.790751,0.7019,Mining
T45QUE,2021,3584,2816,22.271787,85.335346,0.7018,Mining
T45QUE,2021,3776,6528,22.257739,85.695697,0.7018,Mining
T45QUE,2021,1344,9984,22.479764,86.029537,0.7018,Mining
T45QUE,2021,3232,5888,22.306361,85.63312,0.7018,Mining
T45QUE,2021,4032,10528,22.237267,86.084001,0.7018,Mining
T45QUE,2021,1824,10784,22.436855,86.107572,0.7018,Mining
T45QUE,2021,5920,6592,22.064141,85.703682,0.7018,Mining
T45QUE,2021,6976,5824,21.968157,85.630183,0.7017,Mining
T45QUE,2021,7392,2368,21.927457,85.296014,0.7017,Mining
T45QUE,2021,3616,3136,22.269213,85.366427,0.7017,Mining
T45QUE,2021,448,8640,22.559855,85.898267,0.7017,Mining
T45QUE,2021,5856,416,22.064085,85.105254,0.7017,Mining
T45QUE,2021,6688,1696,21.990343,85.230187,0.7017,Mining
T45QUE,2021,2880,4352,22.336825,85.483695,0.7016,Mining
T45QUE,2021,2400,4352,22.380174,85.483226,0.7016,Mining
T45QUE,2021,6976,4800,21.9673,85.531031,0.7016,Mining
T45QUE,2021,3648,1856,22.265027,85.242277,0.7016,Mining
T45QUE,2021,4800,4320,22.163399,85.482459,0.7015,Mining
T45QUE,2021,1280,2976,22.480006,85.348416,0.7014,Mining
T45QUE,2021,672,1088,22.53292,85.164245,0.7014,Mining
T45QUE,2021,4448,10752,22.199809,86.105974,0.7014,Mining
T45QUE,2021,6496,9344,22.014007,85.970738,0.7014,Mining
T45QUE,2021,4320,6368,22.20848,85.680632,0.7014,Mining
T45QUE,2021,7840,3520,21.888115,85.407967,0.7014,Mining
T45QUE,2021,7584,3968,21.911649,85.451069,0.7014,Mining
T45QUE,2021,5600,7648,22.093824,85.805766,0.7014,Mining
T45QUE,2021,2560,3136,22.364575,85.365317,0.7014,Mining
T45QUE,2021,1728,10560,22.445405,86.08575,0.7013,Mining
T45QUE,2021,1056,5760,22.502781,85.618755,0.7013,Mining
T45QUE,2021,8320,3776,21.845003,85.433212,0.7013,Mining
T45QUE,2021,96,3360,22.587303,85.384486,0.7012,Mining
T45QUE,2021,6976,3456,21.966084,85.400902,0.7012,Mining
T45QUE,2021,1888,4832,22.426844,85.529351,0.7012,Mining
T45QUE,2021,1984,1408,22.414805,85.196883,0.7012,Mining
T45QUE,2021,416,1280,22.556247,85.182604,0.7012,Mining
T45QUE,2021,8352,6752,21.844597,85.721153,0.7011,Mining
T45QUE,2021,32,3424,22.593145,85.390643,0.7011,Mining
T45QUE,2021,5504,10208,22.104121,86.053842,0.7011,Mining
T45QUE,2021,3104,6368,22.318308,85.679602,0.7011,Mining
T45QUE,2021,1856,10016,22.433535,86.032968,0.701,Mining
T45QUE,2021,992,5568,22.5084,85.600035,0.7009,Mining
T45QUE,2021,4064,8320,22.233028,85.869791,0.7009,Mining
T45QUE,2021,8192,2528,21.855371,85.312351,0.7009,Mining
T45QUE,2021,1408,3424,22.468887,85.392082,0.7009,Mining
T45QUE,2021,640,4736,22.539466,85.518827,0.7008,Mining
T45QUE,2021,4576,10240,22.187967,86.056385,0.7008,Mining
T45QUE,2021,9280,8448,21.761961,85.885896,0.7008,Mining
T45QUE,2021,6880,7232,21.97791,85.766449,0.7008,Mining
T45QUE,2021,1248,1568,22.481436,85.21157,0.7008,Mining
T45QUE,2021,2912,10624,22.33849,86.092663,0.7007,Mining
T45QUE,2021,2976,4064,22.327892,85.455833,0.7007,Mining
T45QUE,2021,9600,4960,21.730443,85.548918,0.7007,Mining
T45QUE,2021,6816,10048,21.985514,86.039132,0.7007,Mining
T45QUE,2021,1600,5664,22.45357,85.609915,0.7006,Mining
T45QUE,2021,6240,7008,22.035552,85.744248,0.7006,Mining
T45QUE,2021,4160,3296,22.220241,85.382516,0.7006,Mining
T45QUE,2021,1248,10336,22.488638,86.063692,0.7006,Mining
T45QUE,2021,4800,4160,22.163254,85.466946,0.7006,Mining
T45QUE,2021,4672,10528,22.179454,86.084376,0.7005,Mining
T45QUE,2021,288,3424,22.570028,85.390911,0.7005,Mining
T45QUE,2021,4512,10784,22.194045,86.109114,0.7004,Mining
T45QUE,2021,2144,4352,22.403293,85.482975,0.7004,Mining
T45QUE,2021,5440,9984,22.109775,86.032088,0.7004,Mining
T45QUE,2021,6624,2720,21.997163,85.329273,0.7004,Mining
T45QUE,2021,9568,6528,21.734593,85.700472,0.7003,Mining
T45QUE,2021,3616,10912,22.27505,86.121026,0.7003,Mining
T45QUE,2021,3712,8864,22.265182,85.922327,0.7003,Mining
T45QUE,2021,224,2592,22.574976,85.309943,0.7002,Mining
T45QUE,2021,6432,32,22.011641,85.068763,0.7002,Mining
T45QUE,2021,5600,352,22.087129,85.098745,0.7002,Mining
T45QUE,2021,1568,2880,22.453903,85.339398,0.7002,Mining
T45QUE,2021,224,1216,22.573513,85.176155,0.7002,Mining
T45QUE,2021,3008,6272,22.326902,85.670201,0.7002,Mining
T45QUE,2021,5280,6720,22.122045,85.715562,0.7002,Mining
T45QUE,2021,9664,6240,21.725701,85.672709,0.7001,Mining
T45QUE,2021,4384,10368,22.205382,86.068686,0.7001,Mining
T45QUE,2021,6048,2496,22.048957,85.306963,0.7001,Mining
T45QUE,2021,160,3392,22.581555,85.387665,0.7001,Mining
T45QUE,2021,3552,8608,22.279467,85.897371,0.7001,Mining
T45QUE,2021,5664,5824,22.086657,85.629043,0.7001,Mining
T45QUE,2021,2720,6272,22.352914,85.669954,0.7,Mining
T45QUE,2021,5440,6720,22.107594,85.715693,0.7,Mining
T45QUE,2021,5600,9152,22.094824,85.951542,0.6999,Mining
T45QUE,2021,4544,8544,22.189821,85.891864,0.6999,Mining
T45QUE,2021,3584,8928,22.276785,85.92845,0.6999,Mining
T45QUE,2021,704,3360,22.532399,85.385125,0.6998,Mining
T45QUE,2021,5600,5952,22.092541,85.641392,0.6998,Mining
T45QUE,2021,2688,1056,22.350852,85.163533,0.6998,Mining
T45QUE,2021,640,1344,22.536092,85.18909,0.6998,Mining
T45QUE,2021,5152,8224,22.134689,85.861269,0.6998,Mining
T45QUE,2021,2656,9888,22.361198,86.021037,0.6998,Mining
T45QUE,2021,6560,7712,22.007157,85.812693,0.6998,Mining
T45QUE,2021,4928,9248,22.155585,85.960402,0.6997,Mining
T45QUE,2021,2848,1440,22.336823,85.200994,0.6997,Mining
T45QUE,2021,288,6240,22.572536,85.664744,0.6997,Mining
T45QUE,2021,6656,9760,21.999802,86.011138,0.6997,Mining
T45QUE,2021,2048,4288,22.411905,85.476665,0.6997,Mining
T45QUE,2021,1824,5824,22.433473,85.62566,0.6997,Mining
T45QUE,2021,4480,8992,22.195892,85.935273,0.6996,Mining
T45QUE,2021,6976,3520,21.966144,85.407099,0.6996,Mining
T45QUE,2021,1472,2944,22.462636,85.345512,0.6996,Mining
T45QUE,2021,3136,4672,22.313993,85.515005,0.6996,Mining
T45QUE,2021,9152,7584,21.772939,85.802252,0.6996,Mining
T45QUE,2021,5248,6976,22.125129,85.740353,0.6996,Mining
T45QUE,2021,4768,10208,22.170605,86.053398,0.6995,Mining
T45QUE,2021,672,3424,22.535351,85.391313,0.6995,Mining
T45QUE,2021,10496,4672,21.649271,85.521905,0.6995,Mining
T45QUE,2021,8928,7744,21.793284,85.817559,0.6994,Mining
T45QUE,2021,4896,6656,22.15668,85.709042,0.6994,Mining
T45QUE,2021,1088,3904,22.498243,85.438397,0.6994,Mining
T45QUE,2021,5376,9088,22.115018,85.945188,0.6994,Mining
T45QUE,2021,160,6144,22.584019,85.655296,0.6994,Mining
T45QUE,2021,672,5376,22.537136,85.581078,0.6994,Mining
T45QUE,2021,5440,8672,22.108972,85.904905,0.6993,Mining
T45QUE,2021,2656,8960,22.360628,85.930917,0.6993,Mining
T45QUE,2021,1248,9952,22.488417,86.026366,0.6993,Mining
T45QUE,2021,1344,3232,22.474479,85.373359,0.6992,Mining
T45QUE,2021,3520,992,22.275656,85.158307,0.6992,Mining
T45QUE,2021,9536,3776,21.735181,85.434406,0.6992,Mining
T45QUE,2021,2240,4064,22.394359,85.4551,0.6992,Mining
T45QUE,2021,416,9888,22.563531,86.019615,0.6992,Mining
T45QUE,2021,2848,6144,22.34125,85.657636,0.6992,Mining
T45QUE,2021,6016,5248,22.054387,85.573542,0.6992,Mining
T45QUE,2021,2784,9184,22.349208,85.952757,0.6991,Mining
T45QUE,2021,992,4640,22.507591,85.509835,0.6991,Mining
T45QUE,2021,1664,10528,22.451169,86.082602,0.6991,Mining
T45QUE,2021,7264,7264,21.943248,85.769847,0.6991,Mining
T45QUE,2021,3008,5856,22.326566,85.629817,0.6991,Mining
T45QUE,2021,6048,7488,22.053245,85.790603,0.699,Mining
T45QUE,2021,7136,9504,21.956291,85.986648,0.699,Mining
T45QUE,2021,832,64,22.517308,85.06492,0.699,Mining
T45QUE,2021,2432,1696,22.374661,85.225366,0.699,Mining
T45QUE,2021,5600,7200,22.093501,85.762345,0.699,Mining
T45QUE,2021,6720,7744,21.992727,85.815913,0.6989,Mining
T45QUE,2021,3456,10496,22.28928,86.080556,0.6989,Mining
T45QUE,2021,4736,10208,22.173496,86.053378,0.6989,Mining
T45QUE,2021,4128,10688,22.228681,86.099581,0.6989,Mining
T45QUE,2021,640,5280,22.539944,85.571715,0.6989,Mining
T45QUE,2021,1632,64,22.445077,85.065924,0.6989,Mining
T45QUE,2021,7104,7328,21.957746,85.775919,0.6988,Mining
T45QUE,2021,3424,8640,22.29105,85.900386,0.6988,Mining
T45QUE,2021,960,1664,22.507544,85.220565,0.6988,Mining
T45QUE,2021,1312,5216,22.479199,85.566119,0.6988,Mining
T45QUE,2021,1408,512,22.465818,85.109164,0.6988,Mining
T45QUE,2021,4160,4128,22.221024,85.463214,0.6987,Mining
T45QUE,2021,5312,3584,22.116481,85.411618,0.6987,Mining
T45QUE,2021,3424,10560,22.292205,86.08675,0.6987,Mining
T45QUE,2021,5568,7264,22.096438,85.768523,0.6987,Mining
T45QUE,2021,2368,4608,22.383295,85.508055,0.6987,Mining
T45QUE,2021,4704,6432,22.173848,85.687162,0.6986,Mining
T45QUE,2021,5888,4352,22.065168,85.48661,0.6986,Mining
T45QUE,2021,4256,9760,22.216596,86.009625,0.6986,Mining
T45QUE,2021,5504,9952,22.103975,86.029026,0.6986,Mining
T45QUE,2021,864,32,22.514381,85.06185,0.6986,Mining
T45QUE,2021,5152,10208,22.135918,86.05363,0.6985,Mining
T45QUE,2021,1664,5632,22.447763,85.606864,0.6985,Mining
T45QUE,2021,0,7584,22.599581,85.795223,0.6985,Mining
T45QUE,2021,4992,8448,22.149291,85.882873,0.6985,Mining
T45QUE,2021,4896,10464,22.159185,86.078301,0.6985,Mining
T45QUE,2021,640,3456,22.538272,85.394391,0.6984,Mining
T45QUE,2021,1888,4992,22.426985,85.544894,0.6984,Mining
T45QUE,2021,4448,7648,22.197878,85.804888,0.6984,Mining
T45QUE,2021,3776,9696,22.259916,86.00311,0.6983,Mining
T45QUE,2021,224,2432,22.574812,85.294386,0.6983,Mining
T45QUE,2021,3328,1856,22.293923,85.241916,0.6982,Mining
T45QUE,2021,6720,6592,21.991884,85.70434,0.6982,Mining
T45QUE,2021,896,4192,22.515851,85.466196,0.6982,Mining
T45QUE,2021,2176,3904,22.399989,85.439497,0.6982,Mining
T45QUE,2021,6848,8672,21.981789,85.905884,0.6982,Mining
T45QUE,2021,3648,10688,22.272041,86.099304,0.6982,Mining
T45QUE,2021,8352,3808,21.842142,85.436339,0.6981,Mining
T45QUE,2021,800,6656,22.526625,85.705631,0.6981,Mining
T45QUE,2021,6240,3008,22.032123,85.356762,0.6981,Mining
T45QUE,2021,2656,6720,22.359045,85.7134,0.6981,Mining
T45QUE,2021,4928,4736,22.15221,85.522914,0.6981,Mining
T45QUE,2021,3168,6048,22.312272,85.648595,0.6981,Mining
T45QUE,2021,5984,10208,22.060761,86.054131,0.698,Mining
T45QUE,2021,9856,3136,21.705684,85.372866,0.698,Mining
T45QUE,2021,1920,9344,22.42735,85.967717,0.698,Mining
T45QUE,2021,5632,5056,22.088905,85.554587,0.698,Mining
T45QUE,2021,736,9664,22.534492,85.998039,0.698,Mining
T45QUE,2021,1760,5376,22.438877,85.582079,0.698,Mining
T45QUE,2021,3168,448,22.306832,85.105101,0.698,Mining
T45QUE,2021,6528,9312,22.011097,85.967659,0.6979,Mining
T45QUE,2021,9280,5248,21.759587,85.576474,0.6979,Mining
T45QUE,2021,4800,4384,22.163457,85.488664,0.6979,Mining
T45QUE,2021,32,10432,22.598531,86.072289,0.6978,Mining
T45QUE,2021,8224,7968,21.857029,85.838711,0.6978,Mining
T45QUE,2021,6912,6208,21.974244,85.667312,0.6978,Mining
T45QUE,2021,4032,10624,22.237319,86.093316,0.6978,Mining
T45QUE,2021,3872,5856,22.248532,85.630577,0.6978,Mining
T45QUE,2021,640,512,22.535161,85.108221,0.6978,Mining
T45QUE,2021,1248,4704,22.484529,85.516302,0.6977,Mining
T45QUE,2021,3872,1728,22.244665,85.230113,0.6977,Mining
T45QUE,2021,896,7232,22.518395,85.761706,0.6977,Mining
T45QUE,2021,4192,5632,22.219446,85.60913,0.6976,Mining
T45QUE,2021,5344,1280,22.111267,85.188362,0.6976,Mining
T45QUE,2021,5472,3136,22.101604,85.368364,0.6976,Mining
T45QUE,2021,1088,10304,22.503072,86.060484,0.6976,Mining
T45QUE,2021,6240,7072,22.0356,85.750448,0.6976,Mining
T45QUE,2021,5664,7520,22.087952,85.793409,0.6976,Mining
T45QUE,2021,6720,10176,21.994258,86.051472,0.6976,Mining
T45QUE,2021,2304,5920,22.390201,85.63541,0.6975,Mining
T45QUE,2021,5920,6816,22.064312,85.725388,0.6975,Mining
T45QUE,2021,3328,9408,22.300209,85.974867,0.6975,Mining
T45QUE,2021,2720,1248,22.348173,85.182208,0.6975,Mining
T45QUE,2021,992,5536,22.508373,85.596925,0.6975,Mining
T45QUE,2021,1280,8352,22.484512,85.87087,0.6975,Mining
T45QUE,2021,6560,6272,22.006087,85.673214,0.6975,Mining
T45QUE,2021,3040,10144,22.32666,86.046134,0.6974,Mining
T45QUE,2021,480,992,22.55015,85.154684,0.6974,Mining
T45QUE,2021,6368,5600,22.022889,85.607957,0.6974,Mining
T45QUE,2021,6752,8256,21.990187,85.865526,0.6973,Mining
T45QUE,2021,4800,3808,22.162929,85.432817,0.6973,Mining
T45QUE,2021,5728,9248,22.083322,85.960932,0.6973,Mining
T45QUE,2021,1056,1248,22.498424,85.180251,0.6973,Mining
T45QUE,2021,2624,416,22.355914,85.101331,0.6973,Mining
T45QUE,2021,1568,9696,22.45936,86.001689,0.6973,Mining
T45QUE,2021,3872,5344,22.248106,85.580903,0.6972,Mining
T45QUE,2021,3456,5248,22.285595,85.571207,0.6972,Mining
T45QUE,2021,3936,1184,22.238302,85.177421,0.6972,Mining
T45QUE,2021,5632,3168,22.087185,85.371631,0.6972,Mining
T45QUE,2021,768,3392,22.526651,85.388303,0.6972,Mining
T45QUE,2021,3104,4768,22.316969,85.524292,0.6972,Mining
T45QUE,2021,3360,8448,22.296703,85.881704,0.6971,Mining
T45QUE,2021,6208,10112,22.040473,86.044963,0.6971,Mining
T45QUE,2021,608,9856,22.546169,86.016626,0.6971,Mining
T45QUE,2021,2592,8096,22.365833,85.846968,0.6971,Mining
T45QUE,2021,1184,6688,22.491969,85.709064,0.697,Mining
T45QUE,2021,7168,9504,21.9534,85.986669,0.697,Mining
T45QUE,2021,544,4480,22.547904,85.493845,0.697,Mining
T45QUE,2021,384,2240,22.560165,85.275897,0.697,Mining
T45QUE,2021,288,6048,22.57238,85.646072,0.697,Mining
T45QUE,2021,5152,4864,22.132091,85.535533,0.697,Mining
T45QUE,2021,6368,7360,22.024249,85.778449,0.697,Mining
T45QUE,2021,1248,9920,22.488398,86.023255,0.6969,Mining
T45QUE,2021,10144,3776,21.680269,85.435,0.6969,Mining
T45QUE,2021,3040,5664,22.323517,85.611207,0.6969,Mining
T45QUE,2021,4736,8032,22.172133,85.842347,0.6969,Mining
T45QUE,2021,5408,6016,22.109933,85.647429,0.6968,Mining
T45QUE,2021,5152,7328,22.13406,85.774402,0.6968,Mining
T45QUE,2021,5568,4224,22.093953,85.473898,0.6968,Mining
T45QUE,2021,512,9088,22.554367,85.941878,0.6968,Mining
T45QUE,2021,3488,2688,22.280329,85.322823,0.6967,Mining
T45QUE,2021,4352,6912,22.206009,85.733424,0.6967,Mining
T45QUE,2021,2528,800,22.365015,85.138491,0.6966,Mining
T45QUE,2021,1408,7104,22.472056,85.749679,0.6966,Mining
T45QUE,2021,3168,6240,22.312426,85.667231,0.6966,Mining
T45QUE,2021,6816,2176,21.979279,85.276804,0.6966,Mining
T45QUE,2021,704,7520,22.53595,85.789553,0.6966,Mining
T45QUE,2021,32,4864,22.594488,85.530689,0.6966,Mining
T45QUE,2021,4768,5344,22.167183,85.581716,0.6966,Mining
T45QUE,2021,5312,10400,22.121571,86.07234,0.6966,Mining
T45QUE,2021,5408,10112,22.112739,86.044477,0.6965,Mining
T45QUE,2021,8832,5664,21.800393,85.616308,0.6965,Mining
T45QUE,2021,3392,7040,22.292814,85.745067,0.6965,Mining
T45QUE,2021,768,9632,22.531583,85.994948,0.6964,Mining
T45QUE,2021,4512,7424,22.191936,85.783212,0.6963,Mining
T45QUE,2021,10496,4608,21.649216,85.515721,0.6963,Mining
T45QUE,2021,800,5568,22.52574,85.599861,0.6963,Mining
T45QUE,2021,2400,7488,22.382743,85.787775,0.6963,Mining
T45QUE,2021,4448,864,22.19172,85.146991,0.6963,Mining
T45QUE,2021,832,704,22.518044,85.127117,0.6962,Mining
T45QUE,2021,5856,8992,22.0716,85.936207,0.6962,Mining
T45QUE,2021,4608,6208,22.182342,85.665358,0.6961,Mining
T45QUE,2021,2432,3168,22.376166,85.368289,0.6961,Mining
T45QUE,2021,7264,8256,21.943939,85.865893,0.6961,Mining
T45QUE,2021,3712,9984,22.265866,86.031018,0.6961,Mining
T45QUE,2021,7584,8032,21.914883,85.844438,0.6961,Mining
T45QUE,2021,3936,1152,22.238268,85.174317,0.6961,Mining
T45QUE,2021,5504,10336,22.104192,86.06625,0.6961,Mining
T45QUE,2021,1408,7296,22.4722,85.768338,0.696,Mining
T45QUE,2021,2336,7680,22.388662,85.806373,0.696,Mining
T45QUE,2021,704,9568,22.537324,85.988683,0.696,Mining
T45QUE,2021,6688,8096,21.99586,85.849982,0.6959,Mining
T45QUE,2021,5984,4480,22.056612,85.499104,0.6959,Mining
T45QUE,2021,2784,5824,22.34677,85.626512,0.6959,Mining
T45QUE,2021,192,1952,22.577199,85.247678,0.6959,Mining
T45QUE,2021,5184,10016,22.132918,86.035033,0.6959,Mining
T45QUE,2021,1760,3456,22.437131,85.395557,0.6958,Mining
T45QUE,2021,2752,4512,22.34853,85.499104,0.6958,Mining
T45QUE,2021,928,4704,22.513428,85.515994,0.6958,Mining
T45QUE,2021,1760,10336,22.44239,86.064002,0.6958,Mining
T45QUE,2021,1280,7520,22.483925,85.790006,0.6958,Mining
T45QUE,2021,4928,6624,22.153765,85.705966,0.6958,Mining
T45QUE,2021,448,1536,22.553637,85.207529,0.6957,Mining
T45QUE,2021,2016,5376,22.415756,85.582314,0.6957,Mining
T45QUE,2021,992,10144,22.511652,86.04487,0.6957,Mining
T45QUE,2021,1792,3552,22.434333,85.404916,0.6956,Mining
T45QUE,2021,5664,4256,22.085312,85.477092,0.6956,Mining
T45QUE,2021,320,3136,22.566855,85.362942,0.6955,Mining
T45QUE,2021,3104,320,22.312465,85.092602,0.6955,Mining
T45QUE,2021,8416,8480,21.840027,85.888388,0.6955,Mining
T45QUE,2021,5824,9632,22.074882,85.99821,0.6955,Mining
T45QUE,2021,576,1088,22.541589,85.16413,0.6955,Mining
T45QUE,2021,5600,9216,22.094864,85.957745,0.6954,Mining
T45QUE,2021,1088,10432,22.503145,86.072927,0.6954,Mining
T45QUE,2021,6432,6976,22.018187,85.741301,0.6954,Mining
T45QUE,2021,4896,6624,22.156655,85.705939,0.6954,Mining
T45QUE,2021,9568,7744,21.735473,85.818032,0.6954,Mining
T45QUE,2021,7808,1056,21.888527,85.169514,0.6954,Mining
T45QUE,2021,2624,7488,22.362511,85.78795,0.6954,Mining
T45QUE,2021,8480,6560,21.83289,85.702681,0.6953,Mining
T45QUE,2021,6272,8480,22.033693,85.886882,0.6953,Mining
T45QUE,2021,4704,9984,22.176259,86.031634,0.6953,Mining
T45QUE,2021,4256,10752,22.217153,86.105864,0.6953,Mining
T45QUE,2021,3584,9664,22.27724,85.999881,0.6953,Mining
T45QUE,2021,9408,6624,21.749117,85.709623,0.6952,Mining
T45QUE,2021,7808,1920,21.889435,85.253112,0.6952,Mining
T45QUE,2021,3040,1024,22.319033,85.160844,0.6952,Mining
T45QUE,2021,2400,1376,22.377207,85.194261,0.6952,Mining
T45QUE,2021,1056,1216,22.498389,85.177141,0.6952,Mining
T45QUE,2021,8512,8032,21.831058,85.845113,0.6952,Mining
T45QUE,2021,1184,7296,22.492431,85.768159,0.6952,Mining
T45QUE,2021,3680,5920,22.265925,85.636619,0.6952,Mining
T45QUE,2021,2240,4992,22.395195,85.545225,0.6952,Mining
T45QUE,2021,5216,7488,22.128395,85.789963,0.6952,Mining
T45QUE,2021,3872,10496,22.251702,86.080802,0.6952,Mining
T45QUE,2021,1536,928,22.454729,85.149732,0.6951,Mining
T45QUE,2021,7680,2080,21.901158,85.268454,0.6951,Mining
T45QUE,2021,4000,6112,22.237179,85.655525,0.6951,Mining
T45QUE,2021,8672,7584,21.816296,85.801891,0.6951,Mining
T45QUE,2021,3936,32,22.237011,85.065689,0.6951,Mining
T45QUE,2021,3744,4384,22.258826,85.487642,0.6951,Mining
T45QUE,2021,544,992,22.544371,85.154761,0.6951,Mining
T45QUE,2021,32,1312,22.590955,85.185261,0.6951,Mining
T45QUE,2021,3840,7712,22.25284,85.810633,0.6951,Mining
T45QUE,2021,7072,3744,21.957684,85.428881,0.6951,Mining
T45QUE,2021,6624,6048,22.00013,85.651573,0.695,Mining
T45QUE,2021,3552,9760,22.280188,86.009178,0.695,Mining
T45QUE,2021,7872,2880,21.884615,85.346071,0.6949,Mining
T45QUE,2021,5408,8576,22.1118,85.895577,0.6949,Mining
T45QUE,2021,3552,9344,22.279936,85.968803,0.6949,Mining
T45QUE,2021,320,2400,22.56611,85.291381,0.6948,Mining
T45QUE,2021,3936,10080,22.245688,86.040473,0.6948,Mining
T45QUE,2021,8928,3872,21.79018,85.443093,0.6948,Mining
T45QUE,2021,3424,9504,22.291596,85.984248,0.6948,Mining
T45QUE,2021,6816,10112,21.98555,86.045331,0.6948,Mining
T45QUE,2021,4448,2528,22.193476,85.30834,0.6948,Mining
T45QUE,2021,7264,8000,21.943766,85.841106,0.6948,Mining
T45QUE,2021,5568,10528,22.098516,86.084899,0.6948,Mining
T45QUE,2021,1344,7552,22.478168,85.793166,0.6947,Mining
T45QUE,2021,2944,7936,22.333928,85.831695,0.6947,Mining
T45QUE,2021,7488,1920,21.918333,85.25276,0.6946,Mining
T45QUE,2021,1728,6208,22.442456,85.662883,0.6946,Mining
T45QUE,2021,6944,6528,21.971602,85.698326,0.6946,Mining
T45QUE,2021,2752,5856,22.349687,85.629591,0.6946,Mining
T45QUE,2021,4736,4480,22.169323,85.49791,0.6945,Mining
T45QUE,2021,1536,6208,22.459797,85.662717,0.6945,Mining
T45QUE,2021,2016,8384,22.418056,85.874517,0.6944,Mining
T45QUE,2021,2976,704,22.324456,85.129712,0.6944,Mining
T45QUE,2021,3456,4224,22.28469,85.471836,0.6944,Mining
T45QUE,2021,2272,6080,22.393221,85.650922,0.6943,Mining
T45QUE,2021,7072,3584,21.957535,85.413391,0.6942,Mining
T45QUE,2021,96,4032,22.587947,85.449837,0.6942,Mining
T45QUE,2021,128,448,22.581316,85.101368,0.6942,Mining
T45QUE,2021,3360,10560,22.297987,86.086712,0.6942,Mining
T45QUE,2021,736,10080,22.534739,86.038488,0.6942,Mining
T45QUE,2021,3200,5632,22.30904,85.608244,0.6942,Mining
T45QUE,2021,8128,3616,21.862195,85.417543,0.6942,Mining
T45QUE,2021,2560,64,22.361288,85.067083,0.6942,Mining
T45QUE,2021,704,4352,22.533338,85.481558,0.6941,Mining
T45QUE,2021,1088,7008,22.500885,85.740088,0.6941,Mining
T45QUE,2021,6272,6208,22.03205,85.666772,0.6941,Mining
T45QUE,2021,3616,10880,22.275034,86.11792,0.6941,Mining
T45QUE,2021,672,4416,22.536286,85.487749,0.6941,Mining
T45QUE,2021,1248,10624,22.488798,86.091686,0.694,Mining
T45QUE,2021,672,2080,22.533992,85.260667,0.694,Mining
T45QUE,2021,3136,256,22.309502,85.086431,0.694,Mining
T45QUE,2021,5600,7104,22.09343,85.753041,0.694,Mining
T45QUE,2021,6176,8160,22.042151,85.85581,0.694,Mining
T45QUE,2021,1504,6400,22.462841,85.681346,0.694,Mining
T45QUE,2021,3264,256,22.297945,85.086588,0.694,Mining
T45QUE,2021,160,7744,22.585246,85.810911,0.6939,Mining
T45QUE,2021,3968,10208,22.24287,86.052913,0.6939,Mining
T45QUE,2021,4608,9824,22.184837,86.016056,0.6939,Mining
T45QUE,2021,2432,4640,22.377544,85.511224,0.6939,Mining
T45QUE,2021,448,8608,22.559833,85.895155,0.6939,Mining
T45QUE,2021,3648,10592,22.271989,86.089987,0.6939,Mining
T45QUE,2021,1312,256,22.474192,85.084176,0.6939,Mining
T45QUE,2021,768,6112,22.529081,85.652717,0.6938,Mining
T45QUE,2021,5024,8480,22.146422,85.885998,0.6938,Mining
T45QUE,2021,2016,4736,22.415199,85.520148,0.6938,Mining
T45QUE,2021,5376,8096,22.114369,85.849024,0.6938,Mining
T45QUE,2021,6144,3680,22.041433,85.421758,0.6938,Mining
T45QUE,2021,4544,7776,22.189297,85.817376,0.6938,Mining
T45QUE,2021,160,6784,22.584528,85.717541,0.6937,Mining
T45QUE,2021,1888,6560,22.428285,85.697218,0.6936,Mining
T45QUE,2021,3552,3360,22.27521,85.388095,0.6936,Mining
T45QUE,2021,1216,6880,22.489227,85.727752,0.6936,Mining
T45QUE,2021,1024,8544,22.507765,85.889347,0.6936,Mining
T45QUE,2021,3040,3680,22.321753,85.418624,0.6936,Mining
T45QUE,2021,2592,5856,22.364137,85.629449,0.6936,Mining
T45QUE,2021,832,10112,22.526086,86.041659,0.6936,Mining
T45QUE,2021,832,10304,22.526196,86.060327,0.6936,Mining
T45QUE,2021,8640,4064,21.816364,85.461382,0.6936,Mining
T45QUE,2021,5824,7520,22.0735,85.793532,0.6935,Mining
T45QUE,2021,4544,7872,22.189365,85.826687,0.6935,Mining
T45QUE,2021,2624,3648,22.35929,85.415093,0.6935,Mining
T45QUE,2021,4000,3616,22.234996,85.41339,0.6934,Mining
T45QUE,2021,5536,896,22.093512,85.151377,0.6934,Mining
T45QUE,2021,6464,4224,22.013032,85.474766,0.6934,Mining
T45QUE,2021,7424,1568,21.923747,85.218622,0.6934,Mining
T45QUE,2021,160,9664,22.58652,85.997663,0.6934,Mining
T45QUE,2021,9568,7776,21.735496,85.821126,0.6933,Mining
T45QUE,2021,5856,9600,22.071973,85.99513,0.6933,Mining
T45QUE,2021,5696,8672,22.085848,85.905084,0.6933,Mining
T45QUE,2021,1472,9728,22.468051,86.004737,0.6932,Mining
T45QUE,2021,288,1216,22.567735,85.176231,0.6932,Mining
T45QUE,2021,4224,8928,22.218975,85.92889,0.6932,Mining
T45QUE,2021,3904,3008,22.24308,85.354312,0.6931,Mining
T45QUE,2021,3904,2752,22.242826,85.329479,0.6931,Mining
T45QUE,2021,800,7776,22.527464,85.814518,0.6931,Mining
T45QUE,2021,8160,2432,21.858165,85.30303,0.6931,Mining
T45QUE,2021,2528,1632,22.365924,85.219263,0.693,Mining
T45QUE,2021,1952,7936,22.423528,85.830947,0.693,Mining
T45QUE,2021,5344,9952,22.118428,86.028927,0.693,Mining
T45QUE,2021,2848,9920,22.343874,86.024265,0.693,Mining
T45QUE,2021,640,5504,22.540136,85.593493,0.6929,Mining
T45QUE,2021,4000,9952,22.239833,86.028093,0.6929,Mining
T45QUE,2021,3456,3264,22.283786,85.37868,0.6929,Mining
T45QUE,2021,3232,3904,22.304624,85.440559,0.6929,Mining
T45QUE,2021,4192,5152,22.219042,85.56257,0.6929,Mining
T45QUE,2021,800,992,22.521256,85.155068,0.6928,Mining
T45QUE,2021,992,2336,22.505363,85.285908,0.6928,Mining
T45QUE,2021,6144,8416,22.045213,85.880591,0.6928,Mining
T45QUE,2021,5120,6560,22.136374,85.69992,0.6927,Mining
T45QUE,2021,5472,4960,22.103273,85.545136,0.6927,Mining
T45QUE,2021,7424,7584,21.929025,85.80095,0.6927,Mining
T45QUE,2021,0,3200,22.595815,85.368824,0.6926,Mining
T45QUE,2021,6368,6976,22.023967,85.74125,0.6926,Mining
T45QUE,2021,10176,6080,21.67933,85.657671,0.6926,Mining
T45QUE,2021,2976,8640,22.331516,85.900069,0.6926,Mining
T45QUE,2021,3456,7616,22.287456,85.801022,0.6926,Mining
T45QUE,2021,96,1504,22.585387,85.204006,0.6926,Mining
T45QUE,2021,96,1472,22.585352,85.200895,0.6926,Mining
T45QUE,2021,256,5376,22.574706,85.580693,0.6925,Mining
T45QUE,2021,2528,10880,22.373314,86.117302,0.6925,Mining
T45QUE,2021,5248,10688,22.127509,86.100225,0.6925,Mining
T45QUE,2021,5536,6944,22.099092,85.737483,0.6925,Mining
T45QUE,2021,5664,2080,22.083211,85.266243,0.6925,Mining
T45QUE,2021,704,1088,22.530031,85.164283,0.6925,Mining
T45QUE,2021,5600,4032,22.090888,85.455323,0.6925,Mining
T45QUE,2021,576,4224,22.544779,85.468988,0.6925,Mining
T45QUE,2021,1760,7808,22.440779,85.818365,0.6925,Mining
T45QUE,2021,9184,5088,21.768124,85.560918,0.6925,Mining
T45QUE,2021,2816,9696,22.346632,86.002494,0.6924,Mining
T45QUE,2021,8416,5792,21.83807,85.62833,0.6924,Mining
T45QUE,2021,4864,4736,22.15799,85.522854,0.6924,Mining
T45QUE,2021,6144,3936,22.04167,85.446557,0.6924,Mining
T45QUE,2021,8352,8672,21.845933,85.906921,0.6924,Mining
T45QUE,2021,4224,2144,22.213313,85.270856,0.6924,Mining
T45QUE,2021,5664,8832,22.088841,85.920569,0.6923,Mining
T45QUE,2021,1248,864,22.480662,85.143168,0.6923,Mining
T45QUE,2021,5312,416,22.113206,85.104599,0.6923,Mining
T45QUE,2021,1952,8064,22.423617,85.843382,0.6922,Mining
T45QUE,2021,6784,7872,21.987035,85.828358,0.6922,Mining
T45QUE,2021,4992,6368,22.147785,85.681198,0.6922,Mining
T45QUE,2021,7264,7680,21.943545,85.810124,0.6922,Mining
T45QUE,2021,1120,928,22.492291,85.149232,0.6922,Mining
T45QUE,2021,3360,4576,22.293678,85.505902,0.6922,Mining
T45QUE,2021,3360,7776,22.296241,85.816478,0.6922,Mining
T45QUE,2021,5824,320,22.066867,85.095916,0.6922,Mining
T45QUE,2021,448,544,22.552533,85.111096,0.6922,Mining
T45QUE,2021,2400,3136,22.379024,85.365148,0.6921,Mining
T45QUE,2021,5632,8512,22.091524,85.889531,0.6921,Mining
T45QUE,2021,8736,3616,21.807285,85.418147,0.6921,Mining
T45QUE,2021,4288,8896,22.213174,85.925829,0.6921,Mining
T45QUE,2021,4672,10208,22.179277,86.053339,0.6921,Mining
T45QUE,2021,704,640,22.529528,85.120741,0.6921,Mining
T45QUE,2021,4800,4352,22.163428,85.485561,0.692,Mining
T45QUE,2021,608,3040,22.540753,85.353916,0.692,Mining
T45QUE,2021,7296,8000,21.940876,85.84113,0.692,Mining
T45QUE,2021,10048,8512,21.692628,85.892616,0.692,Mining
T45QUE,2021,0,7616,22.599604,85.798336,0.692,Mining
T45QUE,2021,2080,3328,22.408109,85.383458,0.692,Mining
T45QUE,2021,5440,8864,22.109096,85.923517,0.692,Mining
T45QUE,2021,7744,2560,21.89586,85.314972,0.692,Mining
T45QUE,2021,672,3968,22.535871,85.444197,0.6919,Mining
T45QUE,2021,2016,10912,22.41958,86.120119,0.6919,Mining
T45QUE,2021,864,3872,22.518442,85.435059,0.6919,Mining
T45QUE,2021,3968,10752,22.243169,86.105699,0.6918,Mining
T45QUE,2021,1632,2688,22.447931,85.320814,0.6918,Mining
T45QUE,2021,4096,10912,22.231691,86.121296,0.6918,Mining
T45QUE,2021,5792,6336,22.075504,85.678769,0.6918,Mining
T45QUE,2021,1856,5248,22.430097,85.569733,0.6918,Mining
T45QUE,2021,3520,9824,22.283116,86.01537,0.6917,Mining
T45QUE,2021,4608,448,22.176809,85.10685,0.6917,Mining
T45QUE,2021,9376,1056,21.746934,85.171314,0.6917,Mining
T45QUE,2021,7136,9600,21.956348,85.995944,0.6917,Mining
T45QUE,2021,2240,4256,22.394536,85.473746,0.6917,Mining
T45QUE,2021,2336,1472,22.38309,85.203507,0.6916,Mining
T45QUE,2021,992,5440,22.508291,85.587594,0.6916,Mining
T45QUE,2021,288,3808,22.570397,85.42825,0.6916,Mining
T45QUE,2021,6784,3392,21.983363,85.394511,0.6916,Mining
T45QUE,2021,4928,384,22.147843,85.101033,0.6916,Mining
T45QUE,2021,2560,288,22.361547,85.088827,0.6916,Mining
T45QUE,2021,64,2496,22.589326,85.300432,0.6916,Mining
T45QUE,2021,2208,7744,22.400269,85.812491,0.6916,Mining
T45QUE,2021,800,1248,22.521539,85.179948,0.6915,Mining
T45QUE,2021,576,5920,22.546264,85.633881,0.6915,Mining
T45QUE,2021,4640,10592,22.18238,86.090565,0.6915,Mining
T45QUE,2021,5920,9568,22.066172,85.992069,0.6915,Mining
T45QUE,2021,6688,3360,21.992003,85.391314,0.6915,Mining
T45QUE,2021,3424,384,22.283644,85.099204,0.6915,Mining
T45QUE,2021,6528,2176,22.005287,85.27649,0.6914,Mining
T45QUE,2021,1792,9696,22.439127,86.001834,0.6914,Mining
T45QUE,2021,7232,5632,21.944879,85.611816,0.6914,Mining
T45QUE,2021,4672,2976,22.173693,85.352018,0.6914,Mining
T45QUE,2021,5824,7424,22.073432,85.784229,0.6914,Mining
T45QUE,2021,5312,9664,22.121151,86.000986,0.6914,Mining
T45QUE,2021,7360,3616,21.931555,85.416777,0.6914,Mining
T45QUE,2021,3840,7264,22.252516,85.767163,0.6913,Mining
T45QUE,2021,3872,10464,22.251685,86.077696,0.6913,Mining
T45QUE,2021,4768,5536,22.167344,85.600333,0.6913,Mining
T45QUE,2021,6624,3488,21.997904,85.403645,0.6913,Mining
T45QUE,2021,2624,4448,22.360032,85.492766,0.6912,Mining
T45QUE,2021,7488,5312,21.921493,85.581065,0.6912,Mining
T45QUE,2021,1024,1056,22.501102,85.161555,0.6912,Mining
T45QUE,2021,1056,6368,22.503277,85.677852,0.6912,Mining
T45QUE,2021,4160,8736,22.224632,85.910219,0.6911,Mining
T45QUE,2021,1408,3712,22.469164,85.420065,0.6911,Mining
T45QUE,2021,7072,6720,21.960187,85.717022,0.6911,Mining
T45QUE,2021,2720,9888,22.355417,86.021077,0.6911,Mining
T45QUE,2021,4576,10720,22.18823,86.102943,0.6911,Mining
T45QUE,2021,2848,832,22.336157,85.141981,0.6911,Mining
T45QUE,2021,3232,3712,22.304444,85.421925,0.6911,Mining
T45QUE,2021,7392,7648,21.93196,85.807122,0.6911,Mining
T45QUE,2021,3680,10688,22.26915,86.099322,0.6911,Mining
T45QUE,2021,6464,7360,22.015578,85.778523,0.691,Mining
T45QUE,2021,4320,4672,22.207064,85.516133,0.691,Mining
T45QUE,2021,4224,8160,22.218468,85.854385,0.691,Mining
T45QUE,2021,6208,9280,22.039983,85.964349,0.691,Mining
T45QUE,2021,3008,10240,22.329605,86.055435,0.691,Mining
T45QUE,2021,6048,5824,22.051974,85.629377,0.691,Mining
T45QUE,2021,5152,3456,22.130809,85.399049,0.6909,Mining
T45QUE,2021,2496,5728,22.372702,85.616935,0.6909,Mining
T45QUE,2021,6784,5696,21.985395,85.617621,0.6909,Mining
T45QUE,2021,3872,6304,22.248893,85.674043,0.6909,Mining
T45QUE,2021,2400,9952,22.384359,86.027092,0.6909,Mining
T45QUE,2021,2208,2432,22.395657,85.29658,0.6909,Mining
T45QUE,2021,768,9376,22.531425,85.970057,0.6909,Mining
T45QUE,2021,384,6144,22.563788,85.655492,0.6909,Mining
T45QUE,2021,5312,6048,22.11863,85.650448,0.6909,Mining
T45QUE,2021,6208,4672,22.036551,85.517917,0.6908,Mining
T45QUE,2021,1024,1376,22.501454,85.192652,0.6908,Mining
T45QUE,2021,6560,6592,22.006335,85.704209,0.6908,Mining
T45QUE,2021,8448,5312,21.834787,85.581922,0.6908,Mining
T45QUE,2021,4960,9216,22.152675,85.95732,0.6908,Mining
T45QUE,2021,8032,6816,21.873549,85.727089,0.6908,Mining
T45QUE,2021,3776,9664,22.259897,86.000004,0.6908,Mining
T45QUE,2021,6304,704,22.023953,85.133684,0.6908,Mining
T45QUE,2021,8768,8544,21.808273,85.894825,0.6908,Mining
T45QUE,2021,4736,4256,22.169121,85.476191,0.6907,Mining
T45QUE,2021,5504,9120,22.103476,85.948376,0.6907,Mining
T45QUE,2021,416,2368,22.557408,85.288377,0.6907,Mining
T45QUE,2021,3744,3008,22.257528,85.354143,0.6907,Mining
T45QUE,2021,4320,9504,22.210662,85.984832,0.6907,Mining
T45QUE,2021,3104,10880,22.321283,86.11763,0.6907,Mining
T45QUE,2021,6112,768,22.041361,85.139655,0.6907,Mining
T45QUE,2021,5792,9696,22.077811,86.004393,0.6907,Mining
T45QUE,2021,5056,8352,22.143446,85.87361,0.6907,Mining
T45QUE,2021,1536,2944,22.456856,85.345581,0.6906,Mining
T45QUE,2021,7168,6464,21.951321,85.692314,0.6906,Mining
T45QUE,2021,736,6112,22.531972,85.652689,0.6906,Mining
T45QUE,2021,928,4992,22.513683,85.543988,0.6905,Mining
T45QUE,2021,5984,7296,22.058887,85.77195,0.6905,Mining
T45QUE,2021,3776,8544,22.259192,85.891319,0.6905,Mining
T45QUE,2021,768,5152,22.528273,85.55939,0.6905,Mining
T45QUE,2021,3136,5856,22.315005,85.62993,0.6905,Mining
T45QUE,2021,4480,10080,22.196548,86.040807,0.6904,Mining
T45QUE,2021,2848,4352,22.339715,85.483664,0.6904,Mining
T45QUE,2021,4352,5632,22.204996,85.609272,0.6904,Mining
T45QUE,2021,3168,4064,22.310552,85.456024,0.6904,Mining
T45QUE,2021,2944,4576,22.331248,85.505502,0.6904,Mining
T45QUE,2021,7008,3296,21.963043,85.385444,0.6904,Mining
T45QUE,2021,640,2112,22.536915,85.263742,0.6904,Mining
T45QUE,2021,5856,7424,22.070541,85.784254,0.6903,Mining
T45QUE,2021,6464,4256,22.013061,85.477865,0.6903,Mining
T45QUE,2021,6752,8544,21.990378,85.89342,0.6903,Mining
T45QUE,2021,0,3424,22.596035,85.390609,0.6903,Mining
T45QUE,2021,384,3648,22.561575,85.412791,0.6903,Mining
T45QUE,2021,6528,8160,22.010356,85.856065,0.6902,Mining
T45QUE,2021,2976,3872,22.327713,85.437196,0.6902,Mining
T45QUE,2021,4416,10848,22.202751,86.115268,0.6902,Mining
T45QUE,2021,7392,4512,21.929477,85.503539,0.6902,Mining
T45QUE,2021,4704,9312,22.175858,85.96646,0.6902,Mining
T45QUE,2021,3744,4032,22.258505,85.45349,0.6902,Mining
T45QUE,2021,1024,2912,22.503059,85.341922,0.6902,Mining
T45QUE,2021,5024,10560,22.147675,86.087685,0.6902,Mining
T45QUE,2021,640,6816,22.5412,85.721053,0.6901,Mining
T45QUE,2021,5600,4064,22.090917,85.458424,0.6901,Mining
T45QUE,2021,2656,3168,22.355937,85.368525,0.69,Mining
T45QUE,2021,1184,2048,22.487725,85.258136,0.69,Mining
T45QUE,2021,6176,8448,22.042344,85.883714,0.69,Mining
T45QUE,2021,3072,4160,22.319311,85.465246,0.69,Mining
T45QUE,2021,928,1728,22.510502,85.226748,0.69,Mining
T45QUE,2021,1504,3808,22.460585,85.429491,0.69,Mining
T45QUE,2021,2240,5952,22.396007,85.638462,0.69,Mining
T45QUE,2021,2176,3328,22.39944,85.383558,0.6899,Mining
T45QUE,2021,4384,10336,22.205364,86.065582,0.6899,Mining
T45QUE,2021,3520,10560,22.283534,86.086806,0.6899,Mining
T45QUE,2021,2560,0,22.361214,85.060871,0.6899,Mining
T45QUE,2021,4096,2688,22.225424,85.323477,0.6899,Mining
T45QUE,2021,7296,6240,21.939586,85.670733,0.6899,Mining
T45QUE,2021,5632,6752,22.090276,85.718952,0.6899,Mining
T45QUE,2021,1920,3776,22.422987,85.426806,0.6898,Mining
T45QUE,2021,3744,5856,22.260093,85.630465,0.6898,Mining
T45QUE,2021,4960,10720,22.153542,86.103163,0.6898,Mining
T45QUE,2021,8512,4224,21.828068,85.476735,0.6898,Mining
T45QUE,2021,7584,3680,21.911384,85.423195,0.6898,Mining
T45QUE,2021,5792,7328,22.076252,85.774901,0.6897,Mining
T45QUE,2021,9664,3520,21.723385,85.409787,0.6897,Mining
T45QUE,2021,3232,5696,22.306203,85.614484,0.6897,Mining
T45QUE,2021,416,96,22.554905,85.067507,0.6897,Mining
T45QUE,2021,1568,8448,22.458564,85.88041,0.6897,Mining
T45QUE,2021,4000,3456,22.234844,85.39787,0.6896,Mining
T45QUE,2021,2656,6272,22.358694,85.669899,0.6896,Mining
T45QUE,2021,5792,4160,22.073665,85.467914,0.6896,Mining
T45QUE,2021,6976,7616,21.969514,85.803709,0.6896,Mining
T45QUE,2021,3648,6880,22.269571,85.729747,0.6896,Mining
T45QUE,2021,7808,8960,21.895255,85.934423,0.6896,Mining
T45QUE,2021,3872,9824,22.25132,86.015592,0.6896,Mining
T45QUE,2021,5568,9728,22.098064,86.007353,0.6896,Mining
T45QUE,2021,3104,2752,22.315069,85.328621,0.6896,Mining
T45QUE,2021,10112,5696,21.684806,85.620507,0.6895,Mining
T45QUE,2021,2720,4192,22.351129,85.468005,0.6895,Mining
T45QUE,2021,5152,4736,22.131979,85.523125,0.6895,Mining
T45QUE,2021,1312,3040,22.47718,85.354669,0.6895,Mining
T45QUE,2021,6912,5824,21.973938,85.630127,0.6894,Mining
T45QUE,2021,3008,8960,22.328833,85.93116,0.6894,Mining
T45QUE,2021,2496,9440,22.375381,85.977425,0.6894,Mining
T45QUE,2021,800,7808,22.527487,85.817629,0.6894,Mining
T45QUE,2021,4480,10432,22.196745,86.074951,0.6893,Mining
T45QUE,2021,5344,10112,22.11852,86.044438,0.6893,Mining
T45QUE,2021,576,5952,22.546291,85.636992,0.6893,Mining
T45QUE,2021,3584,9504,22.277144,85.984353,0.6893,Mining
T45QUE,2021,2912,9536,22.337864,85.987021,0.6892,Mining
T45QUE,2021,4096,10784,22.231623,86.108877,0.6892,Mining
T45QUE,2021,2144,10752,22.407933,86.104648,0.6892,Mining
T45QUE,2021,4928,7776,22.154613,85.817666,0.6892,Mining
T45QUE,2021,7712,6336,21.902086,85.680374,0.6892,Mining
T45QUE,2021,5024,8512,22.146443,85.889101,0.6891,Mining
T45QUE,2021,5760,10464,22.081138,86.078808,0.6891,Mining
T45QUE,2021,8288,4832,21.848832,85.535341,0.6891,Mining
T45QUE,2021,3936,5792,22.242699,85.624424,0.689,Mining
T45QUE,2021,5152,8288,22.134732,85.867474,0.689,Mining
T45QUE,2021,3968,6592,22.240448,85.702066,0.689,Mining
T45QUE,2021,928,1024,22.509734,85.158331,0.689,Mining
T45QUE,2021,1856,10784,22.433965,86.107591,0.6889,Mining
T45QUE,2021,5792,10176,22.078087,86.050914,0.6889,Mining
T45QUE,2021,5728,4096,22.079386,85.46165,0.6889,Mining
T45QUE,2021,3136,2656,22.312083,85.319338,0.6889,Mining
T45QUE,2021,7296,3808,21.937513,85.435299,0.6889,Mining
T45QUE,2021,4000,3424,22.234814,85.394766,0.6889,Mining
T45QUE,2021,1984,928,22.414278,85.150268,0.6888,Mining
T45QUE,2021,7072,4000,21.957919,85.453666,0.6888,Mining
T45QUE,2021,2528,1600,22.36589,85.216156,0.6888,Mining
T45QUE,2021,7840,7616,21.891471,85.804362,0.6888,Mining
T45QUE,2021,288,3552,22.570152,85.403357,0.6888,Mining
T45QUE,2021,1440,2400,22.464975,85.292624,0.6888,Mining
T45QUE,2021,4224,10336,22.219817,86.065486,0.6888,Mining
T45QUE,2021,4960,10016,22.153152,86.034895,0.6888,Mining
T45QUE,2021,8128,608,21.859144,85.126546,0.6888,Mining
T45QUE,2021,1664,4384,22.446671,85.485613,0.6888,Mining
T45QUE,2021,1024,10816,22.509136,86.11022,0.6887,Mining
T45QUE,2021,5152,3840,22.13117,85.436271,0.6887,Mining
T45QUE,2021,5440,10848,22.11025,86.115846,0.6887,Mining
T45QUE,2021,3776,7136,22.258202,85.754692,0.6887,Mining
T45QUE,2021,5376,9696,22.115388,86.004129,0.6887,Mining
T45QUE,2021,1664,896,22.443136,85.146777,0.6887,Mining
T45QUE,2021,128,6176,22.586935,85.65838,0.6886,Mining
T45QUE,2021,7136,2816,21.95102,85.339107,0.6886,Mining
T45QUE,2021,3040,10592,22.32691,86.089631,0.6886,Mining
T45QUE,2021,448,8224,22.559572,85.857812,0.6886,Mining
T45QUE,2021,3040,5568,22.323437,85.601888,0.6886,Mining
T45QUE,2021,6496,4544,22.010428,85.50579,0.6886,Mining
T45QUE,2021,7776,7616,21.897252,85.804313,0.6886,Mining
T45QUE,2021,3520,6752,22.281034,85.717221,0.6885,Mining
T45QUE,2021,5472,7968,22.10561,85.836687,0.6885,Mining
T45QUE,2021,1664,6976,22.448838,85.737449,0.6885,Mining
T45QUE,2021,800,5216,22.525439,85.565642,0.6885,Mining
T45QUE,2021,160,8160,22.58554,85.851373,0.6885,Mining
T45QUE,2021,1312,384,22.47434,85.096611,0.6885,Mining
T45QUE,2021,9184,8192,21.770464,85.861072,0.6885,Mining
T45QUE,2021,192,1216,22.576403,85.176117,0.6885,Mining
T45QUE,2021,2016,3168,22.413732,85.367851,0.6884,Mining
T45QUE,2021,640,3072,22.537895,85.357061,0.6884,Mining
T45QUE,2021,832,4768,22.522155,85.522122,0.6884,Mining
T45QUE,2021,1408,448,22.465745,85.102947,0.6883,Mining
T45QUE,2021,1440,7328,22.469333,85.771473,0.6883,Mining
T45QUE,2021,8832,8224,21.802281,85.863916,0.6883,Mining
T45QUE,2021,3072,10624,22.324037,86.092756,0.6883,Mining
T45QUE,2021,544,3392,22.546879,85.388068,0.6883,Mining
T45QUE,2021,1472,5888,22.465316,85.631566,0.6883,Mining
T45QUE,2021,5248,6272,22.124588,85.672107,0.6883,Mining
T45QUE,2021,4832,7616,22.163171,85.802078,0.6883,Mining
T45QUE,2021,2016,5760,22.416079,85.619614,0.6883,Mining
T45QUE,2021,9344,5152,21.753727,85.567249,0.6882,Mining
T45QUE,2021,9376,1856,21.747771,85.248644,0.6882,Mining
T45QUE,2021,256,1536,22.570974,85.207305,0.6882,Mining
T45QUE,2021,96,2752,22.586698,85.325361,0.6882,Mining
T45QUE,2021,6048,10784,22.055293,86.109986,0.6882,Mining
T45QUE,2021,4768,6560,22.168167,85.699628,0.6881,Mining
T45QUE,2021,2944,3648,22.330392,85.41542,0.6881,Mining
T45QUE,2021,3104,7840,22.319409,85.822496,0.6881,Mining
T45QUE,2021,192,9440,22.583492,85.975896,0.6881,Mining
T45QUE,2021,6560,6400,22.006187,85.685612,0.688,Mining
T45QUE,2021,7424,1600,21.92378,85.221719,0.688,Mining
T45QUE,2021,192,3008,22.578286,85.350359,0.688,Mining
T45QUE,2021,4320,8288,22.209883,85.866872,0.688,Mining
T45QUE,2021,1152,5344,22.493759,85.57841,0.688,Mining
T45QUE,2021,10496,8448,21.652117,85.886741,0.688,Mining
T45QUE,2021,1216,7488,22.489683,85.786846,0.6879,Mining
T45QUE,2021,2080,10336,22.413485,86.064196,0.6879,Mining
T45QUE,2021,6080,576,22.044038,85.121021,0.6879,Mining
T45QUE,2021,6464,4320,22.013119,85.484064,0.6879,Mining
T45QUE,2021,2272,1152,22.38852,85.172362,0.6879,Mining
T45QUE,2021,3072,10816,22.32414,86.111398,0.6879,Mining
T45QUE,2021,4800,3776,22.1629,85.429715,0.6879,Mining
T45QUE,2021,1408,2592,22.468061,85.311243,0.6879,Mining
T45QUE,2021,5984,9216,22.060177,85.958,0.6879,Mining
T45QUE,2021,5120,4736,22.134869,85.523095,0.6879,Mining
T45QUE,2021,7584,1600,21.909332,85.221898,0.6879,Mining
T45QUE,2021,2656,5472,22.358037,85.592221,0.6879,Mining
T45QUE,2021,5664,8128,22.088377,85.852336,0.6878,Mining
T45QUE,2021,1856,736,22.425621,85.131468,0.6878,Mining
T45QUE,2021,9824,8064,21.712567,85.849154,0.6878,Mining
T45QUE,2021,1120,2336,22.493805,85.286051,0.6878,Mining
T45QUE,2021,3008,4128,22.325061,85.462077,0.6878,Mining
T45QUE,2021,3648,10560,22.271971,86.086881,0.6878,Mining
T45QUE,2021,2688,4000,22.353841,85.449333,0.6878,Mining
T45QUE,2021,5408,9376,22.112306,85.973128,0.6877,Mining
T45QUE,2021,672,2176,22.534092,85.269999,0.6877,Mining
T45QUE,2021,5632,9472,22.09213,85.98258,0.6877,Mining
T45QUE,2021,1376,2944,22.471305,85.34541,0.6877,Mining
T45QUE,2021,1056,4224,22.501432,85.469465,0.6876,Mining
T45QUE,2021,2944,9792,22.335127,86.011898,0.6876,Mining
T45QUE,2021,3040,4736,22.32272,85.521125,0.6876,Mining
T45QUE,2021,6752,6272,21.988746,85.673375,0.6876,Mining
T45QUE,2021,6656,6848,21.997858,85.729082,0.6876,Mining
T45QUE,2021,8032,6048,21.872958,85.652771,0.6876,Mining
T45QUE,2021,992,5344,22.508209,85.578262,0.6876,Mining
T45QUE,2021,7296,3328,21.937064,85.388835,0.6875,Mining
T45QUE,2021,3712,6048,22.263139,85.649067,0.6875,Mining
T45QUE,2021,3616,10784,22.274983,86.108603,0.6875,Mining
T45QUE,2021,2624,6368,22.36166,85.679193,0.6875,Mining
T45QUE,2021,896,6400,22.517753,85.680826,0.6874,Mining
T45QUE,2021,1856,10656,22.433896,86.095153,0.6874,Mining
T45QUE,2021,7072,5760,21.959435,85.624069,0.6874,Mining
T45QUE,2021,6976,2432,21.965089,85.301763,0.6874,Mining
T45QUE,2021,7200,9216,21.950335,85.958802,0.6873,Mining
T45QUE,2021,96,1952,22.585868,85.247568,0.6873,Mining
T45QUE,2021,7040,8416,21.964279,85.881226,0.6873,Mining
T45QUE,2021,5152,10688,22.136181,86.10017,0.6873,Mining
T45QUE,2021,5376,10816,22.116014,86.112708,0.6872,Mining
T45QUE,2021,256,4992,22.574372,85.543351,0.6872,Mining
T45QUE,2021,6240,8320,22.036478,85.871358,0.6872,Mining
T45QUE,2021,4960,7616,22.151609,85.802176,0.6871,Mining
T45QUE,2021,5472,8800,22.106164,85.917335,0.6871,Mining
T45QUE,2021,6080,6592,22.04969,85.703814,0.687,Mining
T45QUE,2021,1792,10624,22.439659,86.092006,0.687,Mining
T45QUE,2021,3232,7040,22.307265,85.744938,0.687,Mining
T45QUE,2021,5408,10240,22.112811,86.056886,0.687,Mining
T45QUE,2021,2688,1024,22.350817,85.160427,0.687,Mining
T45QUE,2021,672,2272,22.534192,85.279331,0.687,Mining
T45QUE,2021,3456,10464,22.289262,86.07745,0.687,Mining
T45QUE,2021,5088,10240,22.141717,86.056694,0.6869,Mining
T45QUE,2021,768,3840,22.527081,85.431851,0.6869,Mining
T45QUE,2021,7904,1344,21.880165,85.197489,0.6868,Mining
T45QUE,2021,1696,928,22.440282,85.149923,0.6868,Mining
T45QUE,2021,1312,8128,22.481468,85.849123,0.6868,Mining
T45QUE,2021,512,2688,22.549068,85.319593,0.6868,Mining
T45QUE,2021,1184,10272,22.494383,86.057431,0.6867,Mining
T45QUE,2021,7072,9248,21.961917,85.961817,0.6867,Mining
T45QUE,2021,2592,1760,22.360281,85.231763,0.6867,Mining
T45QUE,2021,1728,6112,22.442379,85.653556,0.6867,Mining
T45QUE,2021,1600,192,22.448115,85.078317,0.6867,Mining
T45QUE,2021,6720,7008,21.992197,85.74463,0.6867,Mining
T45QUE,2021,6176,3104,22.037996,85.365994,0.6867,Mining
T45QUE,2021,1248,1024,22.48084,85.158713,0.6866,Mining
T45QUE,2021,8352,3712,21.842054,85.427053,0.6866,Mining
T45QUE,2021,5216,9312,22.12961,85.966798,0.6866,Mining
T45QUE,2021,3136,2688,22.312116,85.322444,0.6866,Mining
T45QUE,2021,1120,2368,22.493838,85.28916,0.6866,Mining
T45QUE,2021,4640,8192,22.180914,85.857794,0.6866,Mining
T45QUE,2021,4000,10016,22.23987,86.034302,0.6866,Mining
T45QUE,2021,1600,544,22.448518,85.112508,0.6866,Mining
T45QUE,2021,2048,6112,22.413478,85.653835,0.6866,Mining
T45QUE,2021,2336,6752,22.387972,85.716242,0.6865,Mining
T45QUE,2021,8640,2720,21.815102,85.331395,0.6865,Mining
T45QUE,2021,1120,6400,22.497522,85.681018,0.6865,Mining
T45QUE,2021,10592,4576,21.640518,85.512719,0.6865,Mining
T45QUE,2021,5056,10144,22.144554,86.047366,0.6865,Mining
T45QUE,2021,8640,2656,21.815039,85.325205,0.6865,Mining
T45QUE,2021,544,2240,22.545717,85.276076,0.6865,Mining
T45QUE,2021,4768,8192,22.169352,85.857887,0.6864,Mining
T45QUE,2021,3520,4064,22.278763,85.456373,0.6864,Mining
T45QUE,2021,9056,32,21.774706,85.071952,0.6864,Mining
T45QUE,2021,1408,544,22.465854,85.112273,0.6864,Mining
T45QUE,2021,5600,7456,22.093687,85.787157,0.6863,Mining
T45QUE,2021,2752,3360,22.347455,85.387265,0.6863,Mining
T45QUE,2021,4352,8384,22.207058,85.876208,0.6863,Mining
T45QUE,2021,192,6944,22.581761,85.733129,0.6863,Mining
T45QUE,2021,5344,6688,22.11624,85.712513,0.6863,Mining
T45QUE,2021,7808,1984,21.889501,85.259305,0.6863,Mining
T45QUE,2021,6656,7232,21.998142,85.766274,0.6863,Mining
T45QUE,2021,32,10144,22.598366,86.044273,0.6863,Mining
T45QUE,2021,576,10176,22.549247,86.047723,0.6863,Mining
T45QUE,2021,6528,9344,22.011116,85.970759,0.6863,Mining
T45QUE,2021,3936,3488,22.240654,85.400909,0.6863,Mining
T45QUE,2021,288,384,22.566796,85.095344,0.6863,Mining
T45QUE,2021,896,9632,22.520021,85.995032,0.6863,Mining
T45QUE,2021,736,3328,22.529478,85.382048,0.6862,Mining
T45QUE,2021,2560,6336,22.367415,85.676031,0.6862,Mining
T45QUE,2021,1216,7168,22.489445,85.755743,0.6862,Mining
T45QUE,2021,3104,5024,22.317193,85.549141,0.6861,Mining
T45QUE,2021,0,288,22.592688,85.085652,0.6861,Mining
T45QUE,2021,6592,8800,22.004996,85.918105,0.6861,Mining
T45QUE,2021,4000,9984,22.239851,86.031197,0.6861,Mining
T45QUE,2021,224,10688,22.58133,86.097306,0.6861,Mining
T45QUE,2021,608,992,22.538592,85.154837,0.686,Mining
T45QUE,2021,416,2464,22.557508,85.29771,0.686,Mining
T45QUE,2021,5312,10016,22.121356,86.035112,0.686,Mining
T45QUE,2021,64,1216,22.58796,85.175964,0.686,Mining
T45QUE,2021,3584,4352,22.273247,85.484382,0.686,Mining
T45QUE,2021,4640,10016,22.182058,86.034698,0.686,Mining
T45QUE,2021,6368,6144,22.023328,85.660653,0.686,Mining
T45QUE,2021,3264,832,22.298594,85.142478,0.686,Mining
T45QUE,2021,5728,9504,22.083477,85.985743,0.686,Mining
T45QUE,2021,6112,6816,22.04697,85.725543,0.6859,Mining
T45QUE,2021,2400,1024,22.376822,85.160085,0.6859,Mining
T45QUE,2021,2304,10432,22.393305,86.073657,0.6859,Mining
T45QUE,2021,4768,4192,22.166173,85.470017,0.6859,Mining
T45QUE,2021,2560,8000,22.368656,85.837621,0.6859,Mining
T45QUE,2021,9632,7456,21.729491,85.790237,0.6859,Mining
T45QUE,2021,6112,8416,22.048104,85.880568,0.6859,Mining
T45QUE,2021,6016,1056,22.050344,85.167439,0.6858,Mining
T45QUE,2021,4640,4256,22.177791,85.476098,0.6858,Mining
T45QUE,2021,3616,10400,22.274774,86.071333,0.6858,Mining
T45QUE,2021,4096,6048,22.228457,85.649399,0.6858,Mining
T45QUE,2021,2048,5312,22.412812,85.576127,0.6857,Mining
T45QUE,2021,1536,8160,22.461258,85.8524,0.6857,Mining
T45QUE,2021,1600,9984,22.45664,86.029698,0.6857,Mining
T45QUE,2021,2624,1632,22.357256,85.219373,0.6857,Mining
T45QUE,2021,640,1248,22.535986,85.179759,0.6857,Mining
T45QUE,2021,4032,9760,22.23683,86.009483,0.6857,Mining
T45QUE,2021,5312,2816,22.11574,85.337184,0.6857,Mining
T45QUE,2021,448,960,22.553003,85.151535,0.6856,Mining
T45QUE,2021,1376,8512,22.475949,85.886491,0.6856,Mining
T45QUE,2021,544,1984,22.545449,85.25119,0.6856,Mining
T45QUE,2021,2752,4544,22.348559,85.502211,0.6856,Mining
T45QUE,2021,3232,5504,22.306043,85.595849,0.6855,Mining
T45QUE,2021,1184,9472,22.493909,85.979667,0.6855,Mining
T45QUE,2021,5280,4288,22.12002,85.479821,0.6855,Mining
T45QUE,2021,352,7488,22.567719,85.786164,0.6855,Mining
T45QUE,2021,3136,5760,22.314926,85.620611,0.6855,Mining
T45QUE,2021,7968,4256,21.877228,85.479311,0.6855,Mining
T45QUE,2021,3008,2112,22.323086,85.2664,0.6855,Mining
T45QUE,2021,2464,7648,22.377078,85.803364,0.6854,Mining
T45QUE,2021,896,5824,22.517284,85.624833,0.6854,Mining
T45QUE,2021,704,1696,22.530694,85.223379,0.6854,Mining
T45QUE,2021,4192,3200,22.217259,85.373238,0.6854,Mining
T45QUE,2021,8704,6496,21.812609,85.696673,0.6854,Mining
T45QUE,2021,768,832,22.523967,85.139479,0.6853,Mining
T45QUE,2021,896,10272,22.520397,86.057255,0.6853,Mining
T45QUE,2021,2368,1984,22.380744,85.253256,0.6853,Mining
T45QUE,2021,6784,7968,21.987101,85.837655,0.6853,Mining
T45QUE,2021,5408,7648,22.111167,85.80562,0.6852,Mining
T45QUE,2021,4896,9056,22.158356,85.941762,0.6852,Mining
T45QUE,2021,6336,8160,22.027699,85.855926,0.6852,Mining
T45QUE,2021,3808,9888,22.257139,86.021762,0.6852,Mining
T45QUE,2021,9216,6560,21.766411,85.70328,0.6852,Mining
T45QUE,2021,6496,9376,22.014026,85.973838,0.6852,Mining
T45QUE,2021,3424,7456,22.29023,85.785468,0.6852,Mining
T45QUE,2021,2688,5824,22.35544,85.626427,0.6852,Mining
T45QUE,2021,6944,6560,21.971627,85.701425,0.6851,Mining
T45QUE,2021,2592,5664,22.363978,85.610806,0.6851,Mining
T45QUE,2021,1760,10592,22.442532,86.088878,0.6851,Mining
T45QUE,2021,6592,6144,22.003096,85.660843,0.6851,Mining
T45QUE,2021,1664,5568,22.447709,85.600645,0.685,Mining
T45QUE,2021,2080,3168,22.407953,85.367918,0.685,Mining
T45QUE,2021,1760,4256,22.437884,85.473272,0.685,Mining
T45QUE,2021,3136,6944,22.315863,85.735542,0.6849,Mining
T45QUE,2021,320,7296,22.570467,85.767466,0.6849,Mining
T45QUE,2021,1056,288,22.497343,85.086967,0.6849,Mining
T45QUE,2021,1824,3168,22.431071,85.367648,0.6849,Mining
T45QUE,2021,1088,480,22.494674,85.105662,0.6849,Mining
T45QUE,2021,832,6528,22.523635,85.693214,0.6849,Mining
T45QUE,2021,192,2656,22.577931,85.316131,0.6849,Mining
T45QUE,2021,4320,4576,22.206979,85.506822,0.6849,Mining
T45QUE,2021,3552,3136,22.274992,85.36636,0.6848,Mining
T45QUE,2021,1824,10816,22.436873,86.110682,0.6848,Mining
T45QUE,2021,1344,3456,22.474697,85.395125,0.6848,Mining
T45QUE,2021,5728,384,22.075607,85.102,0.6848,Mining
T45QUE,2021,608,2176,22.539871,85.269927,0.6847,Mining
T45QUE,2021,1024,9824,22.508574,86.013781,0.6847,Mining
T45QUE,2021,2304,5664,22.389989,85.610548,0.6847,Mining
T45QUE,2021,160,1152,22.579221,85.169856,0.6847,Mining
T45QUE,2021,608,3840,22.54153,85.431688,0.6846,Mining
T45QUE,2021,8128,2528,21.861151,85.312283,0.6846,Mining
T45QUE,2021,5696,6464,22.084275,85.691093,0.6845,Mining
T45QUE,2021,6656,2336,21.99389,85.292123,0.6845,Mining
T45QUE,2021,6752,10112,21.991332,86.045293,0.6845,Mining
T45QUE,2021,6176,7936,22.041998,85.834107,0.6845,Mining
T45QUE,2021,7616,1024,21.90583,85.166196,0.6845,Mining
T45QUE,2021,3200,10912,22.312628,86.120791,0.6845,Mining
T45QUE,2021,1120,7808,22.498584,85.817875,0.6845,Mining
T45QUE,2021,5120,2816,22.133079,85.336981,0.6844,Mining
T45QUE,2021,2976,6080,22.329638,85.651534,0.6844,Mining
T45QUE,2021,5440,7584,22.108231,85.799441,0.6844,Mining
T45QUE,2021,5728,5024,22.080208,85.551574,0.6844,Mining
T45QUE,2021,2368,4640,22.383324,85.511162,0.6843,Mining
T45QUE,2021,2496,2624,22.369845,85.315538,0.6843,Mining
T45QUE,2021,7904,1504,21.880334,85.212969,0.6843,Mining
T45QUE,2021,6592,7328,22.003993,85.775523,0.6842,Mining
T45QUE,2021,3296,5952,22.300633,85.639388,0.6842,Mining
T45QUE,2021,6944,8704,21.973138,85.909049,0.6842,Mining
T45QUE,2021,3392,128,22.28624,85.074327,0.6842,Mining
T45QUE,2021,5696,10720,22.087057,86.103584,0.6842,Mining
T45QUE,2021,608,7872,22.544874,85.823704,0.6842,Mining
T45QUE,2021,3328,9664,22.300364,85.999717,0.6842,Mining
T45QUE,2021,3648,5920,22.268815,85.636591,0.6842,Mining
T45QUE,2021,4992,5760,22.147298,85.622251,0.6841,Mining
T45QUE,2021,352,9632,22.569158,85.994676,0.6841,Mining
T45QUE,2021,5600,9248,22.094884,85.960847,0.6841,Mining
T45QUE,2021,384,3968,22.561879,85.443905,0.6841,Mining
T45QUE,2021,3552,448,22.272159,85.105569,0.6841,Mining
T45QUE,2021,9216,6848,21.766627,85.731129,0.6841,Mining
T45QUE,2021,6528,4032,22.007078,85.456233,0.6841,Mining
T45QUE,2021,1216,3424,22.486225,85.391882,0.6841,Mining
T45QUE,2021,128,1344,22.582322,85.188486,0.684,Mining
T45QUE,2021,3232,6304,22.306696,85.673498,0.684,Mining
T45QUE,2021,3424,3360,22.286769,85.387962,0.684,Mining
T45QUE,2021,5088,7008,22.139604,85.743327,0.684,Mining
T45QUE,2021,4768,4160,22.166144,85.466914,0.684,Mining
T45QUE,2021,3904,4320,22.244318,85.481588,0.684,Mining
T45QUE,2021,2688,7520,22.356754,85.791107,0.6839,Mining
T45QUE,2021,5408,3840,22.108051,85.436526,0.6839,Mining
T45QUE,2021,2016,576,22.410993,85.116123,0.6839,Mining
T45QUE,2021,2272,992,22.388344,85.156826,0.6839,Mining
T45QUE,2021,3296,4096,22.299022,85.459256,0.6839,Mining
T45QUE,2021,1920,4448,22.42361,85.492081,0.6839,Mining
T45QUE,2021,64,1728,22.588518,85.22575,0.6839,Mining
T45QUE,2021,3328,3264,22.295346,85.378547,0.6839,Mining
T45QUE,2021,4992,6336,22.14776,85.678096,0.6839,Mining
T45QUE,2021,7584,6784,21.91399,85.723632,0.6839,Mining
T45QUE,2021,6784,8256,21.987297,85.865549,0.6839,Mining
T45QUE,2021,960,256,22.505974,85.083738,0.6838,Mining
T45QUE,2021,3488,10272,22.286265,86.058833,0.6838,Mining
T45QUE,2021,6240,8128,22.036348,85.852756,0.6838,Mining
T45QUE,2021,5888,6816,22.067202,85.725362,0.6837,Mining
T45QUE,2021,6688,160,21.988671,85.081468,0.6837,Mining
T45QUE,2021,1216,2080,22.484869,85.261282,0.6837,Mining
T45QUE,2021,5856,2528,22.066327,85.309857,0.6837,Mining
T45QUE,2021,1184,3424,22.489115,85.391848,0.6837,Mining
T45QUE,2021,8864,8256,21.799412,85.867034,0.6837,Mining
T45QUE,2021,448,2848,22.555009,85.335078,0.6837,Mining
T45QUE,2021,2336,9792,22.390046,86.01151,0.6837,Mining
T45QUE,2021,1568,10272,22.459697,86.057666,0.6837,Mining
T45QUE,2021,672,6144,22.537778,85.655744,0.6837,Mining
T45QUE,2021,6336,3456,22.023883,85.400254,0.6837,Mining
T45QUE,2021,6976,5408,21.967816,85.589902,0.6836,Mining
T45QUE,2021,5600,320,22.087093,85.095645,0.6836,Mining
T45QUE,2021,2080,7392,22.411576,85.778199,0.6836,Mining
T45QUE,2021,7520,8064,21.920686,85.847489,0.6836,Mining
T45QUE,2021,128,1408,22.582392,85.194709,0.6836,Mining
T45QUE,2021,3840,4256,22.25004,85.475317,0.6836,Mining
T45QUE,2021,4032,10304,22.237143,86.062266,0.6835,Mining
T45QUE,2021,64,3840,22.590656,85.431132,0.6835,Mining
T45QUE,2021,2944,832,22.327489,85.142096,0.6835,Mining
T45QUE,2021,2240,10720,22.399244,86.101595,0.6835,Mining
T45QUE,2021,5888,7424,22.067651,85.784278,0.6835,Mining
T45QUE,2021,5760,64,22.072355,85.071039,0.6835,Mining
T45QUE,2021,1824,928,22.428725,85.150076,0.6835,Mining
T45QUE,2021,3296,4128,22.299052,85.462362,0.6835,Mining
T45QUE,2021,576,7936,22.54781,85.829903,0.6834,Mining
T45QUE,2021,0,608,22.593056,85.116767,0.6834,Mining
T45QUE,2021,2368,7040,22.385301,85.744239,0.6834,Mining
T45QUE,2021,8288,6432,21.850134,85.69014,0.6834,Mining
T45QUE,2021,5536,4416,22.097015,85.492474,0.6834,Mining
T45QUE,2021,5792,4864,22.074289,85.536129,0.6834,Mining
T45QUE,2021,6944,8032,21.972693,85.843971,0.6834,Mining
T45QUE,2021,2592,4480,22.362951,85.495842,0.6834,Mining
T45QUE,2021,3200,10752,22.312543,86.105258,0.6834,Mining
T45QUE,2021,1472,4096,22.463745,85.457441,0.6834,Mining
T45QUE,2021,448,4896,22.556948,85.534199,0.6833,Mining
T45QUE,2021,4608,5920,22.182111,85.637429,0.6833,Mining
T45QUE,2021,5472,10176,22.106994,86.05072,0.6833,Mining
T45QUE,2021,5024,10528,22.147657,86.084582,0.6833,Mining
T45QUE,2021,7328,10432,21.939477,86.076624,0.6833,Mining
T45QUE,2021,7776,4544,21.894824,85.506998,0.6833,Mining
T45QUE,2021,2336,6048,22.387415,85.64787,0.6832,Mining
T45QUE,2021,1504,9472,22.465005,85.979879,0.6832,Mining
T45QUE,2021,1472,6336,22.46568,85.6751,0.6832,Mining
T45QUE,2021,3040,10208,22.326696,86.052348,0.6831,Mining
T45QUE,2021,2272,3232,22.390677,85.374336,0.6831,Mining
T45QUE,2021,1120,3456,22.494926,85.394891,0.6831,Mining
T45QUE,2021,480,6336,22.555273,85.674246,0.6831,Mining
T45QUE,2021,1696,1888,22.441324,85.243172,0.6831,Mining
T45QUE,2021,1664,7136,22.448958,85.752995,0.6831,Mining
T45QUE,2021,2688,8256,22.357272,85.862576,0.683,Mining
T45QUE,2021,3616,7680,22.27305,85.807356,0.683,Mining
T45QUE,2021,2016,2144,22.412697,85.268398,0.683,Mining
T45QUE,2021,1728,9984,22.445079,86.029778,0.683,Mining
T45QUE,2021,3456,10528,22.289297,86.083662,0.683,Mining
T45QUE,2021,2432,10496,22.381778,86.07995,0.6829,Mining
T45QUE,2021,5280,10528,22.124532,86.084731,0.6829,Mining
T45QUE,2021,384,3456,22.56139,85.394123,0.6829,Mining
T45QUE,2021,3040,1344,22.319382,85.1919,0.6829,Mining
T45QUE,2021,2592,192,22.358547,85.079548,0.6829,Mining
T45QUE,2021,1056,2848,22.500106,85.335736,0.6828,Mining
T45QUE,2021,5984,4672,22.056781,85.517706,0.6828,Mining
T45QUE,2021,5984,10592,22.060972,86.091343,0.6828,Mining
T45QUE,2021,5248,9952,22.1271,86.028868,0.6828,Mining
T45QUE,2021,2560,3584,22.365009,85.408814,0.6827,Mining
T45QUE,2021,4992,10048,22.15028,86.038018,0.6827,Mining
T45QUE,2021,4064,5248,22.230684,85.571765,0.6827,Mining
T45QUE,2021,5376,8512,22.114648,85.88935,0.6827,Mining
T45QUE,2021,1920,10848,22.428218,86.113846,0.6827,Mining
T45QUE,2021,1792,2720,22.433515,85.324097,0.6826,Mining
T45QUE,2021,4160,7936,22.224094,85.832607,0.6826,Mining
T45QUE,2021,5664,9504,22.089259,85.985702,0.6826,Mining
T45QUE,2021,5056,3616,22.13963,85.414461,0.6826,Mining
T45QUE,2021,1792,7520,22.437681,85.790408,0.6825,Mining
T45QUE,2021,6784,4576,21.984445,85.509161,0.6825,Mining
T45QUE,2021,3360,4192,22.293331,85.468636,0.6825,Mining
T45QUE,2021,5600,288,22.087056,85.092545,0.6824,Mining
T45QUE,2021,2720,1216,22.348138,85.179102,0.6823,Mining
T45QUE,2021,1344,8640,22.478925,85.898908,0.6823,Mining
T45QUE,2021,320,4000,22.567689,85.446952,0.6823,Mining
T45QUE,2021,1216,8672,22.490508,85.901927,0.6823,Mining
T45QUE,2021,9472,9184,21.745081,85.957194,0.6823,Mining
T45QUE,2021,2432,2784,22.375785,85.331004,0.6823,Mining
T45QUE,2021,32,2720,22.592445,85.322179,0.6823,Mining
T45QUE,2021,3616,8096,22.273341,85.847728,0.6823,Mining
T45QUE,2021,6656,160,21.99156,85.08143,0.6823,Mining
T45QUE,2021,2176,6048,22.401865,85.64773,0.6822,Mining
T45QUE,2021,2208,3488,22.396705,85.399129,0.6822,Mining
T45QUE,2021,1536,3808,22.457695,85.429524,0.6822,Mining
T45QUE,2021,3008,4192,22.32512,85.468289,0.6822,Mining
T45QUE,2021,160,1792,22.579918,85.232084,0.6822,Mining
T45QUE,2021,3136,7328,22.31615,85.772818,0.6822,Mining
T45QUE,2021,7936,3680,21.879594,85.423545,0.6821,Mining
T45QUE,2021,384,1248,22.559102,85.179456,0.6821,Mining
T45QUE,2021,5632,3936,22.08791,85.446052,0.6821,Mining
T45QUE,2021,3552,10752,22.280747,86.10546,0.6821,Mining
T45QUE,2021,1728,6176,22.442431,85.659774,0.682,Mining
T45QUE,2021,1472,10848,22.468686,86.113589,0.682,Mining
T45QUE,2021,1248,4672,22.4845,85.513192,0.682,Mining
T45QUE,2021,3264,9408,22.30599,85.974825,0.682,Mining
T45QUE,2021,7232,3744,21.943234,85.42904,0.682,Mining
T45QUE,2021,5440,9088,22.109237,85.945231,0.682,Mining
T45QUE,2021,5280,5952,22.121443,85.641115,0.6819,Mining
T45QUE,2021,4992,6816,22.148131,85.724634,0.6819,Mining
T45QUE,2021,5984,8992,22.060038,85.936293,0.6819,Mining
T45QUE,2021,3200,480,22.303978,85.108245,0.6819,Mining
T45QUE,2021,2240,5152,22.395334,85.560764,0.6819,Mining
T45QUE,2021,96,9120,22.591962,85.944704,0.6819,Mining
T45QUE,2021,4864,6240,22.159246,85.668679,0.6819,Mining
T45QUE,2021,1088,1984,22.496327,85.251809,0.6819,Mining
T45QUE,2021,6816,6656,21.983262,85.710617,0.6819,Mining
T45QUE,2021,448,4960,22.557004,85.540422,0.6818,Mining
T45QUE,2021,128,10688,22.590001,86.09725,0.6818,Mining
T45QUE,2021,2752,4480,22.348501,85.495997,0.6818,Mining
T45QUE,2021,8288,5056,21.849023,85.557013,0.6818,Mining
T45QUE,2021,1440,2880,22.465462,85.33926,0.6818,Mining
T45QUE,2021,8288,3488,21.847626,85.40532,0.6818,Mining
T45QUE,2021,4032,10336,22.237161,86.065371,0.6818,Mining
T45QUE,2021,8512,8800,21.831561,85.919415,0.6817,Mining
T45QUE,2021,2816,6144,22.344141,85.657609,0.6817,Mining
T45QUE,2021,2784,5632,22.346611,85.607871,0.6817,Mining
T45QUE,2021,7456,3808,21.923063,85.435457,0.6817,Mining
T45QUE,2021,896,6368,22.517727,85.677715,0.6817,Mining
T45QUE,2021,32,2400,22.592116,85.291061,0.6817,Mining
T45QUE,2021,4320,5632,22.207886,85.609244,0.6816,Mining
T45QUE,2021,64,6944,22.593322,85.733023,0.6816,Mining
T45QUE,2021,1440,10144,22.471186,86.045148,0.6816,Mining
T45QUE,2021,3072,8704,22.322886,85.90635,0.6816,Mining
T45QUE,2021,8704,1376,21.807957,85.201489,0.6816,Mining
T45QUE,2021,4448,1120,22.192001,85.171812,0.6816,Mining
T45QUE,2021,7136,5056,21.953069,85.555965,0.6815,Mining
T45QUE,2021,704,8000,22.536294,85.836223,0.6815,Mining
T45QUE,2021,1472,9024,22.467614,85.936318,0.6815,Mining
T45QUE,2021,1920,7584,22.426167,85.796725,0.6815,Mining
T45QUE,2021,5792,9376,22.077619,85.973379,0.6815,Mining
T45QUE,2021,4256,1056,22.209268,85.165382,0.6815,Mining
T45QUE,2021,3104,6624,22.318508,85.704452,0.6814,Mining
T45QUE,2021,1600,3840,22.451946,85.432698,0.6814,Mining
T45QUE,2021,2688,6016,22.355598,85.64507,0.6814,Mining
T45QUE,2021,6816,2016,21.979116,85.261313,0.6814,Mining
T45QUE,2021,4192,5248,22.219124,85.571882,0.6814,Mining
T45QUE,2021,2208,7328,22.399967,85.772083,0.6814,Mining
T45QUE,2021,7328,7552,21.937674,85.797779,0.6813,Mining
T45QUE,2021,2720,1088,22.347998,85.166677,0.6813,Mining
T45QUE,2021,1248,5792,22.485467,85.622037,0.6813,Mining
T45QUE,2021,1952,2912,22.419259,85.342918,0.6813,Mining
T45QUE,2021,6176,7008,22.041333,85.744197,0.6813,Mining
T45QUE,2021,3616,10592,22.274879,86.089968,0.6813,Mining
T45QUE,2021,3648,5504,22.268472,85.596224,0.6813,Mining
T45QUE,2021,1504,1312,22.458042,85.186997,0.6813,Mining
T45QUE,2021,4256,9856,22.216652,86.018939,0.6812,Mining
T45QUE,2021,5440,6464,22.107397,85.69088,0.6812,Mining
T45QUE,2021,8288,544,21.844625,85.120544,0.6812,Mining
T45QUE,2021,2112,512,22.402253,85.110026,0.6812,Mining
T45QUE,2021,6848,6624,21.980347,85.707544,0.6812,Mining
T45QUE,2021,4000,3936,22.235296,85.444432,0.6812,Mining
T45QUE,2021,1120,1024,22.492398,85.158561,0.6812,Mining
T45QUE,2021,832,9440,22.525684,85.976322,0.6811,Mining
T45QUE,2021,3072,3776,22.318953,85.427974,0.6811,Mining
T45QUE,2021,192,6368,22.581309,85.677109,0.6811,Mining
T45QUE,2021,1312,9920,22.482617,86.023296,0.6811,Mining
T45QUE,2021,1600,4480,22.452538,85.494877,0.6811,Mining
T45QUE,2021,4992,6912,22.148203,85.733942,0.6811,Mining
T45QUE,2021,6496,3584,22.009554,85.412813,0.6811,Mining
T45QUE,2021,3040,9792,22.326455,86.011959,0.6811,Mining
T45QUE,2021,1568,10080,22.459587,86.039007,0.6811,Mining
T45QUE,2021,3584,10880,22.277924,86.117902,0.681,Mining
T45QUE,2021,1504,768,22.45744,85.13415,0.681,Mining
T45QUE,2021,9824,6272,21.711273,85.675934,0.681,Mining
T45QUE,2021,1664,10848,22.451342,86.113699,0.681,Mining
T45QUE,2021,6816,3712,21.980774,85.425529,0.6809,Mining
T45QUE,2021,5440,10816,22.110233,86.112744,0.6809,Mining
T45QUE,2021,4928,4608,22.152097,85.510504,0.6809,Mining
T45QUE,2021,10272,7840,21.671947,85.827829,0.6809,Mining
T45QUE,2021,3456,10688,22.289384,86.099193,0.6808,Mining
T45QUE,2021,5440,992,22.102286,85.160566,0.6808,Mining
T45QUE,2021,3904,2432,22.242504,85.298438,0.6808,Mining
T45QUE,2021,224,1536,22.573864,85.207267,0.6808,Mining
T45QUE,2021,4000,4640,22.235935,85.512724,0.6808,Mining
T45QUE,2021,3744,5696,22.259961,85.61494,0.6808,Mining
T45QUE,2021,160,1280,22.579363,85.182301,0.6807,Mining
T45QUE,2021,7968,3968,21.876969,85.451443,0.6807,Mining
T45QUE,2021,1920,1408,22.420584,85.196808,0.6807,Mining
T45QUE,2021,4768,576,22.162506,85.119451,0.6807,Mining
T45QUE,2021,8896,10688,21.797967,86.102298,0.6807,Mining
T45QUE,2021,6912,6560,21.974517,85.701398,0.6807,Mining
T45QUE,2021,0,1472,22.59402,85.200782,0.6806,Mining
T45QUE,2021,7104,8384,21.958477,85.878173,0.6806,Mining
T45QUE,2021,1984,2848,22.416305,85.336737,0.6806,Mining
T45QUE,2021,8960,5248,21.78849,85.576189,0.6806,Mining
T45QUE,2021,800,6912,22.526824,85.730519,0.6806,Mining
T45QUE,2021,0,3040,22.595656,85.353264,0.6806,Mining
T45QUE,2021,1056,6560,22.503429,85.696515,0.6806,Mining
T45QUE,2021,1280,3008,22.480038,85.351525,0.6805,Mining
T45QUE,2021,3200,5888,22.309251,85.633092,0.6805,Mining
T45QUE,2021,4832,6784,22.162558,85.721401,0.6805,Mining
T45QUE,2021,7360,7520,21.93476,85.794706,0.6805,Mining
T45QUE,2021,3104,5760,22.317816,85.620583,0.6805,Mining
T45QUE,2021,320,6208,22.56962,85.66166,0.6804,Mining
T45QUE,2021,832,5344,22.522659,85.578115,0.6804,Mining
T45QUE,2021,7648,1344,21.903283,85.197198,0.6804,Mining
T45QUE,2021,5056,9056,22.143903,85.94187,0.6804,Mining
T45QUE,2021,2592,6848,22.364924,85.725776,0.6803,Mining
T45QUE,2021,3168,7040,22.313045,85.744887,0.6803,Mining
T45QUE,2021,1056,6048,22.503019,85.646748,0.6803,Mining
T45QUE,2021,2624,4352,22.359945,85.483445,0.6803,Mining
T45QUE,2021,5600,3968,22.090829,85.449121,0.6803,Mining
T45QUE,2021,3136,5632,22.31482,85.608187,0.6802,Mining
T45QUE,2021,7328,1792,21.932649,85.240195,0.6802,Mining
T45QUE,2021,7840,2400,21.887032,85.299592,0.6802,Mining
T45QUE,2021,3136,448,22.309721,85.105062,0.6802,Mining
T45QUE,2021,1984,3456,22.416902,85.39579,0.6802,Mining
T45QUE,2021,9120,1440,21.770458,85.208145,0.6802,Mining
T45QUE,2021,1920,10560,22.428062,86.085863,0.6801,Mining
T45QUE,2021,6400,8768,22.022318,85.914873,0.6801,Mining
T45QUE,2021,7136,7744,21.955151,85.816224,0.68,Mining
T45QUE,2021,3232,832,22.301484,85.14244,0.68,Mining
T45QUE,2021,9280,7808,21.761532,85.824008,0.68,Mining
T45QUE,2021,576,5280,22.545724,85.571655,0.68,Mining
T45QUE,2021,4704,3744,22.171539,85.426516,0.68,Mining
T45QUE,2021,4352,4832,22.204314,85.531681,0.68,Mining
T45QUE,2021,2400,1312,22.377137,85.188047,0.6799,Mining
T45QUE,2021,4256,10112,22.2168,86.043774,0.6799,Mining
T45QUE,2021,5536,9120,22.100586,85.948397,0.6799,Mining
T45QUE,2021,4960,5152,22.14968,85.563275,0.6799,Mining
T45QUE,2021,4544,4256,22.186461,85.476004,0.6798,Mining
T45QUE,2021,4160,992,22.217866,85.159062,0.6798,Mining
T45QUE,2021,1920,5664,22.42467,85.610203,0.6798,Mining
T45QUE,2021,1536,4512,22.458347,85.497924,0.6798,Mining
T45QUE,2021,4736,8416,22.172394,85.879587,0.6798,Mining
T45QUE,2021,1824,10176,22.436518,86.048494,0.6797,Mining
T45QUE,2021,2624,7520,22.362534,85.791058,0.6797,Mining
T45QUE,2021,2144,3488,22.402484,85.399063,0.6797,Mining
T45QUE,2021,1216,9824,22.491232,86.013904,0.6797,Mining
T45QUE,2021,2368,10336,22.38747,86.06437,0.6797,Mining
T45QUE,2021,256,9728,22.577887,86.00395,0.6797,Mining
T45QUE,2021,6080,8160,22.050822,85.85574,0.6797,Mining
T45QUE,2021,800,6464,22.526474,85.686965,0.6797,Mining
T45QUE,2021,4032,3456,22.231954,85.397903,0.6797,Mining
T45QUE,2021,2432,288,22.373104,85.08867,0.6796,Mining
T45QUE,2021,2944,3456,22.330208,85.396783,0.6796,Mining
T45QUE,2021,7776,6560,21.896478,85.702107,0.6796,Mining
T45QUE,2021,5152,10848,22.136266,86.115684,0.6796,Mining
T45QUE,2021,7616,1088,21.905899,85.172389,0.6796,Mining
T45QUE,2021,5216,8352,22.128994,85.873725,0.6796,Mining
T45QUE,2021,4992,6752,22.148082,85.718429,0.6796,Mining
T45QUE,2021,1568,8320,22.458477,85.867972,0.6795,Mining
T45QUE,2021,832,4832,22.522212,85.528344,0.6795,Mining
T45QUE,2021,4256,3200,22.211479,85.373304,0.6795,Mining
T45QUE,2021,2400,10720,22.384791,86.101688,0.6795,Mining
T45QUE,2021,288,1120,22.567628,85.166897,0.6795,Mining
T45QUE,2021,96,3424,22.587366,85.39071,0.6795,Mining
T45QUE,2021,9408,5312,21.748079,85.582775,0.6795,Mining
T45QUE,2021,5888,3104,22.064004,85.365696,0.6795,Mining
T45QUE,2021,3520,5856,22.280324,85.630268,0.6795,Mining
T45QUE,2021,3360,256,22.289277,85.086707,0.6795,Mining
T45QUE,2021,6560,5408,22.005389,85.589531,0.6794,Mining
T45QUE,2021,8608,5440,21.820442,85.594446,0.6794,Mining
T45QUE,2021,10368,3808,21.660068,85.43831,0.6794,Mining
T45QUE,2021,6592,7232,22.003923,85.766224,0.6794,Mining
T45QUE,2021,2112,2848,22.404746,85.336874,0.6794,Mining
T45QUE,2021,6592,3520,22.000824,85.406711,0.6794,Mining
T45QUE,2021,3328,4704,22.296682,85.518294,0.6794,Mining
T45QUE,2021,4192,4960,22.218876,85.543946,0.6794,Mining
T45QUE,2021,2944,10112,22.335313,86.042968,0.6794,Mining
T45QUE,2021,1088,5280,22.499484,85.572131,0.6793,Mining
T45QUE,2021,5760,4096,22.076496,85.461682,0.6793,Mining
T45QUE,2021,3296,9632,22.303236,85.99659,0.6793,Mining
T45QUE,2021,2464,1312,22.371358,85.188122,0.6793,Mining
T45QUE,2021,1152,9088,22.496559,85.942319,0.6793,Mining
T45QUE,2021,2528,4768,22.368988,85.523745,0.6792,Mining
T45QUE,2021,8512,7136,21.830428,85.75843,0.6792,Mining
T45QUE,2021,5856,5632,22.069158,85.610605,0.6792,Mining
T45QUE,2021,96,4736,22.588594,85.518302,0.6792,Mining
T45QUE,2021,7616,1888,21.906741,85.249804,0.6792,Mining
T45QUE,2021,96,6976,22.590456,85.736162,0.6792,Mining
T45QUE,2021,5312,6784,22.119204,85.721792,0.6791,Mining
T45QUE,2021,7616,8288,21.912165,85.869242,0.6791,Mining
T45QUE,2021,3552,5312,22.27698,85.577506,0.6791,Mining
T45QUE,2021,2816,5440,22.34356,85.589259,0.6791,Mining
T45QUE,2021,5184,4832,22.129173,85.532461,0.679,Mining
T45QUE,2021,2176,4160,22.400227,85.46436,0.679,Mining
T45QUE,2021,2112,8224,22.409276,85.859045,0.679,Mining
T45QUE,2021,2432,5504,22.378294,85.595125,0.679,Mining
T45QUE,2021,4960,2912,22.147622,85.346117,0.6789,Mining
T45QUE,2021,9536,7776,21.738386,85.821103,0.6789,Mining
T45QUE,2021,8128,2496,21.861119,85.309187,0.6789,Mining
T45QUE,2021,4832,6688,22.162485,85.712092,0.6789,Mining
T45QUE,2021,4416,9952,22.202255,86.028351,0.6788,Mining
T45QUE,2021,128,10144,22.589695,86.044333,0.6788,Mining
T45QUE,2021,64,8672,22.59456,85.901104,0.6788,Mining
T45QUE,2021,6336,10816,22.029294,86.113249,0.6788,Mining
T45QUE,2021,2848,9760,22.343779,86.008729,0.6788,Mining
T45QUE,2021,2304,4064,22.388579,85.455164,0.6788,Mining
T45QUE,2021,5984,4224,22.056383,85.474302,0.6787,Mining
T45QUE,2021,3200,3744,22.307364,85.424998,0.6787,Mining
T45QUE,2021,5856,5824,22.069315,85.62921,0.6787,Mining
T45QUE,2021,3680,1632,22.2619,85.220582,0.6787,Mining
T45QUE,2021,1248,10432,22.488692,86.073023,0.6787,Mining
T45QUE,2021,1664,32,22.442151,85.062856,0.6787,Mining
T45QUE,2021,1568,4096,22.455076,85.457537,0.6786,Mining
T45QUE,2021,288,8608,22.574285,85.89504,0.6786,Mining
T45QUE,2021,768,4192,22.527411,85.466068,0.6786,Mining
T45QUE,2021,10496,4128,21.648795,85.469349,0.6786,Mining
T45QUE,2021,4256,6336,22.214235,85.677474,0.6785,Mining
T45QUE,2021,9184,9248,21.771136,85.963195,0.6785,Mining
T45QUE,2021,4672,6976,22.177154,85.73989,0.6785,Mining
T45QUE,2021,2528,7488,22.371182,85.787875,0.6785,Mining
T45QUE,2021,3808,3424,22.252153,85.394568,0.6784,Mining
T45QUE,2021,544,5408,22.548724,85.584071,0.6784,Mining
T45QUE,2021,1056,2912,22.50017,85.341956,0.6784,Mining
T45QUE,2021,4288,8928,22.213194,85.928934,0.6784,Mining
T45QUE,2021,3264,5408,22.303072,85.58656,0.6784,Mining
T45QUE,2021,3296,5856,22.300555,85.630071,0.6784,Mining
T45QUE,2021,736,1088,22.527142,85.164321,0.6784,Mining
T45QUE,2021,3392,3264,22.289566,85.378613,0.6784,Mining
T45QUE,2021,4480,64,22.18793,85.069464,0.6783,Mining
T45QUE,2021,1792,10688,22.439694,86.098225,0.6783,Mining
T45QUE,2021,352,3424,22.564248,85.390978,0.6783,Mining
T45QUE,2021,3872,6336,22.248918,85.677148,0.6782,Mining
T45QUE,2021,1952,10880,22.425344,86.116974,0.6782,Mining
T45QUE,2021,768,7968,22.530491,85.83316,0.6782,Mining
T45QUE,2021,4064,4288,22.22984,85.47864,0.6781,Mining
T45QUE,2021,2112,4480,22.4063,85.495376,0.6781,Mining
T45QUE,2021,6464,7616,22.015761,85.803322,0.6781,Mining
T45QUE,2021,3808,4032,22.252725,85.453554,0.6781,Mining
T45QUE,2021,10528,7872,21.648844,85.831108,0.6781,Mining
T45QUE,2021,5440,10624,22.110131,86.094131,0.6781,Mining
T45QUE,2021,1920,3488,22.422713,85.398831,0.678,Mining
T45QUE,2021,1600,10752,22.457072,86.104333,0.678,Mining
T45QUE,2021,608,2720,22.540431,85.322809,0.678,Mining
T45QUE,2021,1760,5248,22.438767,85.569644,0.678,Mining
T45QUE,2021,5440,7552,22.108208,85.796339,0.6779,Mining
T45QUE,2021,3712,4640,22.261945,85.512449,0.6779,Mining
T45QUE,2021,64,9728,22.59523,86.003826,0.6779,Mining
T45QUE,2021,6208,7296,22.038654,85.772124,0.6778,Mining
T45QUE,2021,5088,7136,22.139699,85.755737,0.6778,Mining
T45QUE,2021,4224,6688,22.2174,85.711592,0.6776,Mining
T45QUE,2021,5056,10720,22.14487,86.103218,0.6776,Mining
T45QUE,2021,8096,1920,21.863427,85.253429,0.6776,Mining
T45QUE,2021,672,2720,22.534652,85.322879,0.6776,Mining
T45QUE,2021,5472,7488,22.105272,85.79016,0.6776,Mining
T45QUE,2021,1664,5408,22.447574,85.5851,0.6776,Mining
T45QUE,2021,5056,9792,22.144351,86.013234,0.6776,Mining
T45QUE,2021,1664,10624,22.451221,86.091931,0.6776,Mining
T45QUE,2021,2016,2560,22.413125,85.3088,0.6776,Mining
T45QUE,2021,4160,2400,22.219354,85.295613,0.6776,Mining
T45QUE,2021,4192,4384,22.218367,85.488076,0.6775,Mining
T45QUE,2021,5664,192,22.081169,85.083322,0.6775,Mining
T45QUE,2021,6176,9024,22.042715,85.939523,0.6775,Mining
T45QUE,2021,384,1152,22.558996,85.170123,0.6775,Mining
T45QUE,2021,2208,10272,22.401887,86.058056,0.6775,Mining
T45QUE,2021,2720,8128,22.354293,85.85017,0.6775,Mining
T45QUE,2021,2624,480,22.355987,85.107544,0.6775,Mining
T45QUE,2021,8352,6880,21.844692,85.733537,0.6775,Mining
T45QUE,2021,3424,1056,22.284394,85.164403,0.6774,Mining
T45QUE,2021,6912,6592,21.974542,85.704497,0.6774,Mining
T45QUE,2021,5408,2624,22.10688,85.318679,0.6774,Mining
T45QUE,2021,6176,7968,22.04202,85.837207,0.6774,Mining
T45QUE,2021,6528,6592,22.009226,85.704182,0.6774,Mining
T45QUE,2021,1504,2496,22.459294,85.302022,0.6774,Mining
T45QUE,2021,640,3296,22.538116,85.378837,0.6774,Mining
T45QUE,2021,2432,8224,22.380373,85.85928,0.6773,Mining
T45QUE,2021,3584,9760,22.277297,86.009198,0.6773,Mining
T45QUE,2021,4288,9472,22.213533,85.981707,0.6773,Mining
T45QUE,2021,2560,5440,22.36668,85.589026,0.6773,Mining
T45QUE,2021,4416,6080,22.199581,85.65278,0.6772,Mining
T45QUE,2021,320,1152,22.564774,85.170047,0.6772,Mining
T45QUE,2021,3712,9536,22.265601,85.987541,0.6772,Mining
T45QUE,2021,3648,5632,22.268578,85.608645,0.6772,Mining
T45QUE,2021,2912,4768,22.334308,85.52411,0.6772,Mining
T45QUE,2021,3232,3616,22.304353,85.412608,0.6772,Mining
T45QUE,2021,3136,6368,22.315418,85.679629,0.6771,Mining
T45QUE,2021,5216,64,22.121474,85.070371,0.6771,Mining
T45QUE,2021,8928,8224,21.79361,85.863985,0.677,Mining
T45QUE,2021,5568,4096,22.093836,85.461494,0.677,Mining
T45QUE,2021,4672,9792,22.179038,86.012992,0.6769,Mining
T45QUE,2021,4960,9952,22.153116,86.028689,0.6769,Mining
T45QUE,2021,1312,3008,22.477148,85.35156,0.6769,Mining
T45QUE,2021,928,288,22.5089,85.086808,0.6769,Mining
T45QUE,2021,1888,256,22.422185,85.08489,0.6769,Mining
T45QUE,2021,1024,3520,22.503657,85.401011,0.6769,Mining
T45QUE,2021,0,2784,22.595399,85.328368,0.6769,Mining
T45QUE,2021,4096,5728,22.228196,85.618357,0.6768,Mining
T45QUE,2021,1568,3776,22.454775,85.426447,0.6768,Mining
T45QUE,2021,1088,1280,22.49557,85.183398,0.6768,Mining
T45QUE,2021,9888,6176,21.705418,85.666708,0.6768,Mining
T45QUE,2021,3296,10752,22.303872,86.105313,0.6768,Mining
T45QUE,2021,1760,8160,22.441026,85.852566,0.6767,Mining
T45QUE,2021,7776,1984,21.892391,85.25927,0.6767,Mining
T45QUE,2021,3520,5824,22.280298,85.627162,0.6767,Mining
T45QUE,2021,4608,2368,22.178866,85.292999,0.6767,Mining
T45QUE,2021,864,4896,22.519379,85.534596,0.6766,Mining
T45QUE,2021,1024,2496,22.502638,85.301493,0.6766,Mining
T45QUE,2021,5376,2560,22.109706,85.312442,0.6766,Mining
T45QUE,2021,3104,3552,22.315851,85.406266,0.6766,Mining
T45QUE,2021,5760,3008,22.075471,85.356261,0.6766,Mining
T45QUE,2021,864,6528,22.520745,85.693242,0.6765,Mining
T45QUE,2021,3008,6080,22.326748,85.651562,0.6765,Mining
T45QUE,2021,512,6400,22.552434,85.680496,0.6765,Mining
T45QUE,2021,5856,10496,22.072483,86.081965,0.6764,Mining
T45QUE,2021,2112,6272,22.407826,85.669432,0.6764,Mining
T45QUE,2021,1856,3296,22.428306,85.380115,0.6764,Mining
T45QUE,2021,384,5632,22.563364,85.605705,0.6764,Mining
T45QUE,2021,2112,10336,22.410594,86.064215,0.6764,Mining
T45QUE,2021,3392,6048,22.29204,85.648789,0.6764,Mining
T45QUE,2021,8544,2208,21.823263,85.281775,0.6764,Mining
T45QUE,2021,768,4416,22.527617,85.487843,0.6764,Mining
T45QUE,2021,1280,10432,22.485802,86.073042,0.6764,Mining
T45QUE,2021,8448,8064,21.836861,85.848162,0.6763,Mining
T45QUE,2021,5760,8928,22.080231,85.929939,0.6763,Mining
T45QUE,2021,9280,5152,21.759507,85.567192,0.6763,Mining
T45QUE,2021,6848,6432,21.980199,85.68895,0.6763,Mining
T45QUE,2021,6432,7648,22.018674,85.806397,0.6763,Mining
T45QUE,2021,1536,10080,22.462477,86.038987,0.6763,Mining
T45QUE,2021,5888,10592,22.069644,86.091288,0.6762,Mining
T45QUE,2021,1952,10336,22.425047,86.064119,0.6762,Mining
T45QUE,2021,8192,1728,21.85456,85.234961,0.6762,Mining
T45QUE,2021,672,1760,22.533652,85.229563,0.6762,Mining
T45QUE,2021,736,1952,22.528078,85.248298,0.6762,Mining
T45QUE,2021,7008,3232,21.962982,85.379248,0.6762,Mining
T45QUE,2021,3008,736,22.321603,85.132856,0.6762,Mining
T45QUE,2021,5280,2624,22.118439,85.318542,0.6761,Mining
T45QUE,2021,1376,9984,22.476874,86.029557,0.6761,Mining
T45QUE,2021,2016,3520,22.414074,85.402039,0.6761,Mining
T45QUE,2021,3392,4992,22.291155,85.546304,0.6761,Mining
T45QUE,2021,3040,10528,22.326875,86.083417,0.6761,Mining
T45QUE,2021,1216,4448,22.487188,85.491393,0.6761,Mining
T45QUE,2021,6912,1536,21.969948,85.214948,0.676,Mining
T45QUE,2021,1280,4512,22.481466,85.497675,0.676,Mining
T45QUE,2021,4224,832,22.211911,85.143622,0.676,Mining
T45QUE,2021,3552,9376,22.279956,85.971908,0.6759,Mining
T45QUE,2021,1696,2720,22.442184,85.323993,0.6759,Mining
T45QUE,2021,7200,6528,21.94848,85.698537,0.6759,Mining
T45QUE,2021,6688,1632,21.990276,85.22399,0.6759,Mining
T45QUE,2021,6496,5472,22.011222,85.595672,0.6759,Mining
T45QUE,2021,2624,2016,22.357661,85.256651,0.6759,Mining
T45QUE,2021,4480,9024,22.195912,85.938377,0.6759,Mining
T45QUE,2021,864,10176,22.523233,86.047902,0.6758,Mining
T45QUE,2021,7136,6624,21.954334,85.707779,0.6758,Mining
T45QUE,2021,5216,9920,22.129972,86.025745,0.6758,Mining
T45QUE,2021,224,2944,22.575333,85.34417,0.6758,Mining
T45QUE,2021,7776,1088,21.891451,85.172573,0.6758,Mining
T45QUE,2021,5056,768,22.136714,85.138405,0.6758,Mining
T45QUE,2021,5088,4704,22.137731,85.519962,0.6757,Mining
T45QUE,2021,5824,6976,22.073103,85.740815,0.6757,Mining
T45QUE,2021,5632,10272,22.092594,86.060122,0.6757,Mining
T45QUE,2021,2560,1504,22.362897,85.206873,0.6757,Mining
T45QUE,2021,2432,2464,22.375462,85.299933,0.6757,Mining
T45QUE,2021,2208,4288,22.397455,85.476822,0.6757,Mining
T45QUE,2021,5376,320,22.107319,85.095374,0.6757,Mining
T45QUE,2021,3104,6400,22.318333,85.682708,0.6757,Mining
T45QUE,2021,3392,7712,22.293305,85.810291,0.6757,Mining
T45QUE,2021,4928,9728,22.155875,86.006948,0.6756,Mining
T45QUE,2021,2720,4672,22.351563,85.514607,0.6756,Mining
T45QUE,2021,7392,5856,21.93061,85.633641,0.6756,Mining
T45QUE,2021,128,1696,22.582705,85.222713,0.6756,Mining
T45QUE,2021,3136,9760,22.317765,86.008913,0.6756,Mining
T45QUE,2021,4000,10720,22.240261,86.102612,0.6756,Mining
T45QUE,2021,6880,7616,21.978185,85.803637,0.6755,Mining
T45QUE,2021,192,2016,22.577267,85.253901,0.6755,Mining
T45QUE,2021,2080,1536,22.406274,85.209425,0.6755,Mining
T45QUE,2021,7072,7424,21.960706,85.78519,0.6754,Mining
T45QUE,2021,2688,672,22.350425,85.126259,0.6754,Mining
T45QUE,2021,800,5920,22.526034,85.63408,0.6754,Mining
T45QUE,2021,3488,9344,22.285717,85.96876,0.6754,Mining
T45QUE,2021,2304,928,22.385384,85.15065,0.6754,Mining
T45QUE,2021,3008,384,22.321206,85.098695,0.6753,Mining
T45QUE,2021,7168,6624,21.951444,85.707805,0.6753,Mining
T45QUE,2021,2944,2432,22.329195,85.297388,0.6753,Mining
T45QUE,2021,3168,3584,22.310102,85.409437,0.6753,Mining
T45QUE,2021,9408,5152,21.747946,85.567307,0.6753,Mining
T45QUE,2021,2528,4928,22.369129,85.539281,0.6752,Mining
T45QUE,2021,4480,8640,22.195665,85.90113,0.6752,Mining
T45QUE,2021,192,2368,22.577635,85.288127,0.6752,Mining
T45QUE,2021,5536,4032,22.096668,85.45526,0.6752,Mining
T45QUE,2021,992,6464,22.509133,85.687129,0.6752,Mining
T45QUE,2021,7520,2592,21.916121,85.317831,0.6752,Mining
T45QUE,2021,9984,6944,21.697327,85.741016,0.6752,Mining
T45QUE,2021,2048,2528,22.410203,85.305727,0.6752,Mining
T45QUE,2021,2112,5856,22.407489,85.629025,0.6752,Mining
T45QUE,2021,3616,5152,22.271063,85.562039,0.6751,Mining
T45QUE,2021,896,2912,22.514618,85.341784,0.6751,Mining
T45QUE,2021,160,4768,22.582843,85.521476,0.6751,Mining
T45QUE,2021,96,5152,22.588962,85.55876,0.6751,Mining
T45QUE,2021,2560,7904,22.368589,85.828298,0.6751,Mining
T45QUE,2021,2016,4352,22.414853,85.48285,0.6751,Mining
T45QUE,2021,6176,7616,22.041774,85.803103,0.675,Mining
T45QUE,2021,4672,1824,22.172525,85.240327,0.675,Mining
T45QUE,2021,2976,7104,22.330435,85.750945,0.675,Mining
T45QUE,2021,5216,7744,22.128577,85.814781,0.6749,Mining
T45QUE,2021,384,5920,22.563605,85.63371,0.6749,Mining
T45QUE,2021,3808,10496,22.257483,86.080764,0.6749,Mining
T45QUE,2021,6144,8032,22.044954,85.843385,0.6749,Mining
T45QUE,2021,5056,8096,22.143273,85.848789,0.6749,Mining
T45QUE,2021,5216,8960,22.12939,85.932671,0.6749,Mining
T45QUE,2021,4928,4896,22.152349,85.538426,0.6748,Mining
T45QUE,2021,3808,4064,22.252754,85.456658,0.6748,Mining
T45QUE,2021,5664,6464,22.087165,85.691066,0.6748,Mining
T45QUE,2021,5728,6688,22.081557,85.712827,0.6748,Mining
T45QUE,2021,6688,7040,21.995111,85.747703,0.6747,Mining
T45QUE,2021,5888,9568,22.069063,85.992049,0.6747,Mining
T45QUE,2021,832,10144,22.526105,86.044771,0.6747,Mining
T45QUE,2021,2272,1792,22.389211,85.234505,0.6747,Mining
T45QUE,2021,3808,10560,22.257518,86.086975,0.6747,Mining
T45QUE,2021,4800,10624,22.167944,86.093761,0.6747,Mining
T45QUE,2021,7744,2496,21.895797,85.308778,0.6746,Mining
T45QUE,2021,4608,9152,22.184431,85.950878,0.6746,Mining
T45QUE,2021,4640,7744,22.180604,85.814345,0.6746,Mining
T45QUE,2021,288,416,22.566833,85.098455,0.6746,Mining
T45QUE,2021,9120,8448,21.776414,85.885784,0.6746,Mining
T45QUE,2021,6112,800,22.041396,85.142755,0.6746,Mining
T45QUE,2021,10240,8096,21.675011,85.852545,0.6745,Mining
T45QUE,2021,5600,4256,22.091092,85.47703,0.6745,Mining
T45QUE,2021,2880,6080,22.338309,85.651451,0.6745,Mining
T45QUE,2021,2080,3264,22.408047,85.377242,0.6745,Mining
T45QUE,2021,1440,3968,22.466516,85.444972,0.6745,Mining
T45QUE,2021,4736,4544,22.16938,85.504116,0.6745,Mining
T45QUE,2021,7168,5600,21.950634,85.608662,0.6745,Mining
T45QUE,2021,96,2080,22.586003,85.260015,0.6745,Mining
T45QUE,2021,1088,5088,22.499318,85.55347,0.6745,Mining
T45QUE,2021,2432,1856,22.374831,85.240901,0.6744,Mining
T45QUE,2021,2304,7712,22.391576,85.809456,0.6744,Mining
T45QUE,2021,960,2592,22.508515,85.310752,0.6744,Mining
T45QUE,2021,128,160,22.580983,85.073367,0.6744,Mining
T45QUE,2021,5696,0,22.07806,85.06476,0.6744,Mining
T45QUE,2021,4032,5536,22.233817,85.599674,0.6744,Mining
T45QUE,2021,1856,3936,22.428918,85.442283,0.6744,Mining
T45QUE,2021,1952,2944,22.41929,85.346027,0.6744,Mining
T45QUE,2021,3424,5696,22.288862,85.614655,0.6743,Mining
T45QUE,2021,96,4128,22.588037,85.459173,0.6743,Mining
T45QUE,2021,128,32,22.580833,85.060922,0.6743,Mining
T45QUE,2021,5088,10304,22.141753,86.062899,0.6743,Mining
T45QUE,2021,448,5664,22.557611,85.608875,0.6742,Mining
T45QUE,2021,6752,3776,21.986613,85.431662,0.6742,Mining
T45QUE,2021,5920,7392,22.064737,85.781202,0.6742,Mining
T45QUE,2021,5536,8352,22.10009,85.873955,0.6741,Mining
T45QUE,2021,4032,1088,22.229529,85.168222,0.6741,Mining
T45QUE,2021,288,3264,22.569871,85.375354,0.6741,Mining
T45QUE,2021,7648,7040,21.9084,85.748463,0.6741,Mining
T45QUE,2021,2816,6720,22.344594,85.713533,0.6741,Mining
T45QUE,2021,10720,3296,21.627805,85.389196,0.6741,Mining
T45QUE,2021,4224,2752,22.213929,85.329821,0.674,Mining
T45QUE,2021,3488,10464,22.286372,86.077469,0.674,Mining
T45QUE,2021,7648,6112,21.907692,85.658639,0.674,Mining
T45QUE,2021,7072,10624,21.962706,86.095069,0.674,Mining
T45QUE,2021,10624,4544,21.6376,85.509657,0.674,Mining
T45QUE,2021,5408,9792,22.112554,86.013456,0.674,Mining
T45QUE,2021,864,6464,22.520694,85.68702,0.6739,Mining
T45QUE,2021,5440,5568,22.106678,85.604035,0.6739,Mining
T45QUE,2021,2944,3680,22.330422,85.418526,0.6739,Mining
T45QUE,2021,10464,8416,21.654987,85.883627,0.6739,Mining
T45QUE,2021,1888,9696,22.430456,86.001896,0.6738,Mining
T45QUE,2021,1824,1184,22.429008,85.17494,0.6738,Mining
T45QUE,2021,7328,1568,21.932416,85.218514,0.6738,Mining
T45QUE,2021,224,1248,22.573549,85.179266,0.6737,Mining
T45QUE,2021,3712,6176,22.263242,85.661487,0.6737,Mining
T45QUE,2021,9280,8768,21.762166,85.91684,0.6737,Mining
T45QUE,2021,6560,2176,22.002397,85.276525,0.6737,Mining
T45QUE,2021,4704,8480,22.175327,85.885771,0.6737,Mining
T45QUE,2021,7296,1600,21.935339,85.221575,0.6737,Mining
T45QUE,2021,2240,4608,22.394855,85.507931,0.6737,Mining
T45QUE,2021,512,6240,22.552306,85.664939,0.6737,Mining
T45QUE,2021,4960,6912,22.151094,85.733916,0.6736,Mining
T45QUE,2021,6464,1824,22.010704,85.242332,0.6736,Mining
T45QUE,2021,288,4000,22.570579,85.446919,0.6736,Mining
T45QUE,2021,3104,7808,22.319386,85.81939,0.6736,Mining
T45QUE,2021,7968,1312,21.874352,85.194465,0.6736,Mining
T45QUE,2021,5536,8640,22.10028,85.90187,0.6735,Mining
T45QUE,2021,7648,1024,21.90294,85.166233,0.6735,Mining
T45QUE,2021,2528,9504,22.37253,85.983662,0.6735,Mining
T45QUE,2021,1376,3040,22.4714,85.354737,0.6735,Mining
T45QUE,2021,4320,2432,22.204938,85.298891,0.6735,Mining
T45QUE,2021,2720,4096,22.35104,85.458685,0.6735,Mining
T45QUE,2021,5120,2944,22.133205,85.349388,0.6735,Mining
T45QUE,2021,5504,6336,22.101516,85.678527,0.6734,Mining
T45QUE,2021,6400,3424,22.018073,85.39722,0.6734,Mining
T45QUE,2021,2944,6944,22.333205,85.735386,0.6734,Mining
T45QUE,2021,5536,9088,22.100566,85.945295,0.6734,Mining
T45QUE,2021,7264,8224,21.943918,85.862795,0.6734,Mining
T45QUE,2021,5248,4032,22.122677,85.454977,0.6734,Mining
T45QUE,2021,96,4768,22.588622,85.521414,0.6734,Mining
T45QUE,2021,3168,9632,22.314798,85.996507,0.6734,Mining
T45QUE,2021,352,2208,22.563021,85.27275,0.6733,Mining
T45QUE,2021,4992,9600,22.150018,85.994576,0.6733,Mining
T45QUE,2021,2752,960,22.344967,85.154291,0.6733,Mining
T45QUE,2021,896,9536,22.519962,85.985698,0.6733,Mining
T45QUE,2021,6528,6496,22.009152,85.694884,0.6733,Mining
T45QUE,2021,4736,7264,22.171587,85.76787,0.6733,Mining
T45QUE,2021,5920,10176,22.066525,86.050991,0.6733,Mining
T45QUE,2021,2528,5568,22.369678,85.601427,0.6733,Mining
T45QUE,2021,1728,928,22.437393,85.149962,0.6733,Mining
T45QUE,2021,1664,10016,22.450878,86.032848,0.6732,Mining
T45QUE,2021,192,10112,22.583895,86.04126,0.6732,Mining
T45QUE,2021,4832,10048,22.164733,86.03792,0.6732,Mining
T45QUE,2021,192,2144,22.577402,85.266347,0.6732,Mining
T45QUE,2021,4352,4608,22.204117,85.509956,0.6732,Mining
T45QUE,2021,1792,3936,22.434697,85.442218,0.6732,Mining
T45QUE,2021,2208,4128,22.397308,85.461284,0.6732,Mining
T45QUE,2021,7872,3456,21.885165,85.401806,0.6731,Mining
T45QUE,2021,3456,9728,22.28884,86.006011,0.6731,Mining
T45QUE,2021,5184,7008,22.130933,85.743404,0.6731,Mining
T45QUE,2021,2080,4800,22.409476,85.526426,0.673,Mining
T45QUE,2021,928,5760,22.514341,85.618641,0.673,Mining
T45QUE,2021,9216,9248,21.768245,85.963216,0.673,Mining
T45QUE,2021,960,3200,22.509125,85.369843,0.673,Mining
T45QUE,2021,3456,5696,22.285972,85.614684,0.673,Mining
T45QUE,2021,6400,9504,22.022775,85.986176,0.673,Mining
T45QUE,2021,5792,2080,22.071652,85.266384,0.673,Mining
T45QUE,2021,736,5312,22.531302,85.574915,0.673,Mining
T45QUE,2021,1664,10304,22.451043,86.060834,0.6729,Mining
T45QUE,2021,2304,3680,22.388219,85.417874,0.6729,Mining
T45QUE,2021,224,7520,22.579303,85.789175,0.6729,Mining
T45QUE,2021,320,1664,22.565334,85.219824,0.6729,Mining
T45QUE,2021,0,2560,22.595171,85.306584,0.6728,Mining
T45QUE,2021,9696,7712,21.723889,85.815033,0.6728,Mining
T45QUE,2021,2752,3808,22.347882,85.430757,0.6728,Mining
T45QUE,2021,3840,1280,22.247075,85.186621,0.6728,Mining
T45QUE,2021,1984,1952,22.415386,85.249715,0.6728,Mining
T45QUE,2021,6080,7456,22.050331,85.787527,0.6728,Mining
T45QUE,2021,5536,2784,22.09548,85.33432,0.6728,Mining
T45QUE,2021,1472,9472,22.467895,85.979858,0.6727,Mining
T45QUE,2021,2464,9952,22.378578,86.027132,0.6727,Mining
T45QUE,2021,5120,3520,22.13376,85.40522,0.6727,Mining
T45QUE,2021,1984,10688,22.422351,86.098337,0.6727,Mining
T45QUE,2021,768,8480,22.530844,85.88294,0.6727,Mining
T45QUE,2021,2336,4640,22.386214,85.511131,0.6727,Mining
T45QUE,2021,1952,10720,22.425259,86.101428,0.6727,Mining
T45QUE,2021,7680,3136,21.902202,85.370645,0.6726,Mining
T45QUE,2021,4576,10368,22.188038,86.068801,0.6726,Mining
T45QUE,2021,5088,9856,22.141497,86.01946,0.6726,Mining
T45QUE,2021,2240,4128,22.394418,85.461315,0.6726,Mining
T45QUE,2021,7232,6816,21.945808,85.726447,0.6726,Mining
T45QUE,2021,7296,6752,21.939979,85.720302,0.6725,Mining
T45QUE,2021,7520,10496,21.922167,86.082932,0.6725,Mining
T45QUE,2021,4960,6976,22.151142,85.740122,0.6725,Mining
T45QUE,2021,3552,9504,22.280034,85.984332,0.6725,Mining
T45QUE,2021,8032,10464,21.875898,86.080131,0.6725,Mining
T45QUE,2021,7072,8448,21.961409,85.884348,0.6725,Mining
T45QUE,2021,3040,8000,22.325301,85.837981,0.6725,Mining
T45QUE,2021,1312,3072,22.477211,85.357778,0.6724,Mining
T45QUE,2021,2112,2528,22.404423,85.305797,0.6724,Mining
T45QUE,2021,2880,1088,22.33355,85.166866,0.6724,Mining
T45QUE,2021,5504,224,22.095652,85.086227,0.6724,Mining
T45QUE,2021,0,3488,22.596097,85.396833,0.6724,Mining
T45QUE,2021,4192,5184,22.219069,85.565674,0.6724,Mining
T45QUE,2021,6464,64,22.008788,85.0719,0.6724,Mining
T45QUE,2021,864,5536,22.519933,85.596808,0.6724,Mining
T45QUE,2021,2144,992,22.399902,85.156674,0.6723,Mining
T45QUE,2021,1248,896,22.480698,85.146277,0.6723,Mining
T45QUE,2021,96,4800,22.588651,85.524526,0.6723,Mining
T45QUE,2021,6208,8992,22.039804,85.936444,0.6723,Mining
T45QUE,2021,96,1376,22.585247,85.19156,0.6723,Mining
T45QUE,2021,2560,5728,22.366921,85.616992,0.6722,Mining
T45QUE,2021,160,1728,22.57985,85.225861,0.6722,Mining
T45QUE,2021,3616,8928,22.273894,85.928472,0.6722,Mining
T45QUE,2021,2688,4672,22.354453,85.514576,0.6722,Mining
T45QUE,2021,928,4832,22.513542,85.528436,0.6722,Mining
T45QUE,2021,672,5152,22.536943,85.5593,0.6722,Mining
T45QUE,2021,672,7456,22.538793,85.783305,0.6722,Mining
T45QUE,2021,1344,3744,22.474974,85.423109,0.6722,Mining
T45QUE,2021,4032,4128,22.232584,85.463088,0.6722,Mining
T45QUE,2021,4672,7264,22.177368,85.767819,0.6722,Mining
T45QUE,2021,3168,3968,22.310463,85.446706,0.6722,Mining
T45QUE,2021,4320,4864,22.207232,85.534754,0.6722,Mining
T45QUE,2021,7552,8160,21.91786,85.856806,0.6721,Mining
T45QUE,2021,5536,7008,22.09914,85.743686,0.6721,Mining
T45QUE,2021,384,1280,22.559137,85.182566,0.6721,Mining
T45QUE,2021,9408,8064,21.750144,85.848855,0.6721,Mining
T45QUE,2021,10432,4352,21.654774,85.490929,0.6721,Mining
T45QUE,2021,4512,10848,22.194079,86.115322,0.6721,Mining
T45QUE,2021,1920,7680,22.426236,85.806052,0.6721,Mining
T45QUE,2021,5280,7136,22.122358,85.755889,0.672,Mining
T45QUE,2021,7360,7712,21.934896,85.813294,0.672,Mining
T45QUE,2021,8480,9024,21.834592,85.941065,0.672,Mining
T45QUE,2021,4864,7840,22.160438,85.823824,0.672,Mining
T45QUE,2021,2560,4192,22.365578,85.467847,0.6719,Mining
T45QUE,2021,2176,9088,22.404066,85.94302,0.6719,Mining
T45QUE,2021,5248,7456,22.125481,85.786885,0.6719,Mining
T45QUE,2021,1088,7328,22.501126,85.771192,0.6719,Mining
T45QUE,2021,5088,5472,22.13839,85.594415,0.6719,Mining
T45QUE,2021,5856,384,22.064049,85.102155,0.6719,Mining
T45QUE,2021,6528,3296,22.006391,85.384953,0.6719,Mining
T45QUE,2021,9248,8800,21.765077,85.919913,0.6718,Mining
T45QUE,2021,3712,8256,22.264779,85.863325,0.6718,Mining
T45QUE,2021,320,1504,22.56516,85.204268,0.6718,Mining
T45QUE,2021,10048,7136,21.691686,85.759623,0.6718,Mining
T45QUE,2021,7616,1056,21.905865,85.169293,0.6718,Mining
T45QUE,2021,512,8320,22.553858,85.867195,0.6718,Mining
T45QUE,2021,928,10144,22.517433,86.04483,0.6717,Mining
T45QUE,2021,1216,864,22.483551,85.143129,0.6717,Mining
T45QUE,2021,5472,7104,22.104992,85.75294,0.6717,Mining
T45QUE,2021,6976,6176,21.968438,85.664267,0.6717,Mining
T45QUE,2021,4928,9024,22.155445,85.938681,0.6717,Mining
T45QUE,2021,1504,6720,22.463092,85.712442,0.6717,Mining
T45QUE,2021,7456,3232,21.922523,85.379706,0.6717,Mining
T45QUE,2021,5472,8768,22.106143,85.914233,0.6717,Mining
T45QUE,2021,3552,3680,22.275515,85.419144,0.6717,Mining
T45QUE,2021,4992,4160,22.145914,85.467133,0.6717,Mining
T45QUE,2021,2176,1920,22.398015,85.246825,0.6716,Mining
T45QUE,2021,3776,5344,22.256776,85.580815,0.6716,Mining
T45QUE,2021,3232,5344,22.305908,85.580319,0.6716,Mining
T45QUE,2021,1472,6496,22.465807,85.690648,0.6716,Mining
T45QUE,2021,1248,4832,22.484643,85.528741,0.6716,Mining
T45QUE,2021,1824,8192,22.435267,85.855723,0.6716,Mining
T45QUE,2021,6112,8448,22.048125,85.883669,0.6716,Mining
T45QUE,2021,1440,6592,22.468772,85.699949,0.6715,Mining
T45QUE,2021,7872,2304,21.884046,85.290337,0.6715,Mining
T45QUE,2021,3456,5952,22.286182,85.639528,0.6714,Mining
T45QUE,2021,5920,8160,22.065275,85.855624,0.6714,Mining
T45QUE,2021,2464,4608,22.374626,85.508147,0.6714,Mining
T45QUE,2021,1120,1120,22.492504,85.167889,0.6713,Mining
T45QUE,2021,704,1152,22.530102,85.170504,0.6713,Mining
T45QUE,2021,1280,5056,22.48195,85.55054,0.6712,Mining
T45QUE,2021,2592,3648,22.36218,85.415061,0.6712,Mining
T45QUE,2021,6784,1600,21.981574,85.221,0.6712,Mining
T45QUE,2021,704,320,22.529162,85.089639,0.6712,Mining
T45QUE,2021,320,4192,22.567868,85.465621,0.6712,Mining
T45QUE,2021,6144,7904,22.044866,85.830983,0.6712,Mining
T45QUE,2021,4864,7264,22.160026,85.767971,0.6712,Mining
T45QUE,2021,1760,5280,22.438794,85.572753,0.6711,Mining
T45QUE,2021,3008,256,22.321059,85.086273,0.6711,Mining
T45QUE,2021,2496,3424,22.370635,85.393213,0.6711,Mining
T45QUE,2021,6112,5088,22.045581,85.558128,0.6711,Mining
T45QUE,2021,7264,3328,21.939954,85.388803,0.671,Mining
T45QUE,2021,6752,6560,21.988969,85.701267,0.671,Mining
T45QUE,2021,3552,3328,22.275179,85.38499,0.671,Mining
T45QUE,2021,3936,10464,22.245903,86.077734,0.671,Mining
T45QUE,2021,5440,9888,22.10972,86.022782,0.671,Mining
T45QUE,2021,4448,10560,22.199706,86.087349,0.671,Mining
T45QUE,2021,2048,96,22.407554,85.069551,0.6709,Mining
T45QUE,2021,4480,9920,22.196456,86.025287,0.6709,Mining
T45QUE,2021,4768,9760,22.170347,86.00995,0.6709,Mining
T45QUE,2021,3008,10560,22.329783,86.086505,0.6709,Mining
T45QUE,2021,4384,5184,22.201729,85.56585,0.6709,Mining
T45QUE,2021,7232,3808,21.943293,85.435236,0.6709,Mining
T45QUE,2021,224,2336,22.574713,85.285052,0.6709,Mining
T45QUE,2021,416,3424,22.558469,85.391045,0.6709,Mining
T45QUE,2021,1760,3200,22.436882,85.370689,0.6708,Mining
T45QUE,2021,480,9152,22.557298,85.94808,0.6708,Mining
T45QUE,2021,7424,5664,21.927564,85.615082,0.6708,Mining
T45QUE,2021,4256,1472,22.209718,85.205723,0.6708,Mining
T45QUE,2021,5344,5760,22.115506,85.62256,0.6708,Mining
T45QUE,2021,1216,3776,22.486563,85.426088,0.6708,Mining
T45QUE,2021,384,6464,22.564046,85.68661,0.6708,Mining
T45QUE,2021,5632,6400,22.090005,85.684837,0.6707,Mining
T45QUE,2021,3520,10592,22.283551,86.089912,0.6707,Mining
T45QUE,2021,4320,5824,22.208044,85.627866,0.6707,Mining
T45QUE,2021,1504,6048,22.462558,85.647142,0.6707,Mining
T45QUE,2021,5504,5920,22.101185,85.638207,0.6707,Mining
T45QUE,2021,5120,8160,22.137536,85.855041,0.6706,Mining
T45QUE,2021,2432,10688,22.381883,86.098598,0.6706,Mining
T45QUE,2021,5824,2688,22.069376,85.325324,0.6706,Mining
T45QUE,2021,4288,4352,22.209668,85.485065,0.6706,Mining
T45QUE,2021,4320,10496,22.211234,86.081065,0.6706,Mining
T45QUE,2021,3936,10144,22.245724,86.046683,0.6706,Mining
T45QUE,2021,6208,8928,22.039764,85.930243,0.6705,Mining
T45QUE,2021,4832,7072,22.162775,85.749328,0.6705,Mining
T45QUE,2021,10112,5632,21.684755,85.614322,0.6705,Mining
T45QUE,2021,1504,8320,22.464258,85.867925,0.6705,Mining
T45QUE,2021,6688,7008,21.995087,85.744604,0.6705,Mining
T45QUE,2021,896,1472,22.513116,85.201831,0.6705,Mining
T45QUE,2021,7520,5632,21.918867,85.612068,0.6704,Mining
T45QUE,2021,2656,8928,22.360607,85.92781,0.6704,Mining
T45QUE,2021,0,1184,22.593704,85.172776,0.6704,Mining
T45QUE,2021,5024,9888,22.147297,86.022523,0.6704,Mining
T45QUE,2021,864,10208,22.523251,86.051013,0.6704,Mining
T45QUE,2021,5696,4768,22.082876,85.526737,0.6704,Mining
T45QUE,2021,3968,6784,22.240595,85.720694,0.6704,Mining
T45QUE,2021,896,5248,22.516796,85.568842,0.6704,Mining
T45QUE,2021,4288,3008,22.208402,85.354717,0.6704,Mining
T45QUE,2021,1280,800,22.477701,85.136988,0.6703,Mining
T45QUE,2021,3456,9984,22.288991,86.030859,0.6703,Mining
T45QUE,2021,6272,6848,22.032542,85.728773,0.6703,Mining
T45QUE,2021,4960,4672,22.149263,85.516739,0.6703,Mining
T45QUE,2021,6624,7584,22.001286,85.800343,0.6702,Mining
T45QUE,2021,768,9024,22.531203,85.935832,0.6702,Mining
T45QUE,2021,4224,3168,22.214338,85.370167,0.6702,Mining
T45QUE,2021,1344,1408,22.472594,85.196136,0.6702,Mining
T45QUE,2021,2688,6272,22.355804,85.669926,0.6701,Mining
T45QUE,2021,7072,6432,21.959967,85.689136,0.6701,Mining
T45QUE,2021,9152,6912,21.772455,85.737267,0.6701,Mining
T45QUE,2021,5376,6048,22.112849,85.650503,0.6701,Mining
T45QUE,2021,4032,9664,22.236773,86.000169,0.6701,Mining
T45QUE,2021,6688,5152,21.993613,85.564852,0.6701,Mining
T45QUE,2021,2592,128,22.358473,85.073335,0.67,Mining
T45QUE,2021,3904,7616,22.246991,85.801367,0.67,Mining
T45QUE,2021,5408,2912,22.107165,85.346589,0.67,Mining
T45QUE,2021,5888,9824,22.069214,86.016858,0.67,Mining
T45QUE,2021,7200,7712,21.949348,85.813174,0.67,Mining
T45QUE,2021,2240,2144,22.39247,85.268649,0.67,Mining
T45QUE,2021,320,5056,22.568648,85.549635,0.67,Mining
T45QUE,2021,2432,6272,22.378925,85.669707,0.6699,Mining
T45QUE,2021,5536,8480,22.100175,85.886362,0.6699,Mining
T45QUE,2021,7904,6880,21.885158,85.73318,0.6699,Mining
T45QUE,2021,3744,4448,22.258884,85.493851,0.6699,Mining
T45QUE,2021,3488,10304,22.286283,86.061939,0.6698,Mining
T45QUE,2021,4256,6304,22.21421,85.67437,0.6698,Mining
T45QUE,2021,5792,7424,22.076322,85.784204,0.6698,Mining
T45QUE,2021,1536,5312,22.459052,85.575655,0.6698,Mining
T45QUE,2021,7616,6240,21.910683,85.671002,0.6697,Mining
T45QUE,2021,7072,3424,21.957384,85.397901,0.6697,Mining
T45QUE,2021,5824,6528,22.072763,85.697401,0.6697,Mining
T45QUE,2021,4512,10400,22.193837,86.071866,0.6697,Mining
T45QUE,2021,2368,9024,22.386683,85.936935,0.6697,Mining
T45QUE,2021,800,6336,22.526372,85.674522,0.6697,Mining
T45QUE,2021,2400,5952,22.381556,85.638603,0.6696,Mining
T45QUE,2021,7392,2304,21.927393,85.28982,0.6696,Mining
T45QUE,2021,2368,992,22.379676,85.15694,0.6696,Mining
T45QUE,2021,2720,5952,22.352655,85.638884,0.6696,Mining
T45QUE,2021,1696,4512,22.443897,85.49808,0.6696,Mining
T45QUE,2021,3104,4320,22.316567,85.480808,0.6696,Mining
T45QUE,2021,2496,6176,22.373068,85.660439,0.6696,Mining
T45QUE,2021,2848,2432,22.337864,85.297283,0.6696,Mining
T45QUE,2021,5184,7456,22.131262,85.786836,0.6696,Mining
T45QUE,2021,9504,6304,21.740202,85.678764,0.6695,Mining
T45QUE,2021,10528,8512,21.649268,85.892947,0.6695,Mining
T45QUE,2021,9376,1024,21.7469,85.168221,0.6695,Mining
T45QUE,2021,1952,7904,22.423505,85.827838,0.6695,Mining
T45QUE,2021,2880,9184,22.340537,85.952821,0.6695,Mining
T45QUE,2021,3008,3584,22.324551,85.409273,0.6694,Mining
T45QUE,2021,5792,64,22.069465,85.071078,0.6694,Mining
T45QUE,2021,1760,10496,22.442479,86.07955,0.6694,Mining
T45QUE,2021,3648,5344,22.268337,85.580699,0.6694,Mining
T45QUE,2021,6464,1888,22.010771,85.248529,0.6694,Mining
T45QUE,2021,1920,1440,22.420618,85.199916,0.6694,Mining
T45QUE,2021,3008,4768,22.325638,85.524201,0.6694,Mining
T45QUE,2021,7072,2336,21.956323,85.292572,0.6693,Mining
T45QUE,2021,992,1952,22.504961,85.24859,0.6693,Mining
T45QUE,2021,3616,4352,22.270357,85.484413,0.6693,Mining
T45QUE,2021,3744,416,22.254787,85.102698,0.6693,Mining
T45QUE,2021,2624,8320,22.363096,85.868744,0.6691,Mining
T45QUE,2021,96,1408,22.585282,85.194671,0.6691,Mining
T45QUE,2021,5952,8544,22.06264,85.892858,0.6691,Mining
T45QUE,2021,5856,7200,22.070378,85.762547,0.6691,Mining
T45QUE,2021,7072,8672,21.961555,85.906039,0.6691,Mining
T45QUE,2021,2272,3936,22.39135,85.442701,0.6691,Mining
T45QUE,2021,4416,10816,22.202734,86.112164,0.6691,Mining
T45QUE,2021,1888,2912,22.425038,85.34285,0.6691,Mining
T45QUE,2021,448,5216,22.557228,85.565313,0.6691,Mining
T45QUE,2021,7136,320,21.948399,85.097498,0.669,Mining
T45QUE,2021,3136,4800,22.314107,85.527429,0.669,Mining
T45QUE,2021,96,7296,22.590698,85.767286,0.669,Mining
T45QUE,2021,2336,4064,22.385689,85.455196,0.669,Mining
T45QUE,2021,5696,10432,22.086901,86.075669,0.6689,Mining
T45QUE,2021,4576,8832,22.187118,85.91982,0.6689,Mining
T45QUE,2021,896,6432,22.517778,85.683936,0.6689,Mining
T45QUE,2021,384,6208,22.56384,85.661716,0.6689,Mining
T45QUE,2021,6240,7040,22.035576,85.747348,0.6689,Mining
T45QUE,2021,5472,2528,22.101004,85.309444,0.6689,Mining
T45QUE,2021,4224,8704,22.218831,85.907159,0.6689,Mining
T45QUE,2021,4960,8448,22.152182,85.88285,0.6688,Mining
T45QUE,2021,3264,3264,22.301125,85.37848,0.6688,Mining
T45QUE,2021,1728,3328,22.439896,85.383089,0.6688,Mining
T45QUE,2021,2560,10688,22.370321,86.098673,0.6688,Mining
T45QUE,2021,6368,0,22.017383,85.065586,0.6688,Mining
T45QUE,2021,1504,3744,22.460525,85.423273,0.6687,Mining
T45QUE,2021,2912,224,22.329691,85.08305,0.6687,Mining
T45QUE,2021,640,10400,22.543594,86.069545,0.6687,Mining
T45QUE,2021,1984,5952,22.419128,85.638237,0.6687,Mining
T45QUE,2021,5088,8416,22.140599,85.879838,0.6687,Mining
T45QUE,2021,1408,9792,22.47387,86.010916,0.6687,Mining
T45QUE,2021,6176,6208,22.04072,85.66669,0.6687,Mining
T45QUE,2021,6496,8768,22.013647,85.914939,0.6687,Mining
T45QUE,2021,1056,640,22.497746,85.12117,0.6687,Mining
T45QUE,2021,5760,10144,22.08096,86.047793,0.6686,Mining
T45QUE,2021,864,320,22.514716,85.089838,0.6686,Mining
T45QUE,2021,5248,6944,22.125105,85.737251,0.6685,Mining
T45QUE,2021,2464,6240,22.376009,85.666627,0.6685,Mining
T45QUE,2021,2208,5376,22.398416,85.58249,0.6685,Mining
T45QUE,2021,1696,6080,22.445243,85.650419,0.6685,Mining
T45QUE,2021,512,1024,22.547296,85.157833,0.6685,Mining
T45QUE,2021,992,7104,22.509629,85.749341,0.6685,Mining
T45QUE,2021,1600,2176,22.450295,85.271041,0.6684,Mining
T45QUE,2021,7808,9056,21.895315,85.943715,0.6684,Mining
T45QUE,2021,2560,4320,22.365696,85.480275,0.6684,Mining
T45QUE,2021,320,7648,22.570726,85.801699,0.6684,Mining
T45QUE,2021,3264,3904,22.301734,85.440591,0.6684,Mining
T45QUE,2021,3168,5920,22.312167,85.63617,0.6684,Mining
T45QUE,2021,3488,4608,22.282147,85.50913,0.6684,Mining
T45QUE,2021,1408,6976,22.471959,85.73724,0.6684,Mining
T45QUE,2021,5728,9184,22.083282,85.954729,0.6684,Mining
T45QUE,2021,160,9504,22.586422,85.982099,0.6683,Mining
T45QUE,2021,8064,2240,21.866642,85.284352,0.6682,Mining
T45QUE,2021,1472,8320,22.467148,85.867901,0.6682,Mining
T45QUE,2021,5600,8672,22.094519,85.905017,0.6682,Mining
T45QUE,2021,4192,7840,22.221137,85.823318,0.6682,Mining
T45QUE,2021,2336,1120,22.382706,85.16933,0.6682,Mining
T45QUE,2021,8864,5504,21.797372,85.600862,0.6681,Mining
T45QUE,2021,1024,10464,22.508943,86.075999,0.6681,Mining
T45QUE,2021,8224,8160,21.857159,85.857289,0.6681,Mining
T45QUE,2021,10496,1984,21.646757,85.262231,0.6681,Mining
T45QUE,2021,800,2880,22.523255,85.33857,0.668,Mining
T45QUE,2021,4224,8224,22.218511,85.860594,0.668,Mining
T45QUE,2021,6272,7776,22.033216,85.818677,0.668,Mining
T45QUE,2021,5504,5984,22.101237,85.64441,0.668,Mining
T45QUE,2021,9056,6816,21.781056,85.727907,0.668,Mining
T45QUE,2021,7520,10080,21.921938,86.042658,0.668,Mining
T45QUE,2021,2752,5632,22.349501,85.607842,0.668,Mining
T45QUE,2021,608,1568,22.539225,85.210826,0.6679,Mining
T45QUE,2021,3552,5952,22.277512,85.639612,0.6679,Mining
T45QUE,2021,1632,10496,22.454041,86.079473,0.6679,Mining
T45QUE,2021,160,6624,22.584403,85.701979,0.6679,Mining
T45QUE,2021,5376,1248,22.108343,85.185298,0.6679,Mining
T45QUE,2021,4096,9440,22.230857,85.978477,0.6679,Mining
T45QUE,2021,5056,1984,22.138016,85.256266,0.6679,Mining
T45QUE,2021,288,8640,22.574306,85.898152,0.6678,Mining
T45QUE,2021,3584,3616,22.272565,85.412967,0.6678,Mining
T45QUE,2021,8352,7072,21.844834,85.752113,0.6678,Mining
T45QUE,2021,5472,9856,22.10681,86.0197,0.6678,Mining
T45QUE,2021,704,9536,22.537305,85.985572,0.6678,Mining
T45QUE,2021,3584,10208,22.277557,86.052679,0.6678,Mining
T45QUE,2021,5248,9568,22.126874,85.991638,0.6678,Mining
T45QUE,2021,7008,7584,21.966601,85.800635,0.6677,Mining
T45QUE,2021,64,10176,22.595494,86.047406,0.6677,Mining
T45QUE,2021,5120,5120,22.135202,85.56032,0.6677,Mining
T45QUE,2021,800,6432,22.526449,85.683854,0.6676,Mining
T45QUE,2021,3872,5376,22.248133,85.584007,0.6676,Mining
T45QUE,2021,6432,9696,22.019999,86.004797,0.6676,Mining
T45QUE,2021,480,192,22.549239,85.076919,0.6676,Mining
T45QUE,2021,3328,6752,22.298375,85.717062,0.6676,Mining
T45QUE,2021,6304,8032,22.030502,85.843502,0.6676,Mining
T45QUE,2021,2112,3712,22.405588,85.420785,0.6676,Mining
T45QUE,2021,9920,7552,21.703544,85.799734,0.6676,Mining
T45QUE,2021,704,1920,22.530933,85.245152,0.6675,Mining
T45QUE,2021,5088,4416,22.137476,85.492044,0.6675,Mining
T45QUE,2021,544,2976,22.546468,85.347626,0.6675,Mining
T45QUE,2021,576,1184,22.541695,85.173462,0.6675,Mining
T45QUE,2021,672,2464,22.534391,85.297994,0.6675,Mining
T45QUE,2021,3328,8064,22.299332,85.844408,0.6675,Mining
T45QUE,2021,4704,3552,22.171359,85.4079,0.6674,Mining
T45QUE,2021,1920,5824,22.424803,85.625746,0.6674,Mining
T45QUE,2021,224,4640,22.576948,85.50909,0.6673,Mining
T45QUE,2021,10720,4864,21.629204,85.540657,0.6673,Mining
T45QUE,2021,8352,5056,21.843243,85.557071,0.6673,Mining
T45QUE,2021,10048,7168,21.691709,85.762716,0.6673,Mining
T45QUE,2021,1184,10208,22.494346,86.05121,0.6673,Mining
T45QUE,2021,3328,9376,22.30019,85.97176,0.6673,Mining
T45QUE,2021,3200,2752,22.3064,85.328724,0.6672,Mining
T45QUE,2021,8160,10304,21.864248,86.064721,0.6672,Mining
T45QUE,2021,6112,10912,22.049579,86.122426,0.6672,Mining
T45QUE,2021,3328,5344,22.297237,85.580407,0.6672,Mining
T45QUE,2021,5984,2528,22.054768,85.309995,0.6672,Mining
T45QUE,2021,2176,3456,22.399564,85.395989,0.6672,Mining
T45QUE,2021,160,10624,22.587075,86.091043,0.6672,Mining
T45QUE,2021,128,6624,22.587293,85.701952,0.6672,Mining
T45QUE,2021,2432,8608,22.380631,85.896575,0.6671,Mining
T45QUE,2021,7616,8320,21.912186,85.87234,0.6671,Mining
T45QUE,2021,3648,1600,22.264756,85.217441,0.6671,Mining
T45QUE,2021,6368,5568,22.022863,85.604857,0.6671,Mining
T45QUE,2021,352,3392,22.564217,85.387867,0.6671,Mining
T45QUE,2021,1760,6080,22.439463,85.650475,0.6671,Mining
T45QUE,2021,5504,7392,22.102312,85.78088,0.6671,Mining
T45QUE,2021,5632,0,22.083839,85.064681,0.667,Mining
T45QUE,2021,6272,9120,22.034103,85.948889,0.667,Mining
T45QUE,2021,7616,2080,21.906937,85.268384,0.667,Mining
T45QUE,2021,2272,10688,22.396336,86.098505,0.667,Mining
T45QUE,2021,1408,10144,22.474076,86.045128,0.667,Mining
T45QUE,2021,1376,6432,22.474427,85.684346,0.667,Mining
T45QUE,2021,6496,9760,22.014255,86.011038,0.667,Mining
T45QUE,2021,1504,4224,22.460974,85.46991,0.6669,Mining
T45QUE,2021,3456,6144,22.286337,85.658161,0.6669,Mining
T45QUE,2021,3392,3936,22.290204,85.443825,0.6669,Mining
T45QUE,2021,544,6272,22.549442,85.668078,0.6669,Mining
T45QUE,2021,7552,9472,21.918694,85.983817,0.6669,Mining
T45QUE,2021,6720,8160,21.993013,85.856205,0.6669,Mining
T45QUE,2021,224,2976,22.575365,85.347282,0.6669,Mining
T45QUE,2021,3744,8320,22.261932,85.869559,0.6669,Mining
T45QUE,2021,4192,1920,22.21597,85.249097,0.6668,Mining
T45QUE,2021,3360,5952,22.294853,85.639444,0.6668,Mining
T45QUE,2021,3776,8224,22.258977,85.860267,0.6668,Mining
T45QUE,2021,7424,8480,21.929635,85.887694,0.6668,Mining
T45QUE,2021,3968,9920,22.242705,86.024968,0.6668,Mining
T45QUE,2021,1024,3904,22.504023,85.438332,0.6668,Mining
T45QUE,2021,3424,9888,22.291825,86.021521,0.6667,Mining
T45QUE,2021,5984,10688,22.061024,86.100647,0.6667,Mining
T45QUE,2021,7328,7968,21.937963,85.838055,0.6667,Mining
T45QUE,2021,544,544,22.543866,85.111214,0.6667,Mining
T45QUE,2021,3104,3840,22.316124,85.434219,0.6667,Mining
T45QUE,2021,9920,2112,21.698904,85.273977,0.6667,Mining
T45QUE,2021,3808,5152,22.253722,85.562216,0.6667,Mining
T45QUE,2021,128,10240,22.58975,86.053671,0.6667,Mining
T45QUE,2021,6848,3744,21.977913,85.428659,0.6667,Mining
T45QUE,2021,8032,7616,21.874129,85.804506,0.6666,Mining
T45QUE,2021,2976,8608,22.331494,85.896962,0.6666,Mining
T45QUE,2021,9472,7040,21.743645,85.749895,0.6665,Mining
T45QUE,2021,4928,8320,22.154987,85.870415,0.6665,Mining
T45QUE,2021,6272,9504,22.034338,85.986094,0.6665,Mining
T45QUE,2021,5408,10528,22.11297,86.084806,0.6664,Mining
T45QUE,2021,4704,8000,22.175002,85.83922,0.6664,Mining
T45QUE,2021,512,3872,22.550229,85.434701,0.6664,Mining
T45QUE,2021,2720,4128,22.35107,85.461792,0.6664,Mining
T45QUE,2021,1888,8032,22.429376,85.840225,0.6664,Mining
T45QUE,2021,6880,7552,21.97814,85.797439,0.6664,Mining
T45QUE,2021,4320,10464,22.211216,86.077961,0.6664,Mining
T45QUE,2021,800,3360,22.52373,85.385226,0.6664,Mining
T45QUE,2021,864,5120,22.519575,85.55637,0.6664,Mining
T45QUE,2021,5696,9152,22.086153,85.951606,0.6664,Mining
T45QUE,2021,5728,10816,22.084217,86.112907,0.6664,Mining
T45QUE,2021,4800,10752,22.168012,86.106175,0.6664,Mining
T45QUE,2021,5280,6112,22.121571,85.656625,0.6663,Mining
T45QUE,2021,9440,5184,21.745083,85.570429,0.6663,Mining
T45QUE,2021,4608,4096,22.180535,85.460552,0.6663,Mining
T45QUE,2021,2592,5312,22.363681,85.576627,0.6663,Mining
T45QUE,2021,2336,2816,22.384486,85.334008,0.6663,Mining
T45QUE,2021,5216,2816,22.124409,85.337082,0.6662,Mining
T45QUE,2021,2208,4160,22.397338,85.464391,0.6662,Mining
T45QUE,2021,2880,7104,22.339106,85.750868,0.6662,Mining
T45QUE,2021,1952,3008,22.419354,85.352243,0.6662,Mining
T45QUE,2021,8416,8960,21.840334,85.93483,0.6662,Mining
T45QUE,2021,1408,3456,22.468918,85.395191,0.6662,Mining
T45QUE,2021,1600,672,22.448663,85.124941,0.6661,Mining
T45QUE,2021,2240,3648,22.393968,85.414701,0.6661,Mining
T45QUE,2021,1696,10496,22.44826,86.079512,0.6661,Mining
T45QUE,2021,4384,9664,22.204977,86.000394,0.6661,Mining
T45QUE,2021,4896,10016,22.158934,86.034856,0.666,Mining
T45QUE,2021,5504,4640,22.100104,85.514152,0.666,Mining
T45QUE,2021,416,9248,22.563139,85.957373,0.666,Mining
T45QUE,2021,6848,6848,21.980516,85.729236,0.666,Mining
T45QUE,2021,2752,9504,22.352297,85.983809,0.666,Mining
T45QUE,2021,4736,6400,22.170932,85.684086,0.666,Mining
T45QUE,2021,5856,6880,22.070141,85.731538,0.6659,Mining
T45QUE,2021,2336,4896,22.386441,85.535992,0.6659,Mining
T45QUE,2021,5280,10880,22.12472,86.118859,0.6659,Mining
T45QUE,2021,4736,4896,22.16969,85.538247,0.6659,Mining
T45QUE,2021,4128,736,22.220473,85.134198,0.6659,Mining
T45QUE,2021,1888,5920,22.427772,85.635043,0.6659,Mining
T45QUE,2021,2592,9472,22.366729,85.980596,0.6659,Mining
T45QUE,2021,1472,448,22.459966,85.103026,0.6659,Mining
T45QUE,2021,9120,9632,21.777146,86.000292,0.6659,Mining
T45QUE,2021,4640,8064,22.180827,85.84538,0.6659,Mining
T45QUE,2021,2176,736,22.396727,85.131854,0.6658,Mining
T45QUE,2021,7072,9216,21.961898,85.958718,0.6658,Mining
T45QUE,2021,1216,6336,22.488801,85.67488,0.6658,Mining
T45QUE,2021,6080,8000,22.050713,85.840237,0.6658,Mining
T45QUE,2021,352,1440,22.562201,85.198084,0.6658,Mining
T45QUE,2021,5024,8768,22.14661,85.913923,0.6658,Mining
T45QUE,2021,3648,1664,22.264824,85.22365,0.6658,Mining
T45QUE,2021,7264,4512,21.941038,85.503418,0.6657,Mining
T45QUE,2021,5056,6592,22.142179,85.702969,0.6657,Mining
T45QUE,2021,9024,6784,21.783922,85.724787,0.6657,Mining
T45QUE,2021,704,5472,22.534329,85.59044,0.6657,Mining
T45QUE,2021,544,3424,22.54691,85.391179,0.6656,Mining
T45QUE,2021,800,7360,22.527161,85.774073,0.6656,Mining
T45QUE,2021,7680,6368,21.905002,85.683444,0.6655,Mining
T45QUE,2021,6784,9504,21.988088,85.986423,0.6655,Mining
T45QUE,2021,32,1088,22.590708,85.16348,0.6655,Mining
T45QUE,2021,7008,5696,21.965163,85.617817,0.6655,Mining
T45QUE,2021,4448,0,22.190745,85.06322,0.6655,Mining
T45QUE,2021,1600,3936,22.452036,85.442024,0.6654,Mining
T45QUE,2021,5536,6016,22.098372,85.647539,0.6654,Mining
T45QUE,2021,3072,6080,22.320968,85.651617,0.6654,Mining
T45QUE,2021,6336,7776,22.027435,85.818725,0.6654,Mining
T45QUE,2021,6752,8608,21.990419,85.899618,0.6653,Mining
T45QUE,2021,32,9888,22.598216,86.019369,0.6653,Mining
T45QUE,2021,9888,5056,21.704512,85.558458,0.6653,Mining
T45QUE,2021,9216,8160,21.767552,85.858,0.6653,Mining
T45QUE,2021,1472,8032,22.46695,85.839913,0.6653,Mining
T45QUE,2021,3200,4928,22.308439,85.539913,0.6653,Mining
T45QUE,2021,5024,8224,22.146251,85.861176,0.6653,Mining
T45QUE,2021,1440,9344,22.470707,85.967396,0.6653,Mining
T45QUE,2021,5344,9760,22.118317,86.010313,0.6653,Mining
T45QUE,2021,2944,7008,22.333253,85.741599,0.6653,Mining
T45QUE,2021,5824,9376,22.074728,85.9734,0.6653,Mining
T45QUE,2021,6304,4608,22.027825,85.511807,0.6653,Mining
T45QUE,2021,1408,6112,22.47128,85.653277,0.6653,Mining
T45QUE,2021,6432,1600,22.01336,85.220603,0.6653,Mining
T45QUE,2021,1280,5472,22.482309,85.590967,0.6652,Mining
T45QUE,2021,5920,3168,22.061176,85.371929,0.6652,Mining
T45QUE,2021,8160,2880,21.858606,85.34637,0.6652,Mining
T45QUE,2021,2528,672,22.364872,85.126065,0.6652,Mining
T45QUE,2021,4160,4704,22.221542,85.519084,0.6652,Mining
T45QUE,2021,6048,7360,22.053153,85.778201,0.6652,Mining
T45QUE,2021,5216,9792,22.129898,86.013335,0.6652,Mining
T45QUE,2021,6688,864,21.989454,85.149629,0.6652,Mining
T45QUE,2021,3136,4416,22.313764,85.490157,0.6652,Mining
T45QUE,2021,5952,10592,22.063863,86.091325,0.6651,Mining
T45QUE,2021,2240,1280,22.39155,85.184753,0.6651,Mining
T45QUE,2021,4896,9216,22.158456,85.957277,0.6651,Mining
T45QUE,2021,1824,10912,22.436924,86.12001,0.6651,Mining
T45QUE,2021,4992,9216,22.149784,85.957341,0.665,Mining
T45QUE,2021,4320,3136,22.205637,85.367164,0.665,Mining
T45QUE,2021,4672,2912,22.17363,85.345813,0.665,Mining
T45QUE,2021,352,960,22.561671,85.151419,0.665,Mining
T45QUE,2021,7648,6944,21.908329,85.739171,0.665,Mining
T45QUE,2021,3360,8384,22.29666,85.875492,0.665,Mining
T45QUE,2021,6784,10048,21.988405,86.039113,0.665,Mining
T45QUE,2021,5728,7744,22.08233,85.815167,0.665,Mining
T45QUE,2021,928,0,22.508565,85.058821,0.6649,Mining
T45QUE,2021,3776,6720,22.257888,85.714327,0.6649,Mining
T45QUE,2021,1504,1984,22.458763,85.25228,0.6649,Mining
T45QUE,2021,5216,10656,22.130383,86.097104,0.6649,Mining
T45QUE,2021,3392,6240,22.292195,85.667423,0.6649,Mining
T45QUE,2021,2560,7008,22.367936,85.741288,0.6649,Mining
T45QUE,2021,1664,9856,22.450784,86.0173,0.6648,Mining
T45QUE,2021,0,2336,22.59494,85.284801,0.6648,Mining
T45QUE,2021,8640,9472,21.820412,85.984512,0.6648,Mining
T45QUE,2021,2944,4512,22.33119,85.49929,0.6648,Mining
T45QUE,2021,1792,2080,22.432857,85.261931,0.6648,Mining
T45QUE,2021,4512,9920,22.193565,86.025307,0.6648,Mining
T45QUE,2021,6784,10080,21.988423,86.042212,0.6647,Mining
T45QUE,2021,2400,8160,22.383219,85.853041,0.6647,Mining
T45QUE,2021,2112,704,22.40247,85.128669,0.6647,Mining
T45QUE,2021,8256,6848,21.85334,85.730364,0.6647,Mining
T45QUE,2021,7040,9184,21.964769,85.955598,0.6647,Mining
T45QUE,2021,2336,10784,22.390606,86.107868,0.6647,Mining
T45QUE,2021,5024,4160,22.143024,85.467165,0.6647,Mining
T45QUE,2021,2464,320,22.370251,85.091816,0.6647,Mining
T45QUE,2021,160,9568,22.586461,85.988325,0.6646,Mining
T45QUE,2021,7040,6688,21.963054,85.713898,0.6646,Mining
T45QUE,2021,4544,8800,22.189988,85.916694,0.6646,Mining
T45QUE,2021,1472,1920,22.461585,85.246026,0.6646,Mining
T45QUE,2021,5696,352,22.07846,85.098861,0.6646,Mining
T45QUE,2021,608,5600,22.543107,85.602797,0.6645,Mining
T45QUE,2021,3328,7840,22.299176,85.822666,0.6645,Mining
T45QUE,2021,416,4320,22.559317,85.478162,0.6645,Mining
T45QUE,2021,2208,7104,22.399801,85.750326,0.6645,Mining
T45QUE,2021,2144,5984,22.404703,85.641486,0.6645,Mining
T45QUE,2021,0,8352,22.600124,85.86993,0.6644,Mining
T45QUE,2021,8512,9536,21.832012,85.990622,0.6644,Mining
T45QUE,2021,3872,5408,22.24816,85.587112,0.6644,Mining
T45QUE,2021,2464,8192,22.37746,85.856196,0.6644,Mining
T45QUE,2021,320,1216,22.564845,85.176269,0.6644,Mining
T45QUE,2021,9088,9600,21.780018,85.997177,0.6644,Mining
T45QUE,2021,1504,2720,22.459522,85.323784,0.6644,Mining
T45QUE,2021,512,10176,22.555028,86.047684,0.6644,Mining
T45QUE,2021,6688,10368,21.997256,86.070051,0.6644,Mining
T45QUE,2021,2528,640,22.364836,85.122959,0.6644,Mining
T45QUE,2021,480,0,22.549014,85.058256,0.6643,Mining
T45QUE,2021,4160,10304,22.22558,86.062343,0.6643,Mining
T45QUE,2021,4256,800,22.208986,85.140557,0.6643,Mining
T45QUE,2021,2240,5088,22.395279,85.554548,0.6643,Mining
T45QUE,2021,3712,5408,22.262611,85.586967,0.6643,Mining
T45QUE,2021,9504,7008,21.740731,85.746826,0.6643,Mining
T45QUE,2021,3392,6016,22.292015,85.645684,0.6643,Mining
T45QUE,2021,6560,6016,22.005885,85.648418,0.6643,Mining
T45QUE,2021,1824,3200,22.431102,85.370756,0.6643,Mining
T45QUE,2021,1760,8192,22.441048,85.855675,0.6643,Mining
T45QUE,2021,480,1440,22.550644,85.198234,0.6643,Mining
T45QUE,2021,5792,192,22.069611,85.083478,0.6643,Mining
T45QUE,2021,2560,5920,22.36708,85.635636,0.6643,Mining
T45QUE,2021,32,10016,22.598292,86.031821,0.6643,Mining
T45QUE,2021,896,5696,22.517178,85.61239,0.6642,Mining
T45QUE,2021,5504,576,22.096048,85.120333,0.6642,Mining
T45QUE,2021,5920,5152,22.062976,85.564153,0.6642,Mining
T45QUE,2021,1536,4832,22.458633,85.529016,0.6642,Mining
T45QUE,2021,1536,10016,22.46244,86.032767,0.6642,Mining
T45QUE,2021,320,1248,22.56488,85.17938,0.6642,Mining
T45QUE,2021,480,896,22.550042,85.145352,0.6642,Mining
T45QUE,2021,3904,3424,22.243483,85.394667,0.6641,Mining
T45QUE,2021,3168,2752,22.30929,85.328689,0.6641,Mining
T45QUE,2021,6880,2592,21.973918,85.317151,0.6641,Mining
T45QUE,2021,2944,5632,22.332161,85.608015,0.6641,Mining
T45QUE,2021,2880,1120,22.333586,85.169972,0.6641,Mining
T45QUE,2021,4608,4224,22.180652,85.472963,0.6641,Mining
T45QUE,2021,8800,7776,21.804868,85.820559,0.664,Mining
T45QUE,2021,3648,4224,22.267351,85.472024,0.664,Mining
T45QUE,2021,2240,3488,22.393815,85.399163,0.664,Mining
T45QUE,2021,6752,1664,21.98453,85.22716,0.664,Mining
T45QUE,2021,1728,3424,22.439989,85.392415,0.664,Mining
T45QUE,2021,4064,4928,22.230408,85.540723,0.664,Mining
T45QUE,2021,4832,10784,22.165139,86.109297,0.664,Mining
T45QUE,2021,1696,224,22.439484,85.081544,0.664,Mining
T45QUE,2021,7232,5664,21.944906,85.614914,0.6639,Mining
T45QUE,2021,3776,5152,22.256613,85.562186,0.6639,Mining
T45QUE,2021,832,7168,22.524128,85.755433,0.6639,Mining
T45QUE,2021,64,3296,22.59013,85.378228,0.6639,Mining
T45QUE,2021,9504,7072,21.740778,85.753014,0.6639,Mining
T45QUE,2021,9280,7392,21.761241,85.783782,0.6639,Mining
T45QUE,2021,6464,128,22.008861,85.078098,0.6639,Mining
T45QUE,2021,4064,1344,22.226918,85.193088,0.6639,Mining
T45QUE,2021,6112,5888,22.046245,85.635633,0.6639,Mining
T45QUE,2021,640,5472,22.540109,85.590382,0.6639,Mining
T45QUE,2021,9248,8160,21.764661,85.858023,0.6639,Mining
T45QUE,2021,5952,9184,22.063048,85.954877,0.6638,Mining
T45QUE,2021,4096,7392,22.229487,85.779783,0.6638,Mining
T45QUE,2021,1184,1120,22.486726,85.167965,0.6638,Mining
T45QUE,2021,10176,1952,21.675623,85.258793,0.6638,Mining
T45QUE,2021,6080,7552,22.0504,85.796829,0.6638,Mining
T45QUE,2021,160,6656,22.584428,85.705092,0.6637,Mining
T45QUE,2021,4640,1824,22.175415,85.240291,0.6637,Mining
T45QUE,2021,1056,9824,22.505684,86.013801,0.6637,Mining
T45QUE,2021,3104,3296,22.315605,85.381419,0.6636,Mining
T45QUE,2021,4224,5376,22.216342,85.584327,0.6636,Mining
T45QUE,2021,2432,5216,22.378049,85.567157,0.6636,Mining
T45QUE,2021,992,3552,22.506577,85.404088,0.6636,Mining
T45QUE,2021,4000,3296,22.234691,85.38235,0.6636,Mining
T45QUE,2021,6656,6432,21.997541,85.688791,0.6636,Mining
T45QUE,2021,768,1248,22.524429,85.17991,0.6635,Mining
T45QUE,2021,2624,4544,22.360118,85.502087,0.6635,Mining
T45QUE,2021,5408,5280,22.109327,85.576092,0.6635,Mining
T45QUE,2021,6016,10784,22.058184,86.109968,0.6635,Mining
T45QUE,2021,5856,8512,22.071291,85.889689,0.6635,Mining
T45QUE,2021,4928,5600,22.152947,85.606681,0.6635,Mining
T45QUE,2021,352,128,22.560721,85.070537,0.6635,Mining
T45QUE,2021,2240,1568,22.391861,85.212717,0.6635,Mining
T45QUE,2021,5504,896,22.096402,85.151339,0.6634,Mining
T45QUE,2021,896,4768,22.516375,85.522184,0.6634,Mining
T45QUE,2021,768,10432,22.53205,86.072734,0.6634,Mining
T45QUE,2021,1088,8768,22.502132,85.911168,0.6634,Mining
T45QUE,2021,3360,9536,22.297397,85.987313,0.6634,Mining
T45QUE,2021,1440,1088,22.463575,85.16516,0.6634,Mining
T45QUE,2021,4032,192,22.228527,85.081324,0.6634,Mining
T45QUE,2021,4960,10112,22.153207,86.044204,0.6634,Mining
T45QUE,2021,4832,1984,22.158244,85.256017,0.6634,Mining
T45QUE,2021,128,3872,22.584907,85.434309,0.6634,Mining
T45QUE,2021,8672,1376,21.810847,85.201453,0.6634,Mining
T45QUE,2021,2336,9056,22.389593,85.940021,0.6633,Mining
T45QUE,2021,4992,3072,22.144889,85.361661,0.6633,Mining
T45QUE,2021,2944,608,22.327238,85.120356,0.6633,Mining
T45QUE,2021,5696,6112,22.083998,85.65698,0.6633,Mining
T45QUE,2021,2656,3776,22.356521,85.427553,0.6633,Mining
T45QUE,2021,2688,2560,22.352442,85.309534,0.6633,Mining
T45QUE,2021,3648,3264,22.266448,85.37888,0.6633,Mining
T45QUE,2021,5952,5120,22.060059,85.561082,0.6632,Mining
T45QUE,2021,8768,7968,21.80789,85.839108,0.6632,Mining
T45QUE,2021,800,640,22.52086,85.120858,0.6632,Mining
T45QUE,2021,5984,10080,22.060689,86.041726,0.6632,Mining
T45QUE,2021,1856,9792,22.433403,86.011203,0.6632,Mining
T45QUE,2021,4448,10592,22.199723,86.090453,0.6632,Mining
T45QUE,2021,6656,2432,21.993987,85.301419,0.6631,Mining
T45QUE,2021,2784,384,22.341431,85.098421,0.6631,Mining
T45QUE,2021,1120,2752,22.49423,85.326476,0.6631,Mining
T45QUE,2021,5632,6176,22.089829,85.663128,0.6631,Mining
T45QUE,2021,2752,6624,22.3503,85.704159,0.6631,Mining
T45QUE,2021,4928,4960,22.152405,85.544631,0.663,Mining
T45QUE,2021,2368,8384,22.386262,85.874773,0.663,Mining
T45QUE,2021,128,6208,22.586961,85.661492,0.663,Mining
T45QUE,2021,160,5088,22.583126,85.552596,0.663,Mining
T45QUE,2021,3904,5536,22.245378,85.599559,0.663,Mining
T45QUE,2021,8320,2848,21.844125,85.343441,0.663,Mining
T45QUE,2021,6048,896,22.04728,85.151978,0.6629,Mining
T45QUE,2021,3136,9344,22.317513,85.968527,0.6629,Mining
T45QUE,2021,2656,5504,22.358064,85.595328,0.6629,Mining
T45QUE,2021,7488,1600,21.918001,85.221791,0.6629,Mining
T45QUE,2021,800,2848,22.523223,85.33546,0.6629,Mining
T45QUE,2021,3840,640,22.246371,85.124542,0.6629,Mining
T45QUE,2021,192,3584,22.578852,85.406369,0.6628,Mining
T45QUE,2021,7168,5664,21.950686,85.614858,0.6628,Mining
T45QUE,2021,256,4192,22.573648,85.465557,0.6628,Mining
T45QUE,2021,5504,9632,22.103788,85.998006,0.6628,Mining
T45QUE,2021,1024,10208,22.508799,86.051112,0.6628,Mining
T45QUE,2021,6240,3808,22.032882,85.434253,0.6627,Mining
T45QUE,2021,9856,6144,21.708284,85.663589,0.6627,Mining
T45QUE,2021,7648,7616,21.908814,85.804217,0.6627,Mining
T45QUE,2021,3008,4800,22.325667,85.527307,0.6627,Mining
T45QUE,2021,2944,7872,22.333883,85.825482,0.6627,Mining
T45QUE,2021,2816,4352,22.342605,85.483633,0.6627,Mining
T45QUE,2021,2720,2336,22.349324,85.287823,0.6627,Mining
T45QUE,2021,2016,960,22.411424,85.153414,0.6626,Mining
T45QUE,2021,1024,3296,22.503439,85.379241,0.6626,Mining
T45QUE,2021,4128,10592,22.22863,86.090267,0.6626,Mining
T45QUE,2021,128,288,22.581132,85.085812,0.6626,Mining
T45QUE,2021,1728,3040,22.439614,85.355112,0.6626,Mining
T45QUE,2021,1984,576,22.413883,85.116084,0.6626,Mining
T45QUE,2021,864,5984,22.520307,85.640358,0.6626,Mining
T45QUE,2021,2912,4128,22.333731,85.461982,0.6626,Mining
T45QUE,2021,5536,2816,22.095511,85.337421,0.6626,Mining
T45QUE,2021,5600,10688,22.095712,86.100427,0.6625,Mining
T45QUE,2021,2336,5984,22.387363,85.641654,0.6625,Mining
T45QUE,2021,7232,3712,21.943204,85.425943,0.6625,Mining
T45QUE,2021,2080,8064,22.412056,85.843478,0.6625,Mining
T45QUE,2021,3808,5504,22.254021,85.596368,0.6625,Mining
T45QUE,2021,3232,992,22.301661,85.157966,0.6625,Mining
T45QUE,2021,1536,7424,22.460733,85.780878,0.6625,Mining
T45QUE,2021,2048,4320,22.411934,85.479773,0.6625,Mining
T45QUE,2021,3968,3456,22.237734,85.397837,0.6625,Mining
T45QUE,2021,3424,9952,22.291863,86.027733,0.6624,Mining
T45QUE,2021,7008,6496,21.965797,85.69528,0.6624,Mining
T45QUE,2021,288,6560,22.572792,85.695864,0.6624,Mining
T45QUE,2021,3680,8256,22.26767,85.863302,0.6624,Mining
T45QUE,2021,3744,2976,22.257497,85.351039,0.6624,Mining
T45QUE,2021,1600,896,22.448915,85.1467,0.6624,Mining
T45QUE,2021,1056,2880,22.500138,85.338846,0.6624,Mining
T45QUE,2021,672,6912,22.538384,85.730413,0.6623,Mining
T45QUE,2021,1888,10208,22.430755,86.051643,0.6623,Mining
T45QUE,2021,4512,9984,22.193602,86.031515,0.6623,Mining
T45QUE,2021,576,5504,22.545916,85.593434,0.6623,Mining
T45QUE,2021,2752,5664,22.349528,85.610949,0.6622,Mining
T45QUE,2021,3648,2720,22.265912,85.3261,0.6622,Mining
T45QUE,2021,5952,4064,22.059127,85.458769,0.6621,Mining
T45QUE,2021,2016,1568,22.412088,85.212459,0.6621,Mining
T45QUE,2021,4704,4416,22.172156,85.491674,0.6621,Mining
T45QUE,2021,2080,8128,22.4121,85.849695,0.6621,Mining
T45QUE,2021,5472,7328,22.105156,85.774652,0.6621,Mining
T45QUE,2021,1024,9856,22.508594,86.016891,0.662,Mining
T45QUE,2021,544,5344,22.548669,85.577848,0.6619,Mining
T45QUE,2021,5120,7328,22.13695,85.774377,0.6619,Mining
T45QUE,2021,5632,6624,22.090179,85.706546,0.6619,Mining
T45QUE,2021,5376,9376,22.115196,85.973107,0.6619,Mining
T45QUE,2021,3200,5984,22.309329,85.64241,0.6619,Mining
T45QUE,2021,672,8000,22.539184,85.836199,0.6619,Mining
T45QUE,2021,1792,4992,22.435655,85.544803,0.6619,Mining
T45QUE,2021,2144,5024,22.403893,85.548243,0.6619,Mining
T45QUE,2021,4128,5408,22.225039,85.587344,0.6619,Mining
T45QUE,2021,7616,9088,21.912679,85.946685,0.6619,Mining
T45QUE,2021,160,7360,22.584965,85.773562,0.6618,Mining
T45QUE,2021,3520,3328,22.278069,85.384957,0.6618,Mining
T45QUE,2021,4096,7232,22.22937,85.764261,0.6618,Mining
T45QUE,2021,6528,4352,22.007367,85.487225,0.6618,Mining
T45QUE,2021,1600,6272,22.454068,85.668991,0.6618,Mining
T45QUE,2021,3328,8096,22.299355,85.847514,0.6618,Mining
T45QUE,2021,608,2912,22.540625,85.341473,0.6618,Mining
T45QUE,2021,5728,10208,22.083887,86.053977,0.6618,Mining
T45QUE,2021,0,736,22.593202,85.129214,0.6618,Mining
T45QUE,2021,5408,10176,22.112775,86.050682,0.6618,Mining
T45QUE,2021,7264,6240,21.942476,85.670707,0.6618,Mining
T45QUE,2021,544,4032,22.54749,85.450289,0.6617,Mining
T45QUE,2021,1824,768,22.428546,85.134537,0.6617,Mining
T45QUE,2021,7776,8384,21.897776,85.878648,0.6617,Mining
T45QUE,2021,3200,9696,22.311945,86.002741,0.6617,Mining
T45QUE,2021,8000,7680,21.877064,85.810676,0.6617,Mining
T45QUE,2021,5280,3808,22.119581,85.433297,0.6617,Mining
T45QUE,2021,960,3104,22.50903,85.360513,0.6617,Mining
T45QUE,2021,0,2496,22.595105,85.300361,0.6617,Mining
T45QUE,2021,3872,10912,22.251925,86.12117,0.6616,Mining
T45QUE,2021,0,4704,22.597235,85.515097,0.6616,Mining
T45QUE,2021,6208,6048,22.037703,85.651217,0.6616,Mining
T45QUE,2021,1376,5248,22.473447,85.569288,0.6616,Mining
T45QUE,2021,5856,4384,22.068086,85.48968,0.6616,Mining
T45QUE,2021,800,5312,22.525522,85.574974,0.6616,Mining
T45QUE,2021,2688,5952,22.355545,85.638856,0.6615,Mining
T45QUE,2021,4192,6720,22.220314,85.714669,0.6615,Mining
T45QUE,2021,960,6496,22.512049,85.690212,0.6615,Mining
T45QUE,2021,3200,8704,22.311325,85.90644,0.6615,Mining
T45QUE,2021,768,1184,22.524358,85.17369,0.6615,Mining
T45QUE,2021,3200,4096,22.307692,85.459161,0.6615,Mining
T45QUE,2021,1888,3648,22.425756,85.41434,0.6615,Mining
T45QUE,2021,896,4992,22.516573,85.543958,0.6615,Mining
T45QUE,2021,2176,5120,22.401086,85.557597,0.6614,Mining
T45QUE,2021,3744,320,22.254678,85.093386,0.6614,Mining
T45QUE,2021,3456,5120,22.285486,85.558786,0.6614,Mining
T45QUE,2021,96,3264,22.587209,85.37515,0.6614,Mining
T45QUE,2021,1376,9824,22.476779,86.014006,0.6614,Mining
T45QUE,2021,5184,7744,22.131467,85.814757,0.6614,Mining
T45QUE,2021,7232,7712,21.946458,85.813198,0.6613,Mining
T45QUE,2021,1952,3648,22.419976,85.414405,0.6613,Mining
T45QUE,2021,9600,7744,21.732583,85.818056,0.6613,Mining
T45QUE,2021,3744,8288,22.261911,85.866454,0.6613,Mining
T45QUE,2021,1792,7776,22.437866,85.81528,0.6613,Mining
T45QUE,2021,9536,5440,21.736624,85.595263,0.6613,Mining
T45QUE,2021,1952,5856,22.421939,85.628883,0.6613,Mining
T45QUE,2021,2496,1344,22.368504,85.191266,0.6613,Mining
T45QUE,2021,4288,10720,22.214245,86.102778,0.6612,Mining
T45QUE,2021,5760,9312,22.08047,85.967155,0.6612,Mining
T45QUE,2021,96,3200,22.587146,85.368927,0.6612,Mining
T45QUE,2021,6016,7296,22.055997,85.771975,0.6612,Mining
T45QUE,2021,6816,3424,21.980504,85.397642,0.6612,Mining
T45QUE,2021,8064,3584,21.867945,85.414383,0.6611,Mining
T45QUE,2021,832,2656,22.520139,85.316832,0.6611,Mining
T45QUE,2021,896,2496,22.514197,85.301352,0.6611,Mining
T45QUE,2021,864,1056,22.515549,85.161364,0.6611,Mining
T45QUE,2021,2432,8832,22.380778,85.918331,0.6611,Mining
T45QUE,2021,3776,224,22.251679,85.084113,0.6611,Mining
T45QUE,2021,4192,10720,22.222917,86.102723,0.6611,Mining
T45QUE,2021,3360,96,22.289093,85.071183,0.6611,Mining
T45QUE,2021,1216,1120,22.483836,85.168003,0.661,Mining
T45QUE,2021,2976,9888,22.332293,86.021239,0.661,Mining
T45QUE,2021,3200,1952,22.305582,85.251087,0.661,Mining
T45QUE,2021,3968,5728,22.239757,85.618244,0.661,Mining
T45QUE,2021,32,3200,22.592925,85.368858,0.661,Mining
T45QUE,2021,1792,5088,22.435738,85.55413,0.6609,Mining
T45QUE,2021,8000,8512,21.877626,85.891194,0.6609,Mining
T45QUE,2021,3808,8160,22.256043,85.85408,0.6609,Mining
T45QUE,2021,3200,5568,22.308986,85.602032,0.6609,Mining
T45QUE,2021,2816,4384,22.342634,85.486739,0.6609,Mining
T45QUE,2021,2080,3456,22.408233,85.395889,0.6609,Mining
T45QUE,2021,1920,320,22.419369,85.091145,0.6609,Mining
T45QUE,2021,2944,6080,22.332528,85.651506,0.6609,Mining
T45QUE,2021,6304,9216,22.031272,85.958211,0.6608,Mining
T45QUE,2021,6368,10624,22.026301,86.094665,0.6608,Mining
T45QUE,2021,0,1088,22.593597,85.163441,0.6608,Mining
T45QUE,2021,3744,608,22.255003,85.121322,0.6608,Mining
T45QUE,2021,1184,7360,22.492479,85.774379,0.6608,Mining
T45QUE,2021,6144,3040,22.040824,85.359762,0.6608,Mining
T45QUE,2021,5568,4160,22.093895,85.467696,0.6608,Mining
T45QUE,2021,352,1760,22.562547,85.229194,0.6608,Mining
T45QUE,2021,3744,8192,22.261845,85.857138,0.6608,Mining
T45QUE,2021,3200,9632,22.311907,85.996528,0.6608,Mining
T45QUE,2021,6272,1664,22.027875,85.226621,0.6608,Mining
T45QUE,2021,6560,10816,22.009059,86.113375,0.6608,Mining
T45QUE,2021,4064,10304,22.234252,86.062286,0.6608,Mining
T45QUE,2021,5216,7520,22.128418,85.793065,0.6607,Mining
T45QUE,2021,6592,4288,22.00153,85.481088,0.6607,Mining
T45QUE,2021,3680,10656,22.269133,86.096217,0.6607,Mining
T45QUE,2021,3936,10848,22.24611,86.114996,0.6607,Mining
T45QUE,2021,1184,384,22.485897,85.096453,0.6607,Mining
T45QUE,2021,448,2368,22.554519,85.288413,0.6606,Mining
T45QUE,2021,5504,8096,22.102807,85.849118,0.6606,Mining
T45QUE,2021,8832,4928,21.799781,85.545126,0.6606,Mining
T45QUE,2021,2912,10272,22.338295,86.058484,0.6605,Mining
T45QUE,2021,5984,9536,22.060372,85.989009,0.6605,Mining
T45QUE,2021,224,3776,22.576146,85.425072,0.6605,Mining
T45QUE,2021,5664,9632,22.089335,85.998108,0.6605,Mining
T45QUE,2021,2944,2240,22.328998,85.278752,0.6605,Mining
T45QUE,2021,8160,800,21.856464,85.145156,0.6605,Mining
T45QUE,2021,4928,2496,22.150098,85.305756,0.6605,Mining
T45QUE,2021,1760,2080,22.435747,85.261895,0.6605,Mining
T45QUE,2021,6720,6112,21.99151,85.657853,0.6605,Mining
T45QUE,2021,320,3200,22.566918,85.369165,0.6605,Mining
T45QUE,2021,1056,7200,22.50392,85.758725,0.6604,Mining
T45QUE,2021,6688,10080,21.997095,86.042154,0.6604,Mining
T45QUE,2021,5440,832,22.102111,85.145062,0.6604,Mining
T45QUE,2021,3008,2400,22.323383,85.294353,0.6604,Mining
T45QUE,2021,6528,6272,22.008978,85.673187,0.6604,Mining
T45QUE,2021,3776,10432,22.260339,86.074534,0.6604,Mining
T45QUE,2021,64,2112,22.588926,85.26309,0.6604,Mining
T45QUE,2021,4256,7584,22.215174,85.798533,0.6604,Mining
T45QUE,2021,5792,9824,22.077886,86.016798,0.6604,Mining
T45QUE,2021,3360,4224,22.29336,85.471742,0.6604,Mining
T45QUE,2021,1504,6624,22.463017,85.703113,0.6603,Mining
T45QUE,2021,10080,3776,21.68605,85.434937,0.6603,Mining
T45QUE,2021,1920,4096,22.423287,85.457889,0.6603,Mining
T45QUE,2021,3456,10272,22.289155,86.058814,0.6603,Mining
T45QUE,2021,1728,6976,22.443057,85.737501,0.6603,Mining
T45QUE,2021,1280,6240,22.482944,85.665605,0.6603,Mining
T45QUE,2021,7648,8416,21.909359,85.881656,0.6603,Mining
T45QUE,2021,5696,384,22.078496,85.101962,0.6602,Mining
T45QUE,2021,6176,6080,22.040619,85.65429,0.6602,Mining
T45QUE,2021,4096,7808,22.229785,85.820141,0.6602,Mining
T45QUE,2021,6432,9472,22.019865,85.983097,0.6602,Mining
T45QUE,2021,6944,1504,21.967024,85.211886,0.6601,Mining
T45QUE,2021,2976,224,22.323912,85.083128,0.6601,Mining
T45QUE,2021,6528,7680,22.010025,85.80957,0.6601,Mining
T45QUE,2021,3232,4832,22.305465,85.530626,0.6601,Mining
T45QUE,2021,3136,4544,22.313879,85.502581,0.6601,Mining
T45QUE,2021,1632,10624,22.454112,86.091912,0.6601,Mining
T45QUE,2021,3520,3936,22.278645,85.443953,0.66,Mining
T45QUE,2021,32,3008,22.592735,85.350187,0.66,Mining
T45QUE,2021,128,4768,22.585733,85.521445,0.66,Mining
T45QUE,2021,2208,4864,22.397973,85.532763,0.66,Mining
T45QUE,2021,224,1408,22.573724,85.194822,0.66,Mining
T45QUE,2021,960,4576,22.510423,85.503583,0.66,Mining
T45QUE,2021,9312,8480,21.759091,85.889013,0.66,Mining
T45QUE,2021,1152,9152,22.4966,85.94854,0.66,Mining
T45QUE,2021,2976,5856,22.329456,85.629789,0.6599,Mining
T45QUE,2021,5440,2560,22.103926,85.312511,0.6599,Mining
T45QUE,2021,6016,6656,22.05552,85.709962,0.6599,Mining
T45QUE,2021,6464,6208,22.014708,85.666934,0.6599,Mining
T45QUE,2021,5760,10880,22.08136,86.119128,0.6599,Mining
T45QUE,2021,7232,2944,21.942475,85.351598,0.6599,Mining
T45QUE,2021,1152,4320,22.492851,85.47889,0.6598,Mining
T45QUE,2021,4064,3680,22.229277,85.419663,0.6598,Mining
T45QUE,2021,3616,4000,22.270035,85.450258,0.6598,Mining
T45QUE,2021,4736,3616,22.168529,85.414137,0.6598,Mining
T45QUE,2021,2592,4224,22.362718,85.470986,0.6598,Mining
T45QUE,2021,4928,7296,22.154269,85.771124,0.6598,Mining
T45QUE,2021,448,1568,22.553672,85.21064,0.6598,Mining
T45QUE,2021,2592,5792,22.364084,85.623235,0.6598,Mining
T45QUE,2021,6144,6240,22.043636,85.669764,0.6598,Mining
T45QUE,2021,672,768,22.532562,85.133142,0.6598,Mining
T45QUE,2021,2400,9440,22.384053,85.977362,0.6598,Mining
T45QUE,2021,1216,9504,22.491038,85.982799,0.6597,Mining
T45QUE,2021,32,736,22.590313,85.129253,0.6597,Mining
T45QUE,2021,1600,5024,22.453022,85.547732,0.6597,Mining
T45QUE,2021,1632,10688,22.454147,86.098132,0.6597,Mining
T45QUE,2021,1152,2272,22.490849,85.279867,0.6597,Mining
T45QUE,2021,4864,8352,22.160789,85.873472,0.6597,Mining
T45QUE,2021,1280,6464,22.483122,85.687375,0.6597,Mining
T45QUE,2021,96,2688,22.586633,85.319138,0.6596,Mining
T45QUE,2021,1056,8928,22.505127,85.926699,0.6596,Mining
T45QUE,2021,1632,1248,22.446414,85.18093,0.6596,Mining
T45QUE,2021,2272,7232,22.394116,85.76281,0.6596,Mining
T45QUE,2021,4896,9984,22.158915,86.031753,0.6596,Mining
T45QUE,2021,1472,6848,22.466081,85.724853,0.6596,Mining
T45QUE,2021,4896,4832,22.155184,85.532191,0.6596,Mining
T45QUE,2021,4416,5440,22.199055,85.590708,0.6596,Mining
T45QUE,2021,3232,6528,22.306873,85.695241,0.6596,Mining
T45QUE,2021,10112,8096,21.686573,85.852454,0.6596,Mining
T45QUE,2021,9696,3808,21.72076,85.437655,0.6595,Mining
T45QUE,2021,5312,10848,22.121812,86.115774,0.6595,Mining
T45QUE,2021,8064,2272,21.866675,85.287448,0.6595,Mining
T45QUE,2021,5632,6336,22.089955,85.678635,0.6595,Mining
T45QUE,2021,2560,4768,22.366098,85.523775,0.6595,Mining
T45QUE,2021,3072,2848,22.318055,85.337904,0.6594,Mining
T45QUE,2021,4960,9696,22.152966,86.003865,0.6594,Mining
T45QUE,2021,832,5984,22.523197,85.64033,0.6594,Mining
T45QUE,2021,5600,9088,22.094785,85.945338,0.6594,Mining
T45QUE,2021,416,10432,22.563845,86.072522,0.6593,Mining
T45QUE,2021,3616,10848,22.275017,86.114814,0.6593,Mining
T45QUE,2021,9632,3328,21.726096,85.391197,0.6593,Mining
T45QUE,2021,608,1024,22.538628,85.157948,0.6593,Mining
T45QUE,2021,672,9312,22.540056,85.963769,0.6592,Mining
T45QUE,2021,640,1888,22.536678,85.241968,0.6592,Mining
T45QUE,2021,1664,5600,22.447736,85.603754,0.6592,Mining
T45QUE,2021,992,10048,22.511597,86.035537,0.6592,Mining
T45QUE,2021,1600,736,22.448735,85.131158,0.6592,Mining
T45QUE,2021,1856,9952,22.433498,86.026749,0.6591,Mining
T45QUE,2021,192,384,22.575464,85.095225,0.6591,Mining
T45QUE,2021,5408,4256,22.108432,85.476844,0.6591,Mining
T45QUE,2021,9472,6048,21.742893,85.653987,0.6591,Mining
T45QUE,2021,5760,6912,22.078836,85.734561,0.6591,Mining
T45QUE,2021,1088,6144,22.500207,85.656108,0.6591,Mining
T45QUE,2021,800,10176,22.529014,86.047862,0.6591,Mining
T45QUE,2021,3456,8480,22.288053,85.884879,0.6591,Mining
T45QUE,2021,3424,4128,22.287492,85.462488,0.659,Mining
T45QUE,2021,1376,5984,22.474066,85.64081,0.659,Mining
T45QUE,2021,832,1280,22.518685,85.183096,0.659,Mining
T45QUE,2021,2176,7424,22.402928,85.781383,0.659,Mining
T45QUE,2021,8256,3488,21.850516,85.405288,0.659,Mining
T45QUE,2021,1920,2560,22.421794,85.308695,0.659,Mining
T45QUE,2021,5248,9504,22.126836,85.985433,0.659,Mining
T45QUE,2021,8480,8096,21.833992,85.851281,0.659,Mining
T45QUE,2021,1312,8032,22.481401,85.839793,0.659,Mining
T45QUE,2021,2880,3456,22.335988,85.396717,0.6589,Mining
T45QUE,2021,7712,8672,21.903744,85.906481,0.6589,Mining
T45QUE,2021,5088,2880,22.136032,85.34315,0.6589,Mining
T45QUE,2021,5376,9792,22.115445,86.013436,0.6589,Mining
T45QUE,2021,7008,5728,21.965189,85.620915,0.6589,Mining
T45QUE,2021,6624,8928,22.002186,85.930526,0.6589,Mining
T45QUE,2021,4672,1792,22.172492,85.237224,0.6589,Mining
T45QUE,2021,928,3424,22.512233,85.391581,0.6589,Mining
T45QUE,2021,7744,8736,21.900895,85.912697,0.6588,Mining
T45QUE,2021,480,928,22.550078,85.148462,0.6587,Mining
T45QUE,2021,6656,7552,21.998373,85.797268,0.6587,Mining
T45QUE,2021,2688,5120,22.354846,85.558073,0.6587,Mining
T45QUE,2021,1600,5248,22.453217,85.569496,0.6587,Mining
T45QUE,2021,2240,4640,22.394884,85.511039,0.6587,Mining
T45QUE,2021,3424,9728,22.291731,86.005991,0.6587,Mining
T45QUE,2021,6112,928,22.041536,85.155153,0.6587,Mining
T45QUE,2021,7488,3968,21.920319,85.450975,0.6587,Mining
T45QUE,2021,896,3392,22.515092,85.388437,0.6587,Mining
T45QUE,2021,3520,2176,22.276918,85.27318,0.6587,Mining
T45QUE,2021,9696,8704,21.724548,85.910935,0.6586,Mining
T45QUE,2021,672,352,22.532088,85.09271,0.6586,Mining
T45QUE,2021,2368,960,22.37964,85.153834,0.6586,Mining
T45QUE,2021,5664,5952,22.08676,85.641447,0.6585,Mining
T45QUE,2021,832,736,22.51808,85.130227,0.6585,Mining
T45QUE,2021,1248,5312,22.485062,85.575389,0.6585,Mining
T45QUE,2021,7904,7648,21.885713,85.807507,0.6585,Mining
T45QUE,2021,6752,8000,21.990014,85.840731,0.6585,Mining
T45QUE,2021,3424,9408,22.291538,85.97493,0.6585,Mining
T45QUE,2021,2080,9440,22.412957,85.97715,0.6585,Mining
T45QUE,2021,3808,2432,22.251173,85.298333,0.6585,Mining
T45QUE,2021,1824,224,22.427927,85.081703,0.6585,Mining
T45QUE,2021,448,1280,22.553358,85.182642,0.6584,Mining
T45QUE,2021,1504,9856,22.465237,86.017198,0.6584,Mining
T45QUE,2021,1472,4640,22.464242,85.510299,0.6584,Mining
T45QUE,2021,3232,5984,22.306439,85.642438,0.6584,Mining
T45QUE,2021,6656,7648,21.998441,85.806567,0.6584,Mining
T45QUE,2021,7552,992,21.911575,85.163026,0.6584,Mining
T45QUE,2021,6816,5920,21.982686,85.639341,0.6583,Mining
T45QUE,2021,9088,9408,21.779904,85.978607,0.6583,Mining
T45QUE,2021,1920,4992,22.424095,85.544924,0.6583,Mining
T45QUE,2021,3904,10496,22.248812,86.080821,0.6583,Mining
T45QUE,2021,1056,3040,22.500297,85.354396,0.6582,Mining
T45QUE,2021,160,352,22.578316,85.092074,0.6582,Mining
T45QUE,2021,5888,6496,22.066958,85.694354,0.6582,Mining
T45QUE,2021,4192,704,22.214658,85.131171,0.6582,Mining
T45QUE,2021,9632,3584,21.726334,85.415941,0.6581,Mining
T45QUE,2021,0,8480,22.600211,85.882381,0.6581,Mining
T45QUE,2021,3648,3104,22.266292,85.363356,0.6581,Mining
T45QUE,2021,1216,7328,22.489565,85.771294,0.6581,Mining
T45QUE,2021,8096,3552,21.865025,85.411319,0.6581,Mining
T45QUE,2021,3680,3296,22.263589,85.382018,0.6581,Mining
T45QUE,2021,7424,8352,21.92955,85.875301,0.658,Mining
T45QUE,2021,7872,7264,21.88833,85.770318,0.658,Mining
T45QUE,2021,4992,7392,22.148558,85.780482,0.658,Mining
T45QUE,2021,10048,3840,21.688998,85.441091,0.658,Mining
T45QUE,2021,6528,7584,22.009957,85.80027,0.658,Mining
T45QUE,2021,32,1408,22.591061,85.194596,0.658,Mining
T45QUE,2021,7936,6624,21.882075,85.708431,0.6579,Mining
T45QUE,2021,7104,6656,21.957249,85.710851,0.6579,Mining
T45QUE,2021,8416,5312,21.837677,85.581894,0.6579,Mining
T45QUE,2021,768,9248,22.531345,85.957611,0.6579,Mining
T45QUE,2021,4064,5184,22.230629,85.565556,0.6579,Mining
T45QUE,2021,320,832,22.564417,85.138937,0.6579,Mining
T45QUE,2021,832,5536,22.522823,85.596779,0.6578,Mining
T45QUE,2021,4480,9248,22.196053,85.960104,0.6578,Mining
T45QUE,2021,6592,6016,22.002995,85.648446,0.6578,Mining
T45QUE,2021,3808,6592,22.254899,85.701933,0.6578,Mining
T45QUE,2021,5952,4832,22.059811,85.533178,0.6578,Mining
T45QUE,2021,5216,2016,22.123601,85.259546,0.6578,Mining
T45QUE,2021,4000,5728,22.236867,85.618272,0.6578,Mining
T45QUE,2021,736,5888,22.531788,85.630912,0.6578,Mining
T45QUE,2021,4544,5312,22.187387,85.57841,0.6577,Mining
T45QUE,2021,1088,9152,22.50238,85.948496,0.6577,Mining
T45QUE,2021,64,9024,22.59479,85.935344,0.6577,Mining
T45QUE,2021,3104,2528,22.314844,85.306881,0.6576,Mining
T45QUE,2021,2880,9056,22.340456,85.940393,0.6576,Mining
T45QUE,2021,160,384,22.578353,85.095185,0.6576,Mining
T45QUE,2021,2592,6304,22.3645,85.672951,0.6576,Mining
T45QUE,2021,3264,10752,22.306762,86.105295,0.6576,Mining
T45QUE,2021,2400,1920,22.377788,85.247079,0.6576,Mining
T45QUE,2021,1696,736,22.440067,85.131274,0.6576,Mining
T45QUE,2021,2624,6272,22.361584,85.669872,0.6576,Mining
T45QUE,2021,5184,8832,22.132199,85.920239,0.6576,Mining
T45QUE,2021,5184,10048,22.132936,86.038136,0.6575,Mining
T45QUE,2021,5120,6240,22.136124,85.668897,0.6575,Mining
T45QUE,2021,1504,448,22.457077,85.103065,0.6575,Mining
T45QUE,2021,5216,8992,22.12941,85.935773,0.6574,Mining
T45QUE,2021,5504,8512,22.103086,85.889441,0.6574,Mining
T45QUE,2021,3072,4320,22.319457,85.480777,0.6574,Mining
T45QUE,2021,9664,6208,21.725676,85.669615,0.6574,Mining
T45QUE,2021,4800,8224,22.166484,85.861013,0.6574,Mining
T45QUE,2021,4576,4384,22.183687,85.488448,0.6573,Mining
T45QUE,2021,8864,7904,21.799175,85.832987,0.6573,Mining
T45QUE,2021,2144,4384,22.403323,85.486083,0.6573,Mining
T45QUE,2021,6080,9664,22.051776,86.001474,0.6573,Mining
T45QUE,2021,448,2208,22.554353,85.272858,0.6573,Mining
T45QUE,2021,2816,5856,22.343906,85.629647,0.6573,Mining
T45QUE,2021,1248,1248,22.481088,85.180478,0.6572,Mining
T45QUE,2021,6368,9280,22.02553,85.964454,0.6572,Mining
T45QUE,2021,8544,3680,21.824684,85.424147,0.6572,Mining
T45QUE,2021,3200,3712,22.307334,85.421892,0.6572,Mining
T45QUE,2021,2400,6624,22.382092,85.703864,0.6572,Mining
T45QUE,2021,96,10816,22.592961,86.109682,0.6572,Mining
T45QUE,2021,10528,4352,21.646103,85.491019,0.6572,Mining
T45QUE,2021,1216,5792,22.488357,85.622009,0.6572,Mining
T45QUE,2021,5984,8832,22.059936,85.920789,0.6571,Mining
T45QUE,2021,2368,8160,22.386109,85.853017,0.6571,Mining
T45QUE,2021,192,1472,22.576683,85.201007,0.6571,Mining
T45QUE,2021,864,1120,22.515619,85.167584,0.6571,Mining
T45QUE,2021,6240,7776,22.036106,85.818653,0.6571,Mining
T45QUE,2021,2688,3200,22.353079,85.371665,0.6571,Mining
T45QUE,2021,6976,1408,21.964033,85.202629,0.6571,Mining
T45QUE,2021,5824,9568,22.074844,85.992008,0.6571,Mining
T45QUE,2021,192,7776,22.582379,85.814048,0.6571,Mining
T45QUE,2021,1184,4864,22.490451,85.53179,0.657,Mining
T45QUE,2021,3200,512,22.304015,85.11135,0.657,Mining
T45QUE,2021,288,832,22.567307,85.138898,0.657,Mining
T45QUE,2021,4800,4224,22.163312,85.473151,0.657,Mining
T45QUE,2021,1568,10400,22.459769,86.070106,0.657,Mining
T45QUE,2021,4416,2432,22.196269,85.298996,0.6569,Mining
T45QUE,2021,7136,2784,21.950988,85.336009,0.6569,Mining
T45QUE,2021,7072,9152,21.961858,85.95252,0.6569,Mining
T45QUE,2021,5728,7008,22.081798,85.743839,0.6569,Mining
T45QUE,2021,1216,6400,22.488852,85.6811,0.6569,Mining
T45QUE,2021,3072,8992,22.323073,85.934311,0.6569,Mining
T45QUE,2021,7456,7872,21.926335,85.828855,0.6568,Mining
T45QUE,2021,3488,9696,22.285931,86.002925,0.6568,Mining
T45QUE,2021,6688,8608,21.9962,85.899574,0.6568,Mining
T45QUE,2021,4896,1632,22.152096,85.221966,0.6568,Mining
T45QUE,2021,3136,6592,22.315593,85.701373,0.6568,Mining
T45QUE,2021,2560,7616,22.368384,85.80033,0.6567,Mining
T45QUE,2021,1760,9696,22.442017,86.001814,0.6567,Mining
T45QUE,2021,608,2016,22.539703,85.254374,0.6567,Mining
T45QUE,2021,3136,10880,22.318393,86.117648,0.6567,Mining
T45QUE,2021,8352,1696,21.840078,85.232043,0.6567,Mining
T45QUE,2021,672,9600,22.540234,85.991774,0.6567,Mining
T45QUE,2021,960,3072,22.508998,85.357403,0.6567,Mining
T45QUE,2021,3744,9472,22.262672,85.981351,0.6567,Mining
T45QUE,2021,5152,10624,22.136147,86.093965,0.6567,Mining
T45QUE,2021,5056,6624,22.142204,85.706072,0.6567,Mining
T45QUE,2021,6688,7648,21.99555,85.806591,0.6566,Mining
T45QUE,2021,2336,1536,22.383158,85.209721,0.6566,Mining
T45QUE,2021,4992,4544,22.14626,85.50436,0.6565,Mining
T45QUE,2021,4640,10912,22.18255,86.121602,0.6565,Mining
T45QUE,2021,4928,4800,22.152266,85.529119,0.6565,Mining
T45QUE,2021,4864,7744,22.160371,85.814515,0.6565,Mining
T45QUE,2021,7136,5504,21.953445,85.599339,0.6565,Mining
T45QUE,2021,1824,5568,22.433259,85.60079,0.6565,Mining
T45QUE,2021,352,832,22.561528,85.138975,0.6565,Mining
T45QUE,2021,3552,10688,22.280712,86.099248,0.6564,Mining
T45QUE,2021,2400,4384,22.380203,85.486333,0.6564,Mining
T45QUE,2021,1440,1440,22.46396,85.199357,0.6564,Mining
T45QUE,2021,6176,6976,22.041309,85.741096,0.6564,Mining
T45QUE,2021,5760,10688,22.081258,86.100519,0.6563,Mining
T45QUE,2021,4480,8608,22.195644,85.898026,0.6563,Mining
T45QUE,2021,3456,928,22.281364,85.152022,0.6563,Mining
T45QUE,2021,832,5568,22.52285,85.59989,0.6563,Mining
T45QUE,2021,704,672,22.529565,85.123851,0.6563,Mining
T45QUE,2021,3328,7680,22.299063,85.807136,0.6563,Mining
T45QUE,2021,2720,2528,22.34952,85.306462,0.6563,Mining
T45QUE,2021,6400,9472,22.022756,85.983076,0.6563,Mining
T45QUE,2021,7136,0,21.948037,85.066525,0.6563,Mining
T45QUE,2021,1312,2912,22.477052,85.342231,0.6563,Mining
T45QUE,2021,2560,3808,22.365221,85.430563,0.6563,Mining
T45QUE,2021,1184,9088,22.493669,85.942341,0.6563,Mining
T45QUE,2021,2016,8064,22.417837,85.84343,0.6563,Mining
T45QUE,2021,1856,7808,22.432108,85.818438,0.6562,Mining
T45QUE,2021,64,1504,22.588276,85.203969,0.6562,Mining
T45QUE,2021,1056,9504,22.505491,85.982693,0.6562,Mining
T45QUE,2021,4160,5472,22.222203,85.593581,0.6562,Mining
T45QUE,2021,6656,9312,21.999534,85.967743,0.6562,Mining
T45QUE,2021,1472,608,22.460148,85.118569,0.6562,Mining
T45QUE,2021,992,5120,22.508016,85.55649,0.6562,Mining
T45QUE,2021,2624,5824,22.361221,85.626371,0.6561,Mining
T45QUE,2021,7520,1728,21.915244,85.234214,0.6561,Mining
T45QUE,2021,9440,6272,21.745958,85.675617,0.6561,Mining
T45QUE,2021,512,9504,22.554628,85.982333,0.6561,Mining
T45QUE,2021,4064,8992,22.233468,85.934989,0.6561,Mining
T45QUE,2021,3200,8928,22.31147,85.928185,0.656,Mining
T45QUE,2021,2080,10912,22.413799,86.120155,0.656,Mining
T45QUE,2021,3136,5536,22.31474,85.598868,0.656,Mining
T45QUE,2021,5056,10752,22.144887,86.106321,0.656,Mining
T45QUE,2021,6496,7200,22.012571,85.763049,0.656,Mining
T45QUE,2021,7648,3456,21.905395,85.40158,0.656,Mining
T45QUE,2021,2944,6560,22.332909,85.698106,0.656,Mining
T45QUE,2021,1120,9568,22.499749,85.988957,0.6559,Mining
T45QUE,2021,9952,7200,21.700404,85.765735,0.6559,Mining
T45QUE,2021,4640,8096,22.180849,85.848483,0.6559,Mining
T45QUE,2021,1792,6016,22.436521,85.644285,0.6559,Mining
T45QUE,2021,2720,4896,22.351761,85.536355,0.6559,Mining
T45QUE,2021,3968,3584,22.237856,85.410254,0.6559,Mining
T45QUE,2021,4672,4032,22.174697,85.454409,0.6559,Mining
T45QUE,2021,224,3264,22.57565,85.375286,0.6558,Mining
T45QUE,2021,4960,6176,22.150524,85.662556,0.6558,Mining
T45QUE,2021,4960,9120,22.152615,85.948011,0.6558,Mining
T45QUE,2021,7072,5728,21.959409,85.620971,0.6558,Mining
T45QUE,2021,2624,4960,22.360487,85.542478,0.6558,Mining
T45QUE,2021,2752,4192,22.348239,85.468037,0.6558,Mining
T45QUE,2021,7104,7424,21.957815,85.785215,0.6558,Mining
T45QUE,2021,2464,2688,22.372799,85.321717,0.6557,Mining
T45QUE,2021,576,4736,22.545245,85.518765,0.6557,Mining
T45QUE,2021,1952,10432,22.425101,86.073446,0.6557,Mining
T45QUE,2021,2400,10784,22.384825,86.107904,0.6557,Mining
T45QUE,2021,7392,3616,21.928665,85.416809,0.6557,Mining
T45QUE,2021,10144,2176,21.678739,85.280401,0.6557,Mining
T45QUE,2021,128,6016,22.586804,85.642819,0.6557,Mining
T45QUE,2021,160,2784,22.580951,85.328543,0.6556,Mining
T45QUE,2021,5024,8192,22.146229,85.858074,0.6556,Mining
T45QUE,2021,1088,5984,22.500076,85.640556,0.6556,Mining
T45QUE,2021,7360,4480,21.932339,85.500411,0.6556,Mining
T45QUE,2021,9184,4640,21.767742,85.5176,0.6556,Mining
T45QUE,2021,2944,6176,22.332606,85.660826,0.6556,Mining
T45QUE,2021,1216,7424,22.489636,85.780625,0.6556,Mining
T45QUE,2021,3360,672,22.289748,85.127069,0.6556,Mining
T45QUE,2021,2432,2752,22.375753,85.327897,0.6556,Mining
T45QUE,2021,832,9760,22.525879,86.007435,0.6555,Mining
T45QUE,2021,3360,6720,22.295461,85.713983,0.6555,Mining
T45QUE,2021,6560,4352,22.004477,85.487256,0.6555,Mining
T45QUE,2021,9536,8896,21.739122,85.92939,0.6554,Mining
T45QUE,2021,8864,8064,21.799284,85.848463,0.6554,Mining
T45QUE,2021,4928,6304,22.153516,85.674939,0.6554,Mining
T45QUE,2021,3680,6816,22.266632,85.723563,0.6554,Mining
T45QUE,2021,4704,9344,22.175878,85.969563,0.6554,Mining
T45QUE,2021,4800,6816,22.165473,85.724478,0.6554,Mining
T45QUE,2021,192,6528,22.581437,85.69267,0.6553,Mining
T45QUE,2021,2336,6912,22.388095,85.731782,0.6553,Mining
T45QUE,2021,1632,6304,22.451204,85.672128,0.6553,Mining
T45QUE,2021,4672,8192,22.178024,85.857817,0.6553,Mining
T45QUE,2021,3712,416,22.257676,85.102659,0.6553,Mining
T45QUE,2021,256,192,22.569463,85.076638,0.6553,Mining
T45QUE,2021,3680,10400,22.268993,86.071372,0.6552,Mining
T45QUE,2021,1920,6400,22.425269,85.681701,0.6552,Mining
T45QUE,2021,6272,8160,22.03348,85.85588,0.6552,Mining
T45QUE,2021,352,6432,22.56691,85.683471,0.6552,Mining
T45QUE,2021,7712,7328,21.902828,85.776389,0.6552,Mining
T45QUE,2021,0,4416,22.596973,85.487086,0.6552,Mining
T45QUE,2021,576,5312,22.545751,85.574767,0.6551,Mining
T45QUE,2021,2464,4928,22.374909,85.539221,0.6551,Mining
T45QUE,2021,352,7296,22.567576,85.767492,0.6551,Mining
T45QUE,2021,5856,4544,22.068229,85.505183,0.6551,Mining
T45QUE,2021,1440,4096,22.466635,85.457409,0.6551,Mining
T45QUE,2021,2752,9856,22.352507,86.01799,0.6551,Mining
T45QUE,2021,3232,9728,22.309074,86.005868,0.6551,Mining
T45QUE,2021,928,1184,22.509911,85.17388,0.6551,Mining
T45QUE,2021,2592,7872,22.365676,85.825215,0.6551,Mining
T45QUE,2021,96,288,22.584021,85.085772,0.6551,Mining
T45QUE,2021,3808,4896,22.253501,85.537378,0.6551,Mining
T45QUE,2021,3488,512,22.27801,85.1117,0.6551,Mining
T45QUE,2021,3648,4000,22.267145,85.45029,0.655,Mining
T45QUE,2021,1504,6752,22.463117,85.715551,0.655,Mining
T45QUE,2021,7104,6720,21.957297,85.717048,0.655,Mining
T45QUE,2021,9664,32,21.719805,85.072685,0.655,Mining
T45QUE,2021,4576,7712,22.186362,85.811193,0.655,Mining
T45QUE,2021,7584,6240,21.913573,85.670975,0.655,Mining
T45QUE,2021,736,5952,22.531841,85.637134,0.655,Mining
T45QUE,2021,352,7616,22.567812,85.798612,0.655,Mining
T45QUE,2021,320,3264,22.566981,85.375387,0.6549,Mining
T45QUE,2021,2976,8576,22.331473,85.893855,0.6549,Mining
T45QUE,2021,6912,1504,21.969914,85.21185,0.6549,Mining
T45QUE,2021,672,32,22.531717,85.061608,0.6549,Mining
T45QUE,2021,4096,2560,22.225295,85.311062,0.6548,Mining
T45QUE,2021,2080,5984,22.410484,85.641429,0.6548,Mining
T45QUE,2021,6080,8896,22.051305,85.927056,0.6548,Mining
T45QUE,2021,9952,2016,21.695917,85.264734,0.6548,Mining
T45QUE,2021,2880,4768,22.337198,85.52408,0.6548,Mining
T45QUE,2021,6208,7936,22.039108,85.834131,0.6548,Mining
T45QUE,2021,6368,10784,22.026386,86.110167,0.6548,Mining
T45QUE,2021,1792,6144,22.436625,85.656721,0.6547,Mining
T45QUE,2021,480,3264,22.552533,85.375557,0.6547,Mining
T45QUE,2021,7328,1984,21.932847,85.258778,0.6547,Mining
T45QUE,2021,2560,32,22.361251,85.063977,0.6547,Mining
T45QUE,2021,96,1824,22.585731,85.235122,0.6546,Mining
T45QUE,2021,5120,10592,22.13902,86.090843,0.6546,Mining
T45QUE,2021,352,8576,22.568483,85.891974,0.6546,Mining
T45QUE,2021,480,1344,22.550539,85.188902,0.6546,Mining
T45QUE,2021,3168,9984,22.315006,86.03068,0.6546,Mining
T45QUE,2021,5408,5536,22.109541,85.600904,0.6546,Mining
T45QUE,2021,4320,9536,22.210681,85.987936,0.6546,Mining
T45QUE,2021,6848,8704,21.98181,85.908983,0.6546,Mining
T45QUE,2021,7264,2496,21.939144,85.308266,0.6545,Mining
T45QUE,2021,7456,7616,21.926157,85.804072,0.6545,Mining
T45QUE,2021,672,1280,22.533132,85.182907,0.6545,Mining
T45QUE,2021,5408,9888,22.11261,86.022762,0.6545,Mining
T45QUE,2021,8704,7744,21.813518,85.817393,0.6545,Mining
T45QUE,2021,1248,6784,22.486263,85.718448,0.6545,Mining
T45QUE,2021,1632,5888,22.450866,85.631708,0.6545,Mining
T45QUE,2021,4928,1504,22.149071,85.209595,0.6545,Mining
T45QUE,2021,1664,2464,22.444813,85.299089,0.6544,Mining
T45QUE,2021,8224,736,21.850615,85.13904,0.6544,Mining
T45QUE,2021,5760,288,22.072609,85.092739,0.6544,Mining
T45QUE,2021,4416,8480,22.201341,85.885565,0.6544,Mining
T45QUE,2021,5952,8960,22.062908,85.933171,0.6544,Mining
T45QUE,2021,1728,6624,22.442786,85.703301,0.6544,Mining
T45QUE,2021,2400,6144,22.381712,85.657249,0.6544,Mining
T45QUE,2021,7232,6560,21.945614,85.701661,0.6544,Mining
T45QUE,2021,1856,10592,22.433861,86.088935,0.6544,Mining
T45QUE,2021,4224,4384,22.215477,85.488107,0.6544,Mining
T45QUE,2021,1344,4960,22.476086,85.541271,0.6544,Mining
T45QUE,2021,512,10048,22.554954,86.035236,0.6544,Mining
T45QUE,2021,6848,7936,21.981298,85.834603,0.6543,Mining
T45QUE,2021,3232,5920,22.306387,85.636226,0.6543,Mining
T45QUE,2021,7488,1664,21.918068,85.227985,0.6543,Mining
T45QUE,2021,4768,10592,22.170817,86.090639,0.6543,Mining
T45QUE,2021,480,3840,22.553089,85.431557,0.6543,Mining
T45QUE,2021,10496,640,21.645348,85.132409,0.6542,Mining
T45QUE,2021,5216,8384,22.129016,85.876828,0.6542,Mining
T45QUE,2021,2368,6336,22.384756,85.675867,0.6542,Mining
T45QUE,2021,9920,2528,21.699317,85.314176,0.6542,Mining
T45QUE,2021,4032,5760,22.234003,85.621405,0.6542,Mining
T45QUE,2021,2208,10720,22.402134,86.101577,0.6542,Mining
T45QUE,2021,4128,8096,22.227095,85.848106,0.6542,Mining
T45QUE,2021,2592,1952,22.360484,85.250402,0.6541,Mining
T45QUE,2021,2464,10272,22.378762,86.058212,0.6541,Mining
T45QUE,2021,5088,8192,22.140448,85.85812,0.6541,Mining
T45QUE,2021,3360,4768,22.293849,85.524535,0.6541,Mining
T45QUE,2021,4064,6080,22.231373,85.652476,0.6541,Mining
T45QUE,2021,10016,7552,21.694873,85.799806,0.6541,Mining
T45QUE,2021,9952,4672,21.698405,85.521404,0.654,Mining
T45QUE,2021,3008,10016,22.329477,86.033687,0.654,Mining
T45QUE,2021,480,1952,22.551194,85.248007,0.654,Mining
T45QUE,2021,2208,3904,22.3971,85.439529,0.654,Mining
T45QUE,2021,5952,7456,22.061893,85.787429,0.654,Mining
T45QUE,2021,4032,5184,22.233519,85.565527,0.654,Mining
T45QUE,2021,1792,3296,22.434086,85.380048,0.654,Mining
T45QUE,2021,6112,8960,22.048455,85.933279,0.654,Mining
T45QUE,2021,7904,7680,21.885735,85.810604,0.654,Mining
T45QUE,2021,1472,864,22.460436,85.143437,0.654,Mining
T45QUE,2021,1120,8256,22.498898,85.861422,0.654,Mining
T45QUE,2021,704,6176,22.534914,85.658883,0.654,Mining
T45QUE,2021,2464,6176,22.375958,85.660412,0.654,Mining
T45QUE,2021,1408,2464,22.46793,85.298807,0.654,Mining
T45QUE,2021,544,1152,22.544549,85.170313,0.654,Mining
T45QUE,2021,2848,0,22.335211,85.06123,0.6539,Mining
T45QUE,2021,6368,1952,22.019506,85.254621,0.6539,Mining
T45QUE,2021,64,4576,22.591339,85.50271,0.6539,Mining
T45QUE,2021,640,1088,22.53581,85.164207,0.6539,Mining
T45QUE,2021,4896,10080,22.15897,86.041062,0.6539,Mining
T45QUE,2021,10560,6912,21.645275,85.738376,0.6539,Mining
T45QUE,2021,96,2528,22.586469,85.303579,0.6539,Mining
T45QUE,2021,4448,1152,22.192035,85.174915,0.6538,Mining
T45QUE,2021,4832,10816,22.165156,86.1124,0.6538,Mining
T45QUE,2021,4416,8320,22.201234,85.870046,0.6538,Mining
T45QUE,2021,4384,8416,22.204188,85.879335,0.6538,Mining
T45QUE,2021,8224,5088,21.854831,85.560051,0.6538,Mining
T45QUE,2021,6368,10656,22.026318,86.097765,0.6538,Mining
T45QUE,2021,2176,5248,22.401197,85.570029,0.6538,Mining
T45QUE,2021,544,1056,22.544442,85.160982,0.6538,Mining
T45QUE,2021,4512,6528,22.191264,85.696311,0.6537,Mining
T45QUE,2021,544,1344,22.54476,85.188977,0.6537,Mining
T45QUE,2021,7488,3488,21.919875,85.404516,0.6537,Mining
T45QUE,2021,3360,10720,22.298073,86.102243,0.6537,Mining
T45QUE,2021,8352,6560,21.844452,85.702577,0.6537,Mining
T45QUE,2021,832,1152,22.518544,85.170656,0.6537,Mining
T45QUE,2021,2176,3840,22.399929,85.433282,0.6537,Mining
T45QUE,2021,1728,6400,22.44261,85.681537,0.6537,Mining
T45QUE,2021,6432,4416,22.016094,85.493332,0.6537,Mining
T45QUE,2021,1632,6944,22.451703,85.734314,0.6536,Mining
T45QUE,2021,1088,2528,22.496892,85.304673,0.6536,Mining
T45QUE,2021,2592,4096,22.3626,85.458558,0.6536,Mining
T45QUE,2021,3328,8288,22.299486,85.866151,0.6536,Mining
T45QUE,2021,1152,1600,22.490138,85.214568,0.6536,Mining
T45QUE,2021,704,1952,22.530967,85.248262,0.6536,Mining
T45QUE,2021,6848,3808,21.977973,85.434856,0.6536,Mining
T45QUE,2021,4032,2496,22.23101,85.304785,0.6536,Mining
T45QUE,2021,7936,7648,21.882822,85.807531,0.6535,Mining
T45QUE,2021,5664,7936,22.088245,85.833728,0.6535,Mining
T45QUE,2021,6880,6528,21.977383,85.698273,0.6535,Mining
T45QUE,2021,4736,2848,22.167788,85.339676,0.6535,Mining
T45QUE,2021,7520,2720,21.916247,85.330219,0.6535,Mining
T45QUE,2021,6816,5856,21.982634,85.633143,0.6534,Mining
T45QUE,2021,6272,4704,22.030799,85.521077,0.6534,Mining
T45QUE,2021,800,5600,22.525767,85.602971,0.6534,Mining
T45QUE,2021,2976,3904,22.327743,85.440302,0.6534,Mining
T45QUE,2021,5632,2368,22.086395,85.294113,0.6534,Mining
T45QUE,2021,832,10016,22.52603,86.032325,0.6534,Mining
T45QUE,2021,448,224,22.552165,85.079989,0.6534,Mining
T45QUE,2021,672,3456,22.535382,85.394424,0.6533,Mining
T45QUE,2021,4128,5280,22.224931,85.574927,0.6532,Mining
T45QUE,2021,5472,4640,22.102994,85.514122,0.6532,Mining
T45QUE,2021,1056,1632,22.498841,85.217566,0.6532,Mining
T45QUE,2021,9472,9216,21.7451,85.960288,0.6532,Mining
T45QUE,2021,3584,5376,22.274144,85.583746,0.6532,Mining
T45QUE,2021,4224,9024,22.219036,85.938203,0.6532,Mining
T45QUE,2021,3808,3392,22.252122,85.391464,0.6532,Mining
T45QUE,2021,3008,2688,22.323674,85.322306,0.6532,Mining
T45QUE,2021,8000,1056,21.871189,85.169735,0.6531,Mining
T45QUE,2021,2464,10304,22.37878,86.06132,0.6531,Mining
T45QUE,2021,5088,1984,22.135127,85.256302,0.6531,Mining
T45QUE,2021,1088,7104,22.500958,85.749419,0.6531,Mining
T45QUE,2021,4000,10624,22.240209,86.093297,0.6531,Mining
T45QUE,2021,5184,480,22.124835,85.110646,0.6531,Mining
T45QUE,2021,1664,2688,22.445041,85.320849,0.6531,Mining
T45QUE,2021,6080,8576,22.051099,85.896049,0.653,Mining
T45QUE,2021,736,8000,22.533404,85.836247,0.653,Mining
T45QUE,2021,7424,2368,21.924567,85.296049,0.6529,Mining
T45QUE,2021,5312,4672,22.117473,85.517072,0.6529,Mining
T45QUE,2021,224,3648,22.576024,85.412626,0.6529,Mining
T45QUE,2021,3904,5856,22.245642,85.630605,0.6529,Mining
T45QUE,2021,7296,8160,21.940984,85.856621,0.6529,Mining
T45QUE,2021,6496,6528,22.012067,85.697957,0.6529,Mining
T45QUE,2021,5088,9056,22.141013,85.941892,0.6529,Mining
T45QUE,2021,3712,1696,22.259079,85.226827,0.6529,Mining
T45QUE,2021,5312,10464,22.121607,86.078545,0.6528,Mining
T45QUE,2021,5344,10848,22.118922,86.115792,0.6528,Mining
T45QUE,2021,3840,7072,22.252374,85.748533,0.6528,Mining
T45QUE,2021,1568,4800,22.455715,85.525937,0.6528,Mining
T45QUE,2021,8000,3360,21.873515,85.392646,0.6528,Mining
T45QUE,2021,1088,64,22.494194,85.065242,0.6528,Mining
T45QUE,2021,224,3200,22.575587,85.369063,0.6528,Mining
T45QUE,2021,6240,6080,22.034838,85.654344,0.6528,Mining
T45QUE,2021,6912,4640,21.972941,85.515479,0.6527,Mining
T45QUE,2021,2240,3904,22.39421,85.439562,0.6527,Mining
T45QUE,2021,2208,3840,22.397039,85.433314,0.6527,Mining
T45QUE,2021,1664,7552,22.449266,85.793417,0.6527,Mining
T45QUE,2021,1120,2272,22.493738,85.279831,0.6527,Mining
T45QUE,2021,2048,7104,22.414252,85.750197,0.6527,Mining
T45QUE,2021,5152,10240,22.135936,86.056732,0.6527,Mining
T45QUE,2021,3936,6304,22.243112,85.674098,0.6527,Mining
T45QUE,2021,4800,8864,22.166906,85.923078,0.6526,Mining
T45QUE,2021,5280,10144,22.124319,86.047502,0.6526,Mining
T45QUE,2021,160,5600,22.583567,85.602389,0.6526,Mining
T45QUE,2021,320,1344,22.564986,85.188713,0.6526,Mining
T45QUE,2021,4960,5056,22.149597,85.553968,0.6526,Mining
T45QUE,2021,4416,9440,22.201951,85.978686,0.6526,Mining
T45QUE,2021,1664,10272,22.451025,86.057725,0.6526,Mining
T45QUE,2021,6944,5728,21.97097,85.620859,0.6526,Mining
T45QUE,2021,8288,3456,21.847596,85.402224,0.6526,Mining
T45QUE,2021,1664,5888,22.447976,85.631736,0.6526,Mining
T45QUE,2021,7488,7264,21.923015,85.770021,0.6525,Mining
T45QUE,2021,9504,7040,21.740755,85.74992,0.6525,Mining
T45QUE,2021,672,7040,22.538482,85.742858,0.6525,Mining
T45QUE,2021,6272,6976,22.032638,85.741173,0.6525,Mining
T45QUE,2021,160,2560,22.580723,85.306761,0.6525,Mining
T45QUE,2021,1312,3232,22.477369,85.373325,0.6525,Mining
T45QUE,2021,2464,3680,22.37377,85.418037,0.6525,Mining
T45QUE,2021,7072,4768,21.958602,85.528022,0.6525,Mining
T45QUE,2021,928,4576,22.513313,85.503552,0.6525,Mining
T45QUE,2021,4576,32,22.179225,85.066481,0.6524,Mining
T45QUE,2021,2912,5312,22.334781,85.57692,0.6524,Mining
T45QUE,2021,9120,5856,21.774534,85.635124,0.6524,Mining
T45QUE,2021,6208,7904,22.039085,85.83103,0.6524,Mining
T45QUE,2021,4736,8384,22.172372,85.876483,0.6524,Mining
T45QUE,2021,1984,448,22.413737,85.103654,0.6524,Mining
T45QUE,2021,3776,2944,22.254576,85.347968,0.6524,Mining
T45QUE,2021,3040,8288,22.325499,85.865941,0.6523,Mining
T45QUE,2021,768,1344,22.524534,85.189241,0.6523,Mining
T45QUE,2021,1824,9856,22.436332,86.017401,0.6522,Mining
T45QUE,2021,704,8896,22.5369,85.923342,0.6522,Mining
T45QUE,2021,3456,9952,22.288972,86.027753,0.6522,Mining
T45QUE,2021,4032,8256,22.235875,85.863558,0.6522,Mining
T45QUE,2021,160,864,22.5789,85.141854,0.6522,Mining
T45QUE,2021,800,6016,22.526113,85.643412,0.6521,Mining
T45QUE,2021,1984,10656,22.422333,86.095228,0.6521,Mining
T45QUE,2021,1536,10048,22.462459,86.035877,0.6521,Mining
T45QUE,2021,5792,2688,22.072266,85.32529,0.6521,Mining
T45QUE,2021,832,3008,22.520493,85.351046,0.6521,Mining
T45QUE,2021,4928,10048,22.156061,86.037979,0.6521,Mining
T45QUE,2021,416,3296,22.558344,85.3786,0.6521,Mining
T45QUE,2021,7264,3680,21.940284,85.422877,0.6521,Mining
T45QUE,2021,9216,5056,21.765207,85.557852,0.652,Mining
T45QUE,2021,5504,7968,22.102719,85.836711,0.652,Mining
T45QUE,2021,3168,4768,22.311189,85.524353,0.652,Mining
T45QUE,2021,3840,8832,22.253599,85.919311,0.652,Mining
T45QUE,2021,512,10528,22.555227,86.081916,0.652,Mining
T45QUE,2021,1280,6272,22.482969,85.668715,0.652,Mining
T45QUE,2021,6496,4928,22.010763,85.542982,0.652,Mining
T45QUE,2021,544,1888,22.545347,85.241858,0.652,Mining
T45QUE,2021,1504,5888,22.462426,85.631594,0.652,Mining
T45QUE,2021,3424,10496,22.29217,86.080537,0.652,Mining
T45QUE,2021,10400,3744,21.657119,85.432158,0.6519,Mining
T45QUE,2021,2624,4064,22.35968,85.455483,0.6519,Mining
T45QUE,2021,4896,9088,22.158376,85.944865,0.6519,Mining
T45QUE,2021,3616,3264,22.269337,85.378847,0.6519,Mining
T45QUE,2021,6080,5664,22.048953,85.613903,0.6519,Mining
T45QUE,2021,4128,9920,22.228252,86.025068,0.6519,Mining
T45QUE,2021,128,6368,22.58709,85.677054,0.6518,Mining
T45QUE,2021,7328,3808,21.934623,85.435331,0.6518,Mining
T45QUE,2021,8512,8064,21.83108,85.848209,0.6518,Mining
T45QUE,2021,7840,9024,21.892405,85.940639,0.6517,Mining
T45QUE,2021,5600,7776,22.093914,85.818172,0.6517,Mining
T45QUE,2021,768,5472,22.528549,85.590499,0.6517,Mining
T45QUE,2021,7616,1760,21.906609,85.237418,0.6517,Mining
T45QUE,2021,4512,10720,22.194011,86.102906,0.6517,Mining
T45QUE,2021,4800,6752,22.165424,85.718272,0.6517,Mining
T45QUE,2021,1024,2816,22.502963,85.332592,0.6516,Mining
T45QUE,2021,2304,2432,22.386988,85.296686,0.6516,Mining
T45QUE,2021,1888,8128,22.429442,85.849552,0.6516,Mining
T45QUE,2021,512,992,22.54726,85.154722,0.6516,Mining
T45QUE,2021,8032,2528,21.86982,85.312181,0.6516,Mining
T45QUE,2021,5504,2976,22.098558,85.352892,0.6516,Mining
T45QUE,2021,3520,4256,22.27894,85.475004,0.6516,Mining
T45QUE,2021,832,1184,22.51858,85.173766,0.6515,Mining
T45QUE,2021,10464,4448,21.651967,85.500234,0.6515,Mining
T45QUE,2021,3360,8224,22.296552,85.859962,0.6515,Mining
T45QUE,2021,2272,7456,22.394281,85.784567,0.6515,Mining
T45QUE,2021,8960,6560,21.789534,85.703072,0.6515,Mining
T45QUE,2021,10176,3808,21.677408,85.438123,0.6514,Mining
T45QUE,2021,3872,9952,22.251395,86.028013,0.6514,Mining
T45QUE,2021,4320,10240,22.211092,86.056231,0.6513,Mining
T45QUE,2021,8928,3104,21.789463,85.368828,0.6513,Mining
T45QUE,2021,6496,6240,22.011843,85.670061,0.6513,Mining
T45QUE,2021,4864,9280,22.161386,85.963462,0.6513,Mining
T45QUE,2021,2496,4768,22.371878,85.523714,0.6513,Mining
T45QUE,2021,6176,2560,22.037461,85.3133,0.6513,Mining
T45QUE,2021,5792,9504,22.077696,85.985785,0.6513,Mining
T45QUE,2021,4320,8896,22.210283,85.925851,0.6513,Mining
T45QUE,2021,8608,3392,21.818636,85.396355,0.6512,Mining
T45QUE,2021,5664,3136,22.084264,85.368564,0.6512,Mining
T45QUE,2021,4800,6560,22.165276,85.699654,0.6512,Mining
T45QUE,2021,5824,9696,22.07492,86.004413,0.6512,Mining
T45QUE,2021,4800,8768,22.166844,85.913768,0.6512,Mining
T45QUE,2021,1248,2880,22.4828,85.339053,0.6511,Mining
T45QUE,2021,768,10304,22.531977,86.060288,0.6511,Mining
T45QUE,2021,3232,9664,22.309036,85.999655,0.6511,Mining
T45QUE,2021,992,896,22.503813,85.145969,0.6511,Mining
T45QUE,2021,992,5952,22.50872,85.637361,0.6511,Mining
T45QUE,2021,4960,10496,22.153421,86.081441,0.651,Mining
T45QUE,2021,3232,3648,22.304383,85.415714,0.651,Mining
T45QUE,2021,6496,7552,22.012825,85.797146,0.651,Mining
T45QUE,2021,1312,1408,22.475483,85.196098,0.651,Mining
T45QUE,2021,2400,8576,22.3835,85.893445,0.651,Mining
T45QUE,2021,9408,5344,21.748106,85.585869,0.651,Mining
T45QUE,2021,1888,5472,22.427398,85.591522,0.651,Mining
T45QUE,2021,9216,3872,21.764169,85.443374,0.651,Mining
T45QUE,2021,5184,9536,22.132636,85.988494,0.6509,Mining
T45QUE,2021,6976,3936,21.96653,85.447376,0.6509,Mining
T45QUE,2021,1632,4736,22.449878,85.51978,0.6509,Mining
T45QUE,2021,7136,8032,21.95535,85.844111,0.6509,Mining
T45QUE,2021,5088,6976,22.13958,85.740225,0.6508,Mining
T45QUE,2021,1856,2208,22.427212,85.274435,0.6508,Mining
T45QUE,2021,4928,7744,22.15459,85.814563,0.6508,Mining
T45QUE,2021,1952,4832,22.421064,85.529412,0.6507,Mining
T45QUE,2021,0,8032,22.599902,85.838802,0.6507,Mining
T45QUE,2021,7424,9792,21.930445,86.014716,0.6507,Mining
T45QUE,2021,3840,9696,22.254135,86.003151,0.6507,Mining
T45QUE,2021,1216,9472,22.491019,85.979688,0.6507,Mining
T45QUE,2021,1280,3040,22.480069,85.354635,0.6507,Mining
T45QUE,2021,6848,3936,21.97809,85.44725,0.6507,Mining
T45QUE,2021,224,4128,22.576478,85.459301,0.6507,Mining
T45QUE,2021,6592,9376,22.005354,85.9739,0.6506,Mining
T45QUE,2021,6944,2048,21.96759,85.264552,0.6506,Mining
T45QUE,2021,4768,4256,22.166231,85.476222,0.6506,Mining
T45QUE,2021,10912,5056,21.612024,85.559376,0.6506,Mining
T45QUE,2021,4736,10144,22.17346,86.047171,0.6506,Mining
T45QUE,2021,5856,6560,22.069897,85.700529,0.6506,Mining
T45QUE,2021,2048,8512,22.415252,85.886975,0.6506,Mining
T45QUE,2021,4192,5760,22.219552,85.621546,0.6506,Mining
T45QUE,2021,2048,4864,22.412422,85.532612,0.6506,Mining
T45QUE,2021,2688,7808,22.35696,85.819073,0.6506,Mining
T45QUE,2021,2432,9664,22.381298,85.999139,0.6505,Mining
T45QUE,2021,2368,6304,22.384731,85.67276,0.6505,Mining
T45QUE,2021,4544,8672,22.189905,85.904279,0.6505,Mining
T45QUE,2021,384,9184,22.565989,85.951127,0.6505,Mining
T45QUE,2021,5472,832,22.099221,85.1451,0.6504,Mining
T45QUE,2021,3904,9888,22.248467,86.021822,0.6504,Mining
T45QUE,2021,5344,1024,22.110989,85.163555,0.6504,Mining
T45QUE,2021,8736,8000,21.810803,85.84218,0.6504,Mining
T45QUE,2021,6304,9696,22.031561,86.004716,0.6504,Mining
T45QUE,2021,544,3136,22.546627,85.363181,0.6503,Mining
T45QUE,2021,5440,8064,22.108566,85.845969,0.6503,Mining
T45QUE,2021,800,6176,22.526243,85.658967,0.6503,Mining
T45QUE,2021,4000,8928,22.239208,85.928736,0.6503,Mining
T45QUE,2021,5664,4288,22.08534,85.480193,0.6503,Mining
T45QUE,2021,1248,6880,22.486337,85.727778,0.6502,Mining
T45QUE,2021,512,5280,22.551504,85.571596,0.6502,Mining
T45QUE,2021,288,3680,22.570275,85.415803,0.6502,Mining
T45QUE,2021,3008,10720,22.32987,86.10204,0.6502,Mining
T45QUE,2021,1792,5024,22.435683,85.547912,0.6502,Mining
T45QUE,2021,4320,4544,22.20695,85.503718,0.6502,Mining
T45QUE,2021,256,3712,22.573195,85.418882,0.6502,Mining
T45QUE,2021,6368,9632,22.025742,85.998556,0.6501,Mining
T45QUE,2021,6624,10592,22.003159,86.091712,0.6501,Mining
T45QUE,2021,3584,4000,22.272924,85.450226,0.6501,Mining
T45QUE,2021,6848,4480,21.97858,85.499926,0.6501,Mining
T45QUE,2021,2912,6592,22.335825,85.701185,0.65,Mining
T45QUE,2021,1536,10816,22.462887,86.110516,0.65,Mining
T45QUE,2021,3136,7072,22.31596,85.747967,0.65,Mining
T45QUE,2021,1184,0,22.485452,85.059144,0.65,Mining
T45QUE,2021,160,3008,22.581176,85.350324,0.65,Mining
T45QUE,2021,800,4736,22.525016,85.518981,0.6499,Mining
T45QUE,2021,5536,10016,22.101121,86.03525,0.6499,Mining
T45QUE,2021,896,2528,22.514229,85.304462,0.6499,Mining
T45QUE,2021,2976,4032,22.327862,85.452727,0.6498,Mining
T45QUE,2021,9056,8480,21.782216,85.888834,0.6498,Mining
T45QUE,2021,3968,3872,22.238127,85.438191,0.6497,Mining
T45QUE,2021,4768,4512,22.166461,85.501044,0.6497,Mining
T45QUE,2021,1376,6624,22.474578,85.703005,0.6497,Mining
T45QUE,2021,5568,9152,22.097715,85.95152,0.6497,Mining
T45QUE,2021,2912,3552,22.33319,85.406069,0.6497,Mining
T45QUE,2021,5888,7840,22.067945,85.824591,0.6497,Mining
T45QUE,2021,3168,7168,22.313141,85.757312,0.6497,Mining
T45QUE,2021,8096,2464,21.863977,85.306057,0.6497,Mining
T45QUE,2021,6208,7104,22.038514,85.753523,0.6496,Mining
T45QUE,2021,6528,1536,22.004624,85.214514,0.6496,Mining
T45QUE,2021,160,2208,22.580358,85.272534,0.6496,Mining
T45QUE,2021,5504,3008,22.098589,85.355993,0.6496,Mining
T45QUE,2021,800,5984,22.526087,85.640302,0.6495,Mining
T45QUE,2021,5120,7008,22.136714,85.743353,0.6495,Mining
T45QUE,2021,3968,4608,22.238797,85.509589,0.6495,Mining
T45QUE,2021,1600,2336,22.450461,85.286584,0.6495,Mining
T45QUE,2021,1312,1600,22.475691,85.214753,0.6495,Mining
T45QUE,2021,1024,8288,22.507591,85.864461,0.6495,Mining
T45QUE,2021,4192,4992,22.218904,85.54705,0.6494,Mining
T45QUE,2021,96,6208,22.589851,85.661464,0.6494,Mining
T45QUE,2021,1792,6528,22.436931,85.694028,0.6494,Mining
T45QUE,2021,2464,4384,22.374423,85.486396,0.6494,Mining
T45QUE,2021,288,3744,22.570336,85.422026,0.6494,Mining
T45QUE,2021,2880,9728,22.34087,86.005643,0.6494,Mining
T45QUE,2021,704,224,22.529051,85.080309,0.6493,Mining
T45QUE,2021,2208,288,22.393329,85.088393,0.6493,Mining
T45QUE,2021,2464,576,22.370542,85.116668,0.6493,Mining
T45QUE,2021,2176,4320,22.400374,85.479899,0.6493,Mining
T45QUE,2021,6560,5504,22.005469,85.598828,0.6493,Mining
T45QUE,2021,7680,5504,21.904311,85.59982,0.6493,Mining
T45QUE,2021,3904,6400,22.246078,85.683385,0.6493,Mining
T45QUE,2021,9568,7264,21.735136,85.771626,0.6492,Mining
T45QUE,2021,3552,10368,22.280537,86.068189,0.6492,Mining
T45QUE,2021,6368,10016,22.025965,86.035759,0.6492,Mining
T45QUE,2021,128,3616,22.584662,85.409414,0.6492,Mining
T45QUE,2021,640,544,22.535198,85.111332,0.6492,Mining
T45QUE,2021,0,8288,22.60008,85.863704,0.6492,Mining
T45QUE,2021,7200,3776,21.946153,85.432106,0.6492,Mining
T45QUE,2021,6816,7072,21.983573,85.750904,0.6491,Mining
T45QUE,2021,3456,0,22.280314,85.061988,0.6491,Mining
T45QUE,2021,512,6272,22.552332,85.66805,0.6491,Mining
T45QUE,2021,800,5664,22.525821,85.609193,0.6491,Mining
T45QUE,2021,2016,4256,22.414765,85.473525,0.6491,Mining
T45QUE,2021,1088,9984,22.502888,86.029375,0.6491,Mining
T45QUE,2021,7168,3136,21.94844,85.370118,0.6491,Mining
T45QUE,2021,672,10848,22.540949,86.113128,0.6491,Mining
T45QUE,2021,3648,10400,22.271883,86.071352,0.6491,Mining
T45QUE,2021,864,480,22.5149,85.105387,0.6491,Mining
T45QUE,2021,5952,5344,22.060248,85.582785,0.649,Mining
T45QUE,2021,352,160,22.560758,85.073648,0.649,Mining
T45QUE,2021,1920,6560,22.425395,85.697245,0.649,Mining
T45QUE,2021,4768,5152,22.16702,85.563099,0.649,Mining
T45QUE,2021,384,6016,22.563684,85.643045,0.649,Mining
T45QUE,2021,5920,4928,22.062784,85.54245,0.6489,Mining
T45QUE,2021,4864,9312,22.161406,85.966566,0.6489,Mining
T45QUE,2021,1888,4160,22.426236,85.464074,0.6489,Mining
T45QUE,2021,6528,7744,22.01007,85.815769,0.6489,Mining
T45QUE,2021,1184,10400,22.494455,86.069874,0.6489,Mining
T45QUE,2021,2496,608,22.367689,85.119814,0.6489,Mining
T45QUE,2021,1856,3584,22.428584,85.40809,0.6489,Mining
T45QUE,2021,7904,5344,21.883947,85.584534,0.6489,Mining
T45QUE,2021,5632,10048,22.092468,86.03841,0.6488,Mining
T45QUE,2021,3264,10208,22.306462,86.052485,0.6488,Mining
T45QUE,2021,8768,10048,21.809182,86.040314,0.6488,Mining
T45QUE,2021,1952,6368,22.422353,85.67862,0.6488,Mining
T45QUE,2021,3840,416,22.246118,85.102815,0.6488,Mining
T45QUE,2021,3104,5888,22.317922,85.633008,0.6488,Mining
T45QUE,2021,8864,4928,21.796891,85.545155,0.6488,Mining
T45QUE,2021,8288,7680,21.85105,85.810891,0.6487,Mining
T45QUE,2021,3072,9824,22.323583,86.015086,0.6487,Mining
T45QUE,2021,1984,5504,22.418755,85.594718,0.6487,Mining
T45QUE,2021,10112,1792,21.68124,85.243265,0.6487,Mining
T45QUE,2021,160,10752,22.587145,86.103494,0.6487,Mining
T45QUE,2021,224,928,22.573193,85.148154,0.6487,Mining
T45QUE,2021,2144,3520,22.402515,85.402171,0.6487,Mining
T45QUE,2021,4256,736,22.208915,85.134351,0.6487,Mining
T45QUE,2021,128,3936,22.584967,85.440533,0.6486,Mining
T45QUE,2021,8864,8288,21.799433,85.870129,0.6486,Mining
T45QUE,2021,6688,7488,21.995437,85.791094,0.6486,Mining
T45QUE,2021,1568,8352,22.458499,85.871081,0.6486,Mining
T45QUE,2021,4000,4224,22.235561,85.472369,0.6486,Mining
T45QUE,2021,1088,6816,22.500738,85.721425,0.6485,Mining
T45QUE,2021,10464,4640,21.652134,85.518784,0.6485,Mining
T45QUE,2021,3840,10720,22.254714,86.10252,0.6485,Mining
T45QUE,2021,1216,5344,22.487979,85.578469,0.6485,Mining
T45QUE,2021,5632,4768,22.088656,85.526677,0.6485,Mining
T45QUE,2021,10784,6880,21.625018,85.73546,0.6485,Mining
T45QUE,2021,96,10080,22.592548,86.038087,0.6485,Mining
T45QUE,2021,1376,4000,22.472325,85.448017,0.6485,Mining
T45QUE,2021,224,1696,22.574036,85.222824,0.6484,Mining
T45QUE,2021,1632,9920,22.453712,86.023499,0.6484,Mining
T45QUE,2021,9632,6336,21.728665,85.681963,0.6484,Mining
T45QUE,2021,7872,3616,21.885315,85.417288,0.6484,Mining
T45QUE,2021,544,2400,22.545883,85.29163,0.6483,Mining
T45QUE,2021,288,1088,22.567593,85.163786,0.6483,Mining
T45QUE,2021,3200,8672,22.311304,85.903334,0.6483,Mining
T45QUE,2021,1344,4064,22.475275,85.454204,0.6483,Mining
T45QUE,2021,10560,4416,21.643269,85.497232,0.6483,Mining
T45QUE,2021,6848,5312,21.979297,85.580491,0.6483,Mining
T45QUE,2021,5536,10560,22.101424,86.087982,0.6483,Mining
T45QUE,2021,2624,9184,22.36366,85.952648,0.6483,Mining
T45QUE,2021,4224,3424,22.214585,85.394996,0.6483,Mining
T45QUE,2021,4480,10720,22.196902,86.102888,0.6483,Mining
T45QUE,2021,8480,4640,21.831325,85.516945,0.6483,Mining
T45QUE,2021,6816,4576,21.981555,85.509191,0.6483,Mining
T45QUE,2021,3392,3872,22.290145,85.437614,0.6482,Mining
T45QUE,2021,2656,4096,22.35682,85.458621,0.6482,Mining
T45QUE,2021,3296,3776,22.298724,85.428201,0.6482,Mining
T45QUE,2021,5888,4512,22.06531,85.502113,0.6482,Mining
T45QUE,2021,3136,1376,22.310748,85.195117,0.6482,Mining
T45QUE,2021,2784,1280,22.342429,85.185389,0.6482,Mining
T45QUE,2021,7424,1728,21.923914,85.234107,0.6482,Mining
T45QUE,2021,1312,6688,22.480408,85.709171,0.6482,Mining
T45QUE,2021,7904,7968,21.885934,85.838477,0.6481,Mining
T45QUE,2021,2624,1952,22.357594,85.250438,0.6481,Mining
T45QUE,2021,704,5504,22.534356,85.593551,0.6481,Mining
T45QUE,2021,1984,4736,22.418089,85.520118,0.6481,Mining
T45QUE,2021,7264,10848,21.94548,86.116869,0.6481,Mining
T45QUE,2021,10144,2496,21.679056,85.31132,0.6481,Mining
T45QUE,2021,3232,4416,22.305094,85.49025,0.6481,Mining
T45QUE,2021,2080,10656,22.413662,86.095285,0.6481,Mining
T45QUE,2021,6208,3488,22.035473,85.403224,0.648,Mining
T45QUE,2021,1056,10272,22.505945,86.057353,0.648,Mining
T45QUE,2021,2752,1312,22.345353,85.188458,0.648,Mining
T45QUE,2021,1440,2752,22.465333,85.326824,0.648,Mining
T45QUE,2021,1888,5856,22.427719,85.628826,0.648,Mining
T45QUE,2021,6464,10720,22.01768,86.104021,0.648,Mining
T45QUE,2021,480,5600,22.554667,85.602681,0.648,Mining
T45QUE,2021,9600,6080,21.731357,85.657188,0.648,Mining
T45QUE,2021,2528,256,22.364399,85.085682,0.6479,Mining
T45QUE,2021,5120,7552,22.137112,85.796094,0.6479,Mining
T45QUE,2021,3744,10112,22.263049,86.04346,0.6479,Mining
T45QUE,2021,7360,1632,21.929593,85.224744,0.6479,Mining
T45QUE,2021,4384,10848,22.205642,86.11525,0.6479,Mining
T45QUE,2021,4256,8608,22.215877,85.897868,0.6479,Mining
T45QUE,2021,2720,4960,22.351817,85.542569,0.6479,Mining
T45QUE,2021,2560,4416,22.365783,85.489597,0.6479,Mining
T45QUE,2021,640,2080,22.536881,85.260631,0.6478,Mining
T45QUE,2021,1216,9760,22.491194,86.007683,0.6477,Mining
T45QUE,2021,2368,6240,22.38468,85.666544,0.6477,Mining
T45QUE,2021,5440,7072,22.107858,85.749812,0.6477,Mining
T45QUE,2021,608,10720,22.546661,86.100644,0.6477,Mining
T45QUE,2021,5600,5152,22.091878,85.563861,0.6477,Mining
T45QUE,2021,3360,4736,22.29382,85.52143,0.6477,Mining
T45QUE,2021,2656,3840,22.356582,85.433767,0.6477,Mining
T45QUE,2021,1152,1216,22.489721,85.177255,0.6477,Mining
T45QUE,2021,5984,3136,22.055366,85.368895,0.6477,Mining
T45QUE,2021,3904,10400,22.248759,86.071505,0.6477,Mining
T45QUE,2021,3552,4064,22.275874,85.456405,0.6476,Mining
T45QUE,2021,960,5312,22.511072,85.575122,0.6476,Mining
T45QUE,2021,1920,3040,22.422275,85.355317,0.6476,Mining
T45QUE,2021,2944,4800,22.331447,85.527247,0.6476,Mining
T45QUE,2021,8352,4064,21.842375,85.461104,0.6476,Mining
T45QUE,2021,2880,9824,22.340927,86.014964,0.6476,Mining
T45QUE,2021,864,1952,22.51652,85.248444,0.6475,Mining
T45QUE,2021,1344,4608,22.475773,85.507066,0.6475,Mining
T45QUE,2021,4736,9600,22.173143,85.994412,0.6475,Mining
T45QUE,2021,32,3040,22.592767,85.353299,0.6475,Mining
T45QUE,2021,5728,10272,22.083922,86.06018,0.6475,Mining
T45QUE,2021,7008,7776,21.966735,85.819227,0.6475,Mining
T45QUE,2021,8640,4384,21.81665,85.492333,0.6474,Mining
T45QUE,2021,448,7456,22.559024,85.783128,0.6474,Mining
T45QUE,2021,3232,3424,22.304169,85.393974,0.6474,Mining
T45QUE,2021,6464,3328,22.012202,85.387987,0.6474,Mining
T45QUE,2021,6624,8800,22.002105,85.918127,0.6474,Mining
T45QUE,2021,2560,7872,22.368567,85.825191,0.6474,Mining
T45QUE,2021,5216,6976,22.128019,85.740327,0.6474,Mining
T45QUE,2021,9728,7808,21.721065,85.824337,0.6474,Mining
T45QUE,2021,2080,4320,22.409044,85.479804,0.6473,Mining
T45QUE,2021,5152,8128,22.134624,85.851962,0.6473,Mining
T45QUE,2021,352,4928,22.565646,85.537219,0.6473,Mining
T45QUE,2021,5408,10016,22.112684,86.035171,0.6473,Mining
T45QUE,2021,5024,9792,22.147241,86.013214,0.6473,Mining
T45QUE,2021,928,3520,22.512326,85.400912,0.6473,Mining
T45QUE,2021,6880,6176,21.977109,85.664186,0.6473,Mining
T45QUE,2021,2560,2272,22.363706,85.281433,0.6473,Mining
T45QUE,2021,1184,5088,22.490648,85.55356,0.6473,Mining
T45QUE,2021,5440,2016,22.103373,85.259794,0.6473,Mining
T45QUE,2021,5504,8128,22.102829,85.852219,0.6472,Mining
T45QUE,2021,6272,7808,22.033238,85.821777,0.6472,Mining
T45QUE,2021,864,992,22.515477,85.155144,0.6472,Mining
T45QUE,2021,9760,8096,21.718369,85.852202,0.6471,Mining
T45QUE,2021,1792,10496,22.439589,86.079569,0.6471,Mining
T45QUE,2021,5440,10240,22.10992,86.056905,0.6471,Mining
T45QUE,2021,2336,8992,22.389553,85.933805,0.6471,Mining
T45QUE,2021,8736,3328,21.807016,85.390294,0.6471,Mining
T45QUE,2021,5056,9024,22.143883,85.938767,0.6471,Mining
T45QUE,2021,288,9440,22.574821,85.97596,0.647,Mining
T45QUE,2021,4064,5696,22.23106,85.615224,0.647,Mining
T45QUE,2021,2208,1312,22.394474,85.187822,0.647,Mining
T45QUE,2021,6368,3968,22.02147,85.449877,0.647,Mining
T45QUE,2021,5248,7520,22.125527,85.79309,0.647,Mining
T45QUE,2021,9312,5152,21.756617,85.567221,0.6469,Mining
T45QUE,2021,1600,9696,22.45647,86.00171,0.6469,Mining
T45QUE,2021,384,9696,22.566306,86.000921,0.6469,Mining
T45QUE,2021,384,9280,22.56605,85.960463,0.6469,Mining
T45QUE,2021,9728,5024,21.718936,85.555221,0.6469,Mining
T45QUE,2021,6528,6464,22.009127,85.691784,0.6469,Mining
T45QUE,2021,3424,5600,22.288783,85.605339,0.6469,Mining
T45QUE,2021,7104,2368,21.953465,85.295704,0.6469,Mining
T45QUE,2021,3232,192,22.300761,85.080339,0.6469,Mining
T45QUE,2021,4672,3520,22.174218,85.404764,0.6468,Mining
T45QUE,2021,1504,2560,22.459359,85.30824,0.6468,Mining
T45QUE,2021,4768,6976,22.168484,85.739967,0.6468,Mining
T45QUE,2021,1568,3840,22.454836,85.432665,0.6468,Mining
T45QUE,2021,5920,5696,22.06343,85.616863,0.6468,Mining
T45QUE,2021,2528,8288,22.371745,85.865566,0.6468,Mining
T45QUE,2021,3040,3456,22.321539,85.396882,0.6467,Mining
T45QUE,2021,5344,10816,22.118905,86.11269,0.6467,Mining
T45QUE,2021,1088,10048,22.502925,86.035597,0.6467,Mining
T45QUE,2021,8800,7840,21.804912,85.82675,0.6467,Mining
T45QUE,2021,1920,7296,22.425956,85.768746,0.6467,Mining
T45QUE,2021,1952,608,22.416808,85.119153,0.6466,Mining
T45QUE,2021,6592,6688,22.003518,85.713533,0.6466,Mining
T45QUE,2021,1248,2976,22.482896,85.348382,0.6466,Mining
T45QUE,2021,4000,10592,22.240192,86.090192,0.6466,Mining
T45QUE,2021,2304,4160,22.388668,85.464486,0.6466,Mining
T45QUE,2021,9280,5024,21.7594,85.554816,0.6466,Mining
T45QUE,2021,3840,10432,22.254557,86.074572,0.6466,Mining
T45QUE,2021,3008,4096,22.325031,85.458971,0.6466,Mining
T45QUE,2021,6272,8128,22.033458,85.852779,0.6466,Mining
T45QUE,2021,1280,3328,22.480353,85.38262,0.6466,Mining
T45QUE,2021,5024,5824,22.14446,85.628483,0.6466,Mining
T45QUE,2021,8480,4032,21.830786,85.458132,0.6466,Mining
T45QUE,2021,1184,5312,22.490842,85.57533,0.6466,Mining
T45QUE,2021,1632,5024,22.450132,85.547762,0.6465,Mining
T45QUE,2021,8384,7936,21.842555,85.835732,0.6465,Mining
T45QUE,2021,3648,5888,22.268789,85.633486,0.6465,Mining
T45QUE,2021,448,6624,22.558392,85.702223,0.6465,Mining
T45QUE,2021,2304,1152,22.385631,85.172399,0.6464,Mining
T45QUE,2021,1408,608,22.465927,85.11849,0.6464,Mining
T45QUE,2021,736,4320,22.530419,85.478479,0.6464,Mining
T45QUE,2021,7424,8608,21.929718,85.900086,0.6464,Mining
T45QUE,2021,288,3584,22.570183,85.406469,0.6464,Mining
T45QUE,2021,2624,3584,22.359229,85.40888,0.6464,Mining
T45QUE,2021,6016,6176,22.055146,85.663454,0.6464,Mining
T45QUE,2021,4064,1920,22.227529,85.248953,0.6464,Mining
T45QUE,2021,5536,2848,22.095543,85.340522,0.6464,Mining
T45QUE,2021,800,9728,22.52875,86.004303,0.6464,Mining
T45QUE,2021,640,5792,22.540378,85.621493,0.6464,Mining
T45QUE,2021,1632,7520,22.452133,85.790282,0.6464,Mining
T45QUE,2021,5216,9600,22.129784,85.99472,0.6463,Mining
T45QUE,2021,1216,6560,22.488978,85.69665,0.6463,Mining
T45QUE,2021,7328,1952,21.932814,85.255681,0.6463,Mining
T45QUE,2021,5760,4640,22.076984,85.514394,0.6463,Mining
T45QUE,2021,2272,6240,22.39335,85.666461,0.6463,Mining
T45QUE,2021,1856,10624,22.433878,86.092044,0.6463,Mining
T45QUE,2021,6272,288,22.026378,85.093359,0.6463,Mining
T45QUE,2021,5728,6208,22.081184,85.666311,0.6463,Mining
T45QUE,2021,10496,1408,21.646166,85.206592,0.6462,Mining
T45QUE,2021,7840,10304,21.893155,86.064533,0.6462,Mining
T45QUE,2021,2880,4000,22.336502,85.449525,0.6462,Mining
T45QUE,2021,1280,1024,22.477951,85.158752,0.6462,Mining
T45QUE,2021,3936,7584,22.244078,85.798287,0.6462,Mining
T45QUE,2021,7232,5728,21.944958,85.62111,0.6461,Mining
T45QUE,2021,5280,10656,22.124601,86.097141,0.6461,Mining
T45QUE,2021,32,9632,22.598062,85.994466,0.6461,Mining
T45QUE,2021,4960,10144,22.153225,86.047307,0.6461,Mining
T45QUE,2021,6688,7712,21.995595,85.81279,0.6461,Mining
T45QUE,2021,4608,7456,22.183288,85.78639,0.646,Mining
T45QUE,2021,6048,9344,22.054475,85.970445,0.646,Mining
T45QUE,2021,5344,6816,22.116338,85.72492,0.646,Mining
T45QUE,2021,5920,10720,22.066822,86.103711,0.646,Mining
T45QUE,2021,0,9728,22.601011,86.003784,0.646,Mining
T45QUE,2021,1504,4704,22.461409,85.516548,0.646,Mining
T45QUE,2021,288,1440,22.56798,85.198008,0.6459,Mining
T45QUE,2021,3008,8128,22.32828,85.850384,0.6459,Mining
T45QUE,2021,5856,4256,22.067971,85.477278,0.6459,Mining
T45QUE,2021,3456,6176,22.286363,85.661267,0.6459,Mining
T45QUE,2021,5344,10688,22.118837,86.10028,0.6459,Mining
T45QUE,2021,448,10048,22.560735,86.035196,0.6459,Mining
T45QUE,2021,4288,9696,22.213667,86.003437,0.6458,Mining
T45QUE,2021,3040,5824,22.323649,85.626739,0.6458,Mining
T45QUE,2021,8608,4096,21.819283,85.464447,0.6458,Mining
T45QUE,2021,7488,6208,21.922219,85.667797,0.6458,Mining
T45QUE,2021,10272,6176,21.670734,85.667028,0.6458,Mining
T45QUE,2021,6624,8160,22.001684,85.856135,0.6458,Mining
T45QUE,2021,160,4736,22.582814,85.518364,0.6458,Mining
T45QUE,2021,320,3232,22.56695,85.372276,0.6458,Mining
T45QUE,2021,4960,8320,22.152096,85.870438,0.6458,Mining
T45QUE,2021,128,9504,22.589312,85.982078,0.6457,Mining
T45QUE,2021,5088,7040,22.139628,85.746429,0.6457,Mining
T45QUE,2021,6848,8256,21.981516,85.865595,0.6457,Mining
T45QUE,2021,2528,9568,22.372569,85.989878,0.6457,Mining
T45QUE,2021,4288,2944,22.208339,85.34851,0.6456,Mining
T45QUE,2021,7744,8512,21.90075,85.891015,0.6456,Mining
T45QUE,2021,3776,2656,22.254289,85.320029,0.6456,Mining
T45QUE,2021,5408,576,22.104717,85.120218,0.6456,Mining
T45QUE,2021,4640,7648,22.180536,85.805035,0.6456,Mining
T45QUE,2021,6528,6080,22.008826,85.65459,0.6456,Mining
T45QUE,2021,6368,7072,22.024038,85.750549,0.6456,Mining
T45QUE,2021,7040,6464,21.962882,85.692208,0.6455,Mining
T45QUE,2021,5376,2880,22.110023,85.343454,0.6455,Mining
T45QUE,2021,5696,2144,22.080387,85.272479,0.6455,Mining
T45QUE,2021,5248,6048,22.12441,85.650393,0.6455,Mining
T45QUE,2021,192,10400,22.58406,86.069274,0.6455,Mining
T45QUE,2021,7552,7872,21.917664,85.828926,0.6455,Mining
T45QUE,2021,3904,10080,22.248578,86.040453,0.6455,Mining
T45QUE,2021,4512,2368,22.187535,85.292894,0.6455,Mining
T45QUE,2021,9504,3744,21.738042,85.431281,0.6455,Mining
T45QUE,2021,896,1312,22.512941,85.186281,0.6455,Mining
T45QUE,2021,320,6368,22.569749,85.677219,0.6454,Mining
T45QUE,2021,3360,3296,22.292487,85.381685,0.6454,Mining
T45QUE,2021,6176,7360,22.041591,85.7783,0.6454,Mining
T45QUE,2021,992,2464,22.505495,85.298348,0.6454,Mining
T45QUE,2021,9376,6912,21.752222,85.737444,0.6454,Mining
T45QUE,2021,4832,2880,22.15915,85.34288,0.6454,Mining
T45QUE,2021,3840,4544,22.2503,85.503258,0.6454,Mining
T45QUE,2021,704,3328,22.532368,85.382015,0.6454,Mining
T45QUE,2021,2720,4160,22.351099,85.464899,0.6454,Mining
T45QUE,2021,0,10528,22.601475,86.081609,0.6454,Mining
T45QUE,2021,3648,7904,22.270318,85.829119,0.6454,Mining
T45QUE,2021,3936,5856,22.242752,85.630633,0.6454,Mining
T45QUE,2021,2624,6176,22.361507,85.66055,0.6454,Mining
T45QUE,2021,3104,5856,22.317895,85.629901,0.6454,Mining
T45QUE,2021,128,3008,22.584066,85.35029,0.6454,Mining
T45QUE,2021,448,2976,22.555137,85.347523,0.6454,Mining
T45QUE,2021,576,3776,22.544359,85.425433,0.6453,Mining
T45QUE,2021,6944,2656,21.968201,85.323415,0.6453,Mining
T45QUE,2021,3840,8608,22.253453,85.897575,0.6453,Mining
T45QUE,2021,6048,9120,22.054337,85.94874,0.6453,Mining
T45QUE,2021,2464,10592,22.37894,86.089293,0.6453,Mining
T45QUE,2021,4992,7744,22.14881,85.814612,0.6453,Mining
T45QUE,2021,2368,4096,22.382829,85.458335,0.6453,Mining
T45QUE,2021,192,128,22.575167,85.070336,0.6452,Mining
T45QUE,2021,1632,6112,22.451049,85.653472,0.6452,Mining
T45QUE,2021,1600,7712,22.455162,85.808914,0.6452,Mining
T45QUE,2021,8288,8576,21.851652,85.897588,0.6452,Mining
T45QUE,2021,2592,5760,22.364058,85.620128,0.6452,Mining
T45QUE,2021,704,5344,22.534219,85.577996,0.6452,Mining
T45QUE,2021,1728,4704,22.44118,85.516764,0.6452,Mining
T45QUE,2021,4960,9984,22.153134,86.031792,0.6452,Mining
T45QUE,2021,6464,7136,22.015414,85.756825,0.6452,Mining
T45QUE,2021,10464,4128,21.651685,85.469318,0.6452,Mining
T45QUE,2021,3200,4608,22.308157,85.508854,0.6451,Mining
T45QUE,2021,2624,4384,22.359974,85.486552,0.6451,Mining
T45QUE,2021,3296,3808,22.298754,85.431306,0.6451,Mining
T45QUE,2021,2784,2752,22.343967,85.328276,0.6451,Mining
T45QUE,2021,1536,864,22.454658,85.143514,0.6451,Mining
T45QUE,2021,2688,9792,22.358251,86.011735,0.6451,Mining
T45QUE,2021,6688,4192,21.992773,85.471884,0.6451,Mining
T45QUE,2021,6112,864,22.041466,85.148954,0.6451,Mining
T45QUE,2021,4896,10656,22.159289,86.09692,0.6451,Mining
T45QUE,2021,640,3424,22.538241,85.39128,0.6451,Mining
T45QUE,2021,5152,9728,22.135641,86.00709,0.6451,Mining
T45QUE,2021,5760,6880,22.078812,85.73146,0.645,Mining
T45QUE,2021,4128,4480,22.224233,85.497326,0.645,Mining
T45QUE,2021,6048,4320,22.050689,85.483664,0.645,Mining
T45QUE,2021,6944,7392,21.972245,85.781993,0.645,Mining
T45QUE,2021,2464,4960,22.374937,85.542328,0.645,Mining
T45QUE,2021,2400,6240,22.381789,85.666572,0.6449,Mining
T45QUE,2021,384,8864,22.565783,85.920006,0.6449,Mining
T45QUE,2021,480,2208,22.551463,85.272894,0.6449,Mining
T45QUE,2021,7968,7616,21.87991,85.804458,0.6449,Mining
T45QUE,2021,4512,10304,22.193784,86.062555,0.6449,Mining
T45QUE,2021,3072,6272,22.321122,85.670255,0.6449,Mining
T45QUE,2021,8320,3744,21.844973,85.430117,0.6449,Mining
T45QUE,2021,5504,5952,22.101211,85.641309,0.6449,Mining
T45QUE,2021,7072,2592,21.956579,85.317355,0.6448,Mining
T45QUE,2021,1568,10144,22.459624,86.045227,0.6448,Mining
T45QUE,2021,3008,5792,22.326513,85.623604,0.6448,Mining
T45QUE,2021,1472,9792,22.468089,86.010957,0.6448,Mining
T45QUE,2021,3296,10144,22.303535,86.046291,0.6448,Mining
T45QUE,2021,1088,3872,22.498213,85.435287,0.6448,Mining
T45QUE,2021,1760,4224,22.437855,85.470164,0.6447,Mining
T45QUE,2021,8736,7616,21.810538,85.805035,0.6447,Mining
T45QUE,2021,288,8128,22.573957,85.848356,0.6447,Mining
T45QUE,2021,4800,5952,22.164795,85.640699,0.6447,Mining
T45QUE,2021,6240,3840,22.032912,85.437353,0.6447,Mining
T45QUE,2021,4960,4576,22.149178,85.507432,0.6447,Mining
T45QUE,2021,960,7296,22.512663,85.767979,0.6447,Mining
T45QUE,2021,5056,10560,22.144784,86.087703,0.6447,Mining
T45QUE,2021,2240,2208,22.392536,85.274864,0.6446,Mining
T45QUE,2021,9728,8160,21.721303,85.858366,0.6446,Mining
T45QUE,2021,3136,5600,22.314793,85.60508,0.6446,Mining
T45QUE,2021,5472,1984,22.10045,85.256728,0.6446,Mining
T45QUE,2021,5984,9760,22.060505,86.010716,0.6446,Mining
T45QUE,2021,5024,8032,22.14612,85.84256,0.6446,Mining
T45QUE,2021,2304,5120,22.389526,85.557716,0.6446,Mining
T45QUE,2021,5088,7872,22.140228,85.827094,0.6446,Mining
T45QUE,2021,7840,7072,21.891081,85.751711,0.6446,Mining
T45QUE,2021,8000,3584,21.873725,85.414319,0.6446,Mining
T45QUE,2021,9664,7584,21.726691,85.802635,0.6446,Mining
T45QUE,2021,4736,5728,22.170393,85.618922,0.6446,Mining
T45QUE,2021,1760,4352,22.437972,85.482598,0.6445,Mining
T45QUE,2021,9184,7776,21.770182,85.820843,0.6445,Mining
T45QUE,2021,7648,7488,21.908724,85.791827,0.6444,Mining
T45QUE,2021,7808,9024,21.895295,85.940617,0.6444,Mining
T45QUE,2021,7488,7552,21.923221,85.797901,0.6444,Mining
T45QUE,2021,1504,8064,22.464082,85.843047,0.6443,Mining
T45QUE,2021,7104,6528,21.957151,85.698458,0.6443,Mining
T45QUE,2021,3904,9856,22.248448,86.018717,0.6443,Mining
T45QUE,2021,3520,9088,22.282667,85.943935,0.6443,Mining
T45QUE,2021,192,1440,22.576649,85.197896,0.6442,Mining
T45QUE,2021,7616,4544,21.909275,85.506847,0.6442,Mining
T45QUE,2021,1120,8576,22.499115,85.892527,0.6442,Mining
T45QUE,2021,4736,5664,22.170341,85.612716,0.6442,Mining
T45QUE,2021,3648,10208,22.271776,86.052718,0.6442,Mining
T45QUE,2021,2560,5760,22.366948,85.620099,0.6442,Mining
T45QUE,2021,7136,1280,21.949449,85.19042,0.6442,Mining
T45QUE,2021,1792,9792,22.439184,86.011162,0.6442,Mining
T45QUE,2021,9760,6176,21.71698,85.666602,0.6442,Mining
T45QUE,2021,3264,7296,22.304565,85.769813,0.6442,Mining
T45QUE,2021,192,3776,22.579036,85.425039,0.6442,Mining
T45QUE,2021,4128,7328,22.22655,85.773599,0.6442,Mining
T45QUE,2021,2240,9952,22.398812,86.026991,0.6442,Mining
T45QUE,2021,5376,1184,22.108274,85.179097,0.6442,Mining
T45QUE,2021,2304,5376,22.389746,85.582578,0.6442,Mining
T45QUE,2021,2496,9952,22.375688,86.027152,0.6441,Mining
T45QUE,2021,1216,5888,22.488437,85.631339,0.6441,Mining
T45QUE,2021,3552,9024,22.279736,85.937745,0.6441,Mining
T45QUE,2021,1120,5632,22.496894,85.606372,0.6441,Mining
T45QUE,2021,160,544,22.578537,85.110741,0.6441,Mining
T45QUE,2021,0,4960,22.597463,85.539996,0.644,Mining
T45QUE,2021,8032,3616,21.870865,85.417448,0.644,Mining
T45QUE,2021,7200,3744,21.946124,85.429009,0.644,Mining
T45QUE,2021,6528,9120,22.010978,85.94906,0.644,Mining
T45QUE,2021,2304,6112,22.390357,85.654057,0.6439,Mining
T45QUE,2021,1504,832,22.457511,85.140367,0.6439,Mining
T45QUE,2021,7424,3584,21.925745,85.413744,0.6439,Mining
T45QUE,2021,480,2048,22.551295,85.257339,0.6439,Mining
T45QUE,2021,2720,7520,22.353863,85.791132,0.6439,Mining
T45QUE,2021,928,2464,22.511274,85.298277,0.6439,Mining
T45QUE,2021,2880,3712,22.336232,85.421567,0.6439,Mining
T45QUE,2021,3712,9760,22.265735,86.00928,0.6439,Mining
T45QUE,2021,3712,5920,22.263035,85.636647,0.6439,Mining
T45QUE,2021,7808,9088,21.895335,85.946812,0.6438,Mining
T45QUE,2021,160,2848,22.581016,85.334766,0.6438,Mining
T45QUE,2021,7328,2560,21.933428,85.314529,0.6438,Mining
T45QUE,2021,832,320,22.517605,85.089798,0.6438,Mining
T45QUE,2021,7104,5760,21.956545,85.624097,0.6438,Mining
T45QUE,2021,2624,320,22.355805,85.092012,0.6438,Mining
T45QUE,2021,0,9856,22.601087,86.016236,0.6438,Mining
T45QUE,2021,2048,3328,22.410999,85.383424,0.6438,Mining
T45QUE,2021,5984,992,22.053164,85.161202,0.6437,Mining
T45QUE,2021,608,1120,22.538735,85.167279,0.6437,Mining
T45QUE,2021,4064,5312,22.230738,85.577973,0.6437,Mining
T45QUE,2021,1760,6272,22.439618,85.669129,0.6437,Mining
T45QUE,2021,3520,3648,22.278375,85.416007,0.6437,Mining
T45QUE,2021,4832,4416,22.160596,85.491797,0.6437,Mining
T45QUE,2021,8992,6976,21.786955,85.74333,0.6437,Mining
T45QUE,2021,5600,9472,22.09502,85.982559,0.6436,Mining
T45QUE,2021,992,1248,22.504203,85.180175,0.6436,Mining
T45QUE,2021,1088,1152,22.495429,85.17096,0.6436,Mining
T45QUE,2021,2816,5760,22.343827,85.620327,0.6436,Mining
T45QUE,2021,2592,224,22.358584,85.082654,0.6435,Mining
T45QUE,2021,1024,10432,22.508926,86.072888,0.6435,Mining
T45QUE,2021,608,9920,22.546207,86.022849,0.6435,Mining
T45QUE,2021,9920,7232,21.703317,85.768803,0.6435,Mining
T45QUE,2021,896,4960,22.516545,85.540847,0.6435,Mining
T45QUE,2021,6592,7552,22.004153,85.79722,0.6435,Mining
T45QUE,2021,2688,3232,22.35311,85.374772,0.6435,Mining
T45QUE,2021,1056,5344,22.502429,85.578322,0.6435,Mining
T45QUE,2021,3104,5056,22.317221,85.552247,0.6435,Mining
T45QUE,2021,5856,6080,22.069521,85.654016,0.6434,Mining
T45QUE,2021,4064,6752,22.2319,85.717668,0.6434,Mining
T45QUE,2021,3488,3264,22.280897,85.378713,0.6434,Mining
T45QUE,2021,160,1952,22.580089,85.247641,0.6434,Mining
T45QUE,2021,1856,3808,22.428797,85.429849,0.6434,Mining
T45QUE,2021,5536,9472,22.100802,85.982517,0.6433,Mining
T45QUE,2021,6240,1632,22.030732,85.223486,0.6433,Mining
T45QUE,2021,8032,1088,21.868334,85.172868,0.6433,Mining
T45QUE,2021,2336,6112,22.387467,85.654085,0.6433,Mining
T45QUE,2021,2944,5024,22.331643,85.548992,0.6433,Mining
T45QUE,2021,2144,5184,22.404032,85.563783,0.6432,Mining
T45QUE,2021,2528,4896,22.369101,85.536174,0.6432,Mining
T45QUE,2021,2656,6976,22.359241,85.738258,0.6432,Mining
T45QUE,2021,9280,7232,21.761127,85.768311,0.6432,Mining
T45QUE,2021,1952,5952,22.422018,85.638208,0.6431,Mining
T45QUE,2021,320,1536,22.565195,85.207379,0.6431,Mining
T45QUE,2021,3200,3392,22.307028,85.390836,0.643,Mining
T45QUE,2021,576,3360,22.543958,85.384991,0.643,Mining
T45QUE,2021,6144,3840,22.041582,85.437257,0.643,Mining
T45QUE,2021,608,5088,22.542667,85.553018,0.643,Mining
T45QUE,2021,1856,672,22.425549,85.125252,0.643,Mining
T45QUE,2021,4160,4416,22.221285,85.491149,0.643,Mining
T45QUE,2021,96,1120,22.584965,85.166668,0.643,Mining
T45QUE,2021,5920,9984,22.066416,86.032384,0.643,Mining
T45QUE,2021,1792,9568,22.43905,85.989397,0.643,Mining
T45QUE,2021,352,6368,22.566859,85.677247,0.6429,Mining
T45QUE,2021,3072,4192,22.31934,85.468353,0.6429,Mining
T45QUE,2021,9568,5120,21.733468,85.564357,0.6429,Mining
T45QUE,2021,416,7584,22.562008,85.79555,0.6429,Mining
T45QUE,2021,4032,5152,22.233492,85.562422,0.6429,Mining
T45QUE,2021,2560,5280,22.366544,85.57349,0.6428,Mining
T45QUE,2021,5824,5856,22.072231,85.632283,0.6428,Mining
T45QUE,2021,6912,4544,21.972857,85.506183,0.6428,Mining
T45QUE,2021,4512,6208,22.191012,85.665276,0.6428,Mining
T45QUE,2021,1344,1312,22.472489,85.186809,0.6428,Mining
T45QUE,2021,6528,2368,22.005481,85.295083,0.6428,Mining
T45QUE,2021,7104,6848,21.957393,85.729442,0.6428,Mining
T45QUE,2021,5952,9280,22.063107,85.964181,0.6428,Mining
T45QUE,2021,5312,4352,22.117188,85.486056,0.6428,Mining
T45QUE,2021,3104,4832,22.317025,85.530505,0.6428,Mining
T45QUE,2021,4864,6720,22.159619,85.715221,0.6427,Mining
T45QUE,2021,6272,5344,22.031347,85.583073,0.6427,Mining
T45QUE,2021,3136,9312,22.317493,85.96542,0.6427,Mining
T45QUE,2021,3616,5984,22.271758,85.642773,0.6427,Mining
T45QUE,2021,9536,5376,21.736571,85.589076,0.6426,Mining
T45QUE,2021,2368,3104,22.381882,85.362007,0.6426,Mining
T45QUE,2021,1408,3168,22.468637,85.367208,0.6426,Mining
T45QUE,2021,7008,8160,21.966999,85.856413,0.6426,Mining
T45QUE,2021,2464,3200,22.373307,85.37143,0.6426,Mining
T45QUE,2021,3360,9856,22.297588,86.018374,0.6425,Mining
T45QUE,2021,3584,5408,22.274171,85.586851,0.6425,Mining
T45QUE,2021,8384,8480,21.842918,85.888366,0.6425,Mining
T45QUE,2021,5504,9152,22.103496,85.951478,0.6425,Mining
T45QUE,2021,3424,4480,22.287812,85.496647,0.6425,Mining
T45QUE,2021,2432,6720,22.379277,85.713214,0.6425,Mining
T45QUE,2021,960,8224,22.513328,85.858192,0.6425,Mining
T45QUE,2021,1056,5152,22.502263,85.55966,0.6425,Mining
T45QUE,2021,2208,3872,22.39707,85.436422,0.6425,Mining
T45QUE,2021,2112,3200,22.405094,85.37106,0.6424,Mining
T45QUE,2021,896,480,22.51201,85.105426,0.6424,Mining
T45QUE,2021,3616,9728,22.274388,86.006113,0.6424,Mining
T45QUE,2021,1728,10528,22.445388,86.08264,0.6424,Mining
T45QUE,2021,896,2688,22.514392,85.320013,0.6423,Mining
T45QUE,2021,2016,10720,22.419478,86.101465,0.6423,Mining
T45QUE,2021,7584,6144,21.913498,85.661683,0.6423,Mining
T45QUE,2021,5600,9536,22.095059,85.988762,0.6423,Mining
T45QUE,2021,3648,6912,22.269595,85.732853,0.6423,Mining
T45QUE,2021,576,1952,22.542525,85.248116,0.6423,Mining
T45QUE,2021,1184,10624,22.494579,86.091649,0.6423,Mining
T45QUE,2021,416,5376,22.560256,85.580841,0.6422,Mining
T45QUE,2021,2752,2528,22.34663,85.306497,0.6422,Mining
T45QUE,2021,8704,5088,21.811477,85.560485,0.6422,Mining
T45QUE,2021,3616,2688,22.26877,85.322961,0.6422,Mining
T45QUE,2021,6720,4192,21.989883,85.471915,0.6422,Mining
T45QUE,2021,5216,8672,22.129205,85.904749,0.6422,Mining
T45QUE,2021,1984,5280,22.418564,85.572959,0.6422,Mining
T45QUE,2021,5952,6624,22.061276,85.706809,0.6421,Mining
T45QUE,2021,5312,5760,22.118396,85.622532,0.6421,Mining
T45QUE,2021,8512,10368,21.832485,86.07112,0.6421,Mining
T45QUE,2021,640,5088,22.539777,85.553048,0.6421,Mining
T45QUE,2021,1056,8576,22.504896,85.892481,0.642,Mining
T45QUE,2021,2400,3008,22.378898,85.35272,0.642,Mining
T45QUE,2021,3904,5696,22.245511,85.615082,0.642,Mining
T45QUE,2021,6784,8032,21.987145,85.843854,0.642,Mining
T45QUE,2021,3328,8128,22.299377,85.85062,0.642,Mining
T45QUE,2021,6624,416,21.994738,85.106177,0.642,Mining
T45QUE,2021,7168,9344,21.953304,85.971176,0.642,Mining
T45QUE,2021,5568,5632,22.09517,85.610351,0.642,Mining
T45QUE,2021,7232,8256,21.94683,85.86587,0.642,Mining
T45QUE,2021,5664,9184,22.089063,85.954686,0.642,Mining
T45QUE,2021,2592,6048,22.364294,85.648093,0.642,Mining
T45QUE,2021,9184,8160,21.770443,85.857978,0.642,Mining
T45QUE,2021,4128,8032,22.227051,85.841897,0.642,Mining
T45QUE,2021,4448,7520,22.197786,85.792473,0.642,Mining
T45QUE,2021,4064,2752,22.228378,85.32965,0.642,Mining
T45QUE,2021,1344,3840,22.475065,85.432438,0.6419,Mining
T45QUE,2021,800,8672,22.528082,85.90163,0.6419,Mining
T45QUE,2021,1152,5376,22.493787,85.58152,0.6419,Mining
T45QUE,2021,4448,9344,22.199002,85.969395,0.6419,Mining
T45QUE,2021,4768,10176,22.170587,86.050294,0.6419,Mining
T45QUE,2021,544,6400,22.549544,85.680524,0.6419,Mining
T45QUE,2021,5792,10624,22.078333,86.094334,0.6419,Mining
T45QUE,2021,1184,10432,22.494473,86.072985,0.6419,Mining
T45QUE,2021,2304,6016,22.390279,85.644734,0.6418,Mining
T45QUE,2021,5632,288,22.084167,85.092584,0.6418,Mining
T45QUE,2021,9184,5248,21.768258,85.576388,0.6418,Mining
T45QUE,2021,5696,5440,22.08345,85.591858,0.6418,Mining
T45QUE,2021,5088,6560,22.139264,85.699893,0.6418,Mining
T45QUE,2021,4640,10624,22.182397,86.093669,0.6418,Mining
T45QUE,2021,1856,5824,22.430583,85.625689,0.6418,Mining
T45QUE,2021,2400,2944,22.378835,85.346505,0.6418,Mining
T45QUE,2021,1760,3072,22.436756,85.358255,0.6417,Mining
T45QUE,2021,4768,5856,22.167608,85.631362,0.6417,Mining
T45QUE,2021,1184,6240,22.491614,85.665522,0.6417,Mining
T45QUE,2021,4992,448,22.142136,85.107314,0.6417,Mining
T45QUE,2021,224,6144,22.578239,85.655352,0.6417,Mining
T45QUE,2021,5056,3360,22.139387,85.389645,0.6417,Mining
T45QUE,2021,512,3360,22.549737,85.384924,0.6417,Mining
T45QUE,2021,3008,5824,22.326539,85.62671,0.6417,Mining
T45QUE,2021,5440,6016,22.107043,85.647457,0.6417,Mining
T45QUE,2021,4576,7872,22.186474,85.826711,0.6416,Mining
T45QUE,2021,4960,10752,22.153559,86.106266,0.6416,Mining
T45QUE,2021,864,9504,22.522833,85.982566,0.6416,Mining
T45QUE,2021,5888,4640,22.065424,85.514515,0.6416,Mining
T45QUE,2021,4128,3488,22.223315,85.401105,0.6416,Mining
T45QUE,2021,1920,928,22.420056,85.150191,0.6415,Mining
T45QUE,2021,4224,3744,22.214888,85.426033,0.6415,Mining
T45QUE,2021,3584,4800,22.273647,85.527853,0.6415,Mining
T45QUE,2021,2784,5856,22.346796,85.629619,0.6415,Mining
T45QUE,2021,960,2752,22.508678,85.326302,0.6415,Mining
T45QUE,2021,4448,5344,22.196084,85.581426,0.6415,Mining
T45QUE,2021,2464,4128,22.374189,85.461538,0.6414,Mining
T45QUE,2021,928,5056,22.51374,85.550209,0.6414,Mining
T45QUE,2021,64,768,22.58746,85.132403,0.6414,Mining
T45QUE,2021,1600,4640,22.452682,85.510423,0.6414,Mining
T45QUE,2021,3872,2976,22.245938,85.351174,0.6413,Mining
T45QUE,2021,5312,10656,22.121711,86.09716,0.6413,Mining
T45QUE,2021,2752,10144,22.352675,86.045957,0.6413,Mining
T45QUE,2021,1472,6688,22.465957,85.709305,0.6413,Mining
T45QUE,2021,6208,8960,22.039784,85.933344,0.6412,Mining
T45QUE,2021,3840,2976,22.248828,85.351141,0.6412,Mining
T45QUE,2021,2272,8160,22.39478,85.852946,0.6412,Mining
T45QUE,2021,1696,4640,22.444013,85.510515,0.6412,Mining
T45QUE,2021,3616,7040,22.272582,85.745248,0.6412,Mining
T45QUE,2021,6880,2304,21.973629,85.289267,0.6412,Mining
T45QUE,2021,4928,4832,22.152294,85.532221,0.6412,Mining
T45QUE,2021,96,7328,22.590722,85.770399,0.6412,Mining
T45QUE,2021,5920,6656,22.06419,85.709884,0.6412,Mining
T45QUE,2021,4096,10368,22.231397,86.068514,0.6411,Mining
T45QUE,2021,7616,1568,21.906408,85.218838,0.6411,Mining
T45QUE,2021,6080,5920,22.049161,85.638706,0.6411,Mining
T45QUE,2021,384,4928,22.562756,85.537249,0.6411,Mining
T45QUE,2021,2176,1888,22.397981,85.243718,0.6411,Mining
T45QUE,2021,1504,6528,22.462942,85.693784,0.6411,Mining
T45QUE,2021,2368,3072,22.381851,85.3589,0.6411,Mining
T45QUE,2021,8640,3648,21.815984,85.421147,0.641,Mining
T45QUE,2021,1952,960,22.417203,85.153337,0.641,Mining
T45QUE,2021,6016,9408,22.057404,85.976626,0.641,Mining
T45QUE,2021,5152,10752,22.136215,86.106376,0.641,Mining
T45QUE,2021,9568,6944,21.734903,85.740689,0.641,Mining
T45QUE,2021,7776,8352,21.897754,85.875551,0.641,Mining
T45QUE,2021,4480,4320,22.192299,85.482148,0.641,Mining
T45QUE,2021,6272,9824,22.034526,86.017098,0.641,Mining
T45QUE,2021,7936,1344,21.877276,85.197525,0.641,Mining
T45QUE,2021,6432,3744,22.015483,85.428245,0.641,Mining
T45QUE,2021,96,6272,22.589903,85.667689,0.641,Mining
T45QUE,2021,6368,8544,22.025064,85.89315,0.641,Mining
T45QUE,2021,8544,2880,21.823927,85.346769,0.6409,Mining
T45QUE,2021,10496,608,21.645313,85.129319,0.6409,Mining
T45QUE,2021,5376,8160,22.114412,85.855228,0.6409,Mining
T45QUE,2021,1472,6144,22.465526,85.656442,0.6409,Mining
T45QUE,2021,800,10304,22.529087,86.060308,0.6409,Mining
T45QUE,2021,5440,2624,22.10399,85.318713,0.6409,Mining
T45QUE,2021,1888,9952,22.430607,86.02677,0.6409,Mining
T45QUE,2021,6304,7584,22.03019,85.8001,0.6408,Mining
T45QUE,2021,1280,4480,22.481437,85.494565,0.6408,Mining
T45QUE,2021,7584,8000,21.914861,85.84134,0.6408,Mining
T45QUE,2021,1152,7776,22.495671,85.814789,0.6408,Mining
T45QUE,2021,1664,8064,22.44963,85.843167,0.6407,Mining
T45QUE,2021,5184,10080,22.132955,86.041238,0.6407,Mining
T45QUE,2021,1632,9824,22.453656,86.01417,0.6407,Mining
T45QUE,2021,4992,6656,22.148009,85.709121,0.6407,Mining
T45QUE,2021,5920,4096,22.062046,85.461838,0.6407,Mining
T45QUE,2021,480,1632,22.550852,85.216898,0.6406,Mining
T45QUE,2021,5728,5760,22.080824,85.622896,0.6405,Mining
T45QUE,2021,512,1952,22.548304,85.248043,0.6405,Mining
T45QUE,2021,384,1664,22.559555,85.219898,0.6405,Mining
T45QUE,2021,3232,5568,22.306096,85.602061,0.6405,Mining
T45QUE,2021,1504,9696,22.465141,86.001648,0.6405,Mining
T45QUE,2021,576,5408,22.545834,85.5841,0.6405,Mining
T45QUE,2021,1632,9728,22.453598,86.00484,0.6405,Mining
T45QUE,2021,1728,5056,22.44149,85.550961,0.6405,Mining
T45QUE,2021,6112,5920,22.046271,85.638734,0.6405,Mining
T45QUE,2021,1824,10272,22.436573,86.057822,0.6405,Mining
T45QUE,2021,256,9504,22.577751,85.982163,0.6404,Mining
T45QUE,2021,3584,7648,22.275917,85.804226,0.6404,Mining
T45QUE,2021,2144,9632,22.407293,85.995844,0.6404,Mining
T45QUE,2021,6240,4640,22.033633,85.514847,0.6404,Mining
T45QUE,2021,6560,8864,22.007927,85.924283,0.6404,Mining
T45QUE,2021,6464,8608,22.016434,85.899418,0.6404,Mining
T45QUE,2021,2976,4896,22.328641,85.536596,0.6404,Mining
T45QUE,2021,3392,8928,22.294127,85.928318,0.6404,Mining
T45QUE,2021,9408,5472,21.748211,85.598244,0.6403,Mining
T45QUE,2021,4288,6240,22.211269,85.668189,0.6403,Mining
T45QUE,2021,5280,7200,22.122405,85.762093,0.6403,Mining
T45QUE,2021,5600,8128,22.094158,85.852289,0.6403,Mining
T45QUE,2021,6176,8704,22.042511,85.908518,0.6403,Mining
T45QUE,2021,2176,8512,22.40369,85.887068,0.6403,Mining
T45QUE,2021,6560,4320,22.004448,85.484156,0.6403,Mining
T45QUE,2021,992,128,22.502936,85.07134,0.6403,Mining
T45QUE,2021,3136,10656,22.318273,86.095901,0.6403,Mining
T45QUE,2021,800,7008,22.526897,85.739852,0.6402,Mining
T45QUE,2021,6752,2624,21.985509,85.320113,0.6402,Mining
T45QUE,2021,1184,5344,22.490869,85.57844,0.6402,Mining
T45QUE,2021,5088,10496,22.141859,86.081516,0.6402,Mining
T45QUE,2021,1184,2528,22.488223,85.304779,0.6402,Mining
T45QUE,2021,9504,6976,21.740708,85.743733,0.6402,Mining
T45QUE,2021,5312,9504,22.121055,85.985475,0.6401,Mining
T45QUE,2021,6400,9440,22.022737,85.979976,0.6401,Mining
T45QUE,2021,5568,9504,22.09793,85.98564,0.6401,Mining
T45QUE,2021,4928,8224,22.154922,85.861107,0.6401,Mining
T45QUE,2021,4416,4352,22.198108,85.48519,0.6401,Mining
T45QUE,2021,2560,1600,22.363,85.216193,0.6401,Mining
T45QUE,2021,1568,3648,22.454654,85.414011,0.6401,Mining
T45QUE,2021,1184,4448,22.490078,85.491361,0.64,Mining
T45QUE,2021,4736,10240,22.173514,86.056482,0.64,Mining
T45QUE,2021,8256,3584,21.850605,85.414575,0.64,Mining
T45QUE,2021,576,4128,22.54469,85.459654,0.64,Mining
T45QUE,2021,352,4160,22.564949,85.462541,0.64,Mining
T45QUE,2021,1824,10400,22.436645,86.07026,0.64,Mining
T45QUE,2021,5728,8864,22.083081,85.923714,0.64,Mining
T45QUE,2021,5888,10656,22.069679,86.09749,0.64,Mining
T45QUE,2021,9376,6272,21.751739,85.675564,0.64,Mining
T45QUE,2021,5312,128,22.112879,85.076691,0.6399,Mining
T45QUE,2021,5888,4320,22.065139,85.48351,0.6399,Mining
T45QUE,2021,864,10432,22.523378,86.072792,0.6399,Mining
T45QUE,2021,6912,8928,21.976171,85.930721,0.6399,Mining
T45QUE,2021,1856,3008,22.428023,85.35214,0.6399,Mining
T45QUE,2021,9888,6048,21.705318,85.654337,0.6399,Mining
T45QUE,2021,5248,7648,22.125619,85.805499,0.6398,Mining
T45QUE,2021,7168,2432,21.94775,85.301969,0.6398,Mining
T45QUE,2021,2976,352,22.324058,85.095551,0.6398,Mining
T45QUE,2021,7552,8224,21.917903,85.863001,0.6398,Mining
T45QUE,2021,4064,10112,22.234144,86.043657,0.6398,Mining
T45QUE,2021,1088,7296,22.501102,85.768082,0.6398,Mining
T45QUE,2021,4032,2784,22.231299,85.33272,0.6398,Mining
T45QUE,2021,7456,7680,21.926202,85.810268,0.6397,Mining
T45QUE,2021,4160,8032,22.224161,85.841921,0.6397,Mining
T45QUE,2021,4320,320,22.202669,85.094089,0.6397,Mining
T45QUE,2021,4256,9696,22.216558,86.003416,0.6397,Mining
T45QUE,2021,160,1344,22.579433,85.188524,0.6397,Mining
T45QUE,2021,3488,9856,22.286025,86.018455,0.6397,Mining
T45QUE,2021,5600,7424,22.093664,85.784056,0.6397,Mining
T45QUE,2021,5248,6688,22.124911,85.712434,0.6397,Mining
T45QUE,2021,2016,10784,22.419512,86.107683,0.6397,Mining
T45QUE,2021,1376,6528,22.474502,85.693676,0.6396,Mining
T45QUE,2021,736,2464,22.528612,85.298065,0.6396,Mining
T45QUE,2021,704,9152,22.537065,85.948234,0.6396,Mining
T45QUE,2021,7840,7936,21.891693,85.835333,0.6396,Mining
T45QUE,2021,1376,3296,22.471652,85.379611,0.6396,Mining
T45QUE,2021,9056,7840,21.781788,85.826938,0.6396,Mining
T45QUE,2021,7328,7808,21.937853,85.822564,0.6396,Mining
T45QUE,2021,960,3040,22.508966,85.354293,0.6396,Mining
T45QUE,2021,2016,5920,22.416211,85.635156,0.6396,Mining
T45QUE,2021,2912,7136,22.336239,85.754,0.6396,Mining
T45QUE,2021,608,5216,22.542778,85.565463,0.6395,Mining
T45QUE,2021,640,1824,22.53661,85.235747,0.6395,Mining
T45QUE,2021,2880,9760,22.340889,86.00875,0.6395,Mining
T45QUE,2021,4896,9888,22.15886,86.022443,0.6395,Mining
T45QUE,2021,512,1600,22.547928,85.213825,0.6395,Mining
T45QUE,2021,5120,10464,22.13895,86.078432,0.6395,Mining
T45QUE,2021,2944,6208,22.332631,85.663933,0.6395,Mining
T45QUE,2021,1728,4320,22.440833,85.479458,0.6395,Mining
T45QUE,2021,10304,4096,21.666108,85.466074,0.6395,Mining
T45QUE,2021,320,640,22.5642,85.120271,0.6395,Mining
T45QUE,2021,1216,5824,22.488384,85.625119,0.6394,Mining
T45QUE,2021,7552,7456,21.917372,85.788656,0.6394,Mining
T45QUE,2021,256,10208,22.57817,86.050637,0.6394,Mining
T45QUE,2021,1568,4128,22.455105,85.460646,0.6394,Mining
T45QUE,2021,5760,128,22.072428,85.077239,0.6394,Mining
T45QUE,2021,2176,4512,22.400549,85.498546,0.6394,Mining
T45QUE,2021,3008,4960,22.325807,85.542839,0.6394,Mining
T45QUE,2021,96,2240,22.586171,85.275573,0.6394,Mining
T45QUE,2021,1984,3360,22.416809,85.386465,0.6394,Mining
T45QUE,2021,2176,9184,22.404127,85.952346,0.6394,Mining
T45QUE,2021,2976,8320,22.331302,85.869001,0.6394,Mining
T45QUE,2021,1824,1152,22.428972,85.171832,0.6393,Mining
T45QUE,2021,160,4032,22.582168,85.449901,0.6393,Mining
T45QUE,2021,768,9728,22.531641,86.004282,0.6393,Mining
T45QUE,2021,1984,8096,22.420749,85.846515,0.6392,Mining
T45QUE,2021,6944,7456,21.97229,85.788191,0.6392,Mining
T45QUE,2021,544,9984,22.552026,86.029032,0.6392,Mining
T45QUE,2021,3616,10016,22.274556,86.034064,0.6392,Mining
T45QUE,2021,3968,6176,22.24012,85.661707,0.6392,Mining
T45QUE,2021,6016,6688,22.055544,85.713063,0.6391,Mining
T45QUE,2021,8704,10624,21.815278,86.095998,0.6391,Mining
T45QUE,2021,32,7680,22.596761,85.804586,0.6391,Mining
T45QUE,2021,2784,3104,22.344316,85.362447,0.6391,Mining
T45QUE,2021,832,10048,22.526049,86.035437,0.6391,Mining
T45QUE,2021,5472,9728,22.106735,86.007292,0.6391,Mining
T45QUE,2021,3552,8960,22.279695,85.931534,0.6391,Mining
T45QUE,2021,2528,3680,22.36799,85.418102,0.6391,Mining
T45QUE,2021,736,3488,22.529634,85.397601,0.6391,Mining
T45QUE,2021,7872,7232,21.888307,85.767221,0.639,Mining
T45QUE,2021,8032,5856,21.872805,85.634192,0.639,Mining
T45QUE,2021,4192,4224,22.218222,85.472557,0.639,Mining
T45QUE,2021,1152,1920,22.49048,85.245662,0.639,Mining
T45QUE,2021,512,3040,22.549422,85.353814,0.639,Mining
T45QUE,2021,864,7168,22.521238,85.755459,0.639,Mining
T45QUE,2021,1600,1216,22.449269,85.177784,0.639,Mining
T45QUE,2021,2016,10560,22.41939,86.08592,0.6389,Mining
T45QUE,2021,1440,9984,22.471093,86.029597,0.6389,Mining
T45QUE,2021,10144,3808,21.680298,85.438092,0.6389,Mining
T45QUE,2021,1280,4864,22.481781,85.531882,0.6389,Mining
T45QUE,2021,2976,3648,22.327502,85.415453,0.6389,Mining
T45QUE,2021,3840,7232,22.252493,85.764058,0.6389,Mining
T45QUE,2021,4576,9664,22.187634,86.000517,0.6389,Mining
T45QUE,2021,4256,6272,22.214185,85.671266,0.6389,Mining
T45QUE,2021,8000,3616,21.873755,85.417416,0.6388,Mining
T45QUE,2021,8096,6784,21.867744,85.724044,0.6388,Mining
T45QUE,2021,608,4192,22.54186,85.465909,0.6388,Mining
T45QUE,2021,1248,7808,22.487023,85.817973,0.6388,Mining
T45QUE,2021,3680,3200,22.263496,85.372704,0.6388,Mining
T45QUE,2021,4544,8512,22.1898,85.88876,0.6388,Mining
T45QUE,2021,10048,8384,21.692545,85.880244,0.6388,Mining
T45QUE,2021,9952,7968,21.70094,85.839967,0.6388,Mining
T45QUE,2021,6880,2912,21.974232,85.348133,0.6388,Mining
T45QUE,2021,5696,9504,22.086368,85.985723,0.6388,Mining
T45QUE,2021,864,1920,22.516486,85.245334,0.6388,Mining
T45QUE,2021,5248,7104,22.125224,85.752762,0.6388,Mining
T45QUE,2021,7936,5440,21.881137,85.593852,0.6388,Mining
T45QUE,2021,5120,10048,22.138718,86.038096,0.6388,Mining
T45QUE,2021,3712,8320,22.264823,85.869536,0.6387,Mining
T45QUE,2021,320,8640,22.571416,85.898175,0.6387,Mining
T45QUE,2021,2432,7584,22.379922,85.797123,0.6387,Mining
T45QUE,2021,832,7488,22.524365,85.786543,0.6387,Mining
T45QUE,2021,2496,1504,22.368676,85.206799,0.6387,Mining
T45QUE,2021,5184,8256,22.13182,85.864395,0.6386,Mining
T45QUE,2021,800,5152,22.525383,85.55942,0.6386,Mining
T45QUE,2021,4128,1280,22.221069,85.186955,0.6386,Mining
T45QUE,2021,5632,7456,22.090797,85.787182,0.6386,Mining
T45QUE,2021,928,8384,22.516327,85.873723,0.6386,Mining
T45QUE,2021,2272,1088,22.38845,85.166147,0.6386,Mining
T45QUE,2021,5376,2656,22.109802,85.321746,0.6386,Mining
T45QUE,2021,2560,4544,22.365898,85.502025,0.6385,Mining
T45QUE,2021,96,2400,22.586337,85.291132,0.6385,Mining
T45QUE,2021,3168,4000,22.310493,85.449812,0.6385,Mining
T45QUE,2021,864,3072,22.517667,85.357301,0.6385,Mining
T45QUE,2021,4288,3424,22.208805,85.395062,0.6385,Mining
T45QUE,2021,1536,2816,22.456728,85.333146,0.6385,Mining
T45QUE,2021,5408,7296,22.110914,85.7715,0.6385,Mining
T45QUE,2021,672,384,22.532125,85.09582,0.6385,Mining
T45QUE,2021,2464,2720,22.372831,85.324824,0.6384,Mining
T45QUE,2021,2720,5632,22.352391,85.607814,0.6384,Mining
T45QUE,2021,5632,8576,22.091566,85.895734,0.6384,Mining
T45QUE,2021,1984,5440,22.418701,85.588501,0.6384,Mining
T45QUE,2021,256,7488,22.576389,85.786088,0.6384,Mining
T45QUE,2021,4640,6816,22.179924,85.724348,0.6384,Mining
T45QUE,2021,5888,2496,22.063405,85.306791,0.6384,Mining
T45QUE,2021,4576,4576,22.183858,85.507066,0.6384,Mining
T45QUE,2021,576,2272,22.542861,85.279223,0.6384,Mining
T45QUE,2021,288,1248,22.56777,85.179342,0.6384,Mining
T45QUE,2021,5856,5376,22.068946,85.5858,0.6384,Mining
T45QUE,2021,5120,1440,22.131665,85.203611,0.6384,Mining
T45QUE,2021,2080,10176,22.413394,86.048652,0.6383,Mining
T45QUE,2021,5824,7360,22.073385,85.778027,0.6383,Mining
T45QUE,2021,5952,9216,22.063068,85.957978,0.6383,Mining
T45QUE,2021,1408,2912,22.468383,85.342335,0.6383,Mining
T45QUE,2021,4544,7648,22.189207,85.804962,0.6383,Mining
T45QUE,2021,1728,1376,22.437886,85.193476,0.6383,Mining
T45QUE,2021,6144,3616,22.041373,85.415558,0.6383,Mining
T45QUE,2021,6464,8768,22.016537,85.914917,0.6382,Mining
T45QUE,2021,96,5632,22.589374,85.605443,0.6382,Mining
T45QUE,2021,1312,4160,22.478254,85.4635,0.6382,Mining
T45QUE,2021,3840,5344,22.250996,85.580874,0.6382,Mining
T45QUE,2021,2496,1408,22.368573,85.197479,0.6382,Mining
T45QUE,2021,1248,3584,22.48349,85.407463,0.6382,Mining
T45QUE,2021,7520,5280,21.918576,85.577996,0.6382,Mining
T45QUE,2021,0,2400,22.595006,85.291025,0.6382,Mining
T45QUE,2021,2208,9024,22.401135,85.936825,0.6381,Mining
T45QUE,2021,4832,288,22.156402,85.091611,0.6381,Mining
T45QUE,2021,1728,3520,22.440082,85.401741,0.6381,Mining
T45QUE,2021,3872,10432,22.251667,86.074591,0.6381,Mining
T45QUE,2021,960,7104,22.512519,85.749315,0.6381,Mining
T45QUE,2021,3616,6080,22.271835,85.652089,0.6381,Mining
T45QUE,2021,9984,7552,21.697763,85.799782,0.6381,Mining
T45QUE,2021,5696,9984,22.08665,86.032246,0.6381,Mining
T45QUE,2021,3296,2912,22.29789,85.344354,0.638,Mining
T45QUE,2021,608,2208,22.539905,85.273038,0.638,Mining
T45QUE,2021,7072,320,21.954178,85.097421,0.638,Mining
T45QUE,2021,1216,7456,22.489659,85.783735,0.638,Mining
T45QUE,2021,5984,4096,22.056266,85.461901,0.638,Mining
T45QUE,2021,4960,10912,22.153643,86.121782,0.6379,Mining
T45QUE,2021,1024,5664,22.505591,85.609396,0.6379,Mining
T45QUE,2021,5536,864,22.093477,85.148276,0.6379,Mining
T45QUE,2021,1344,8192,22.478622,85.855367,0.6379,Mining
T45QUE,2021,3552,8320,22.279275,85.86942,0.6379,Mining
T45QUE,2021,5280,3840,22.11961,85.436399,0.6379,Mining
T45QUE,2021,5920,10208,22.066543,86.054092,0.6379,Mining
T45QUE,2021,3872,5888,22.248558,85.633682,0.6379,Mining
T45QUE,2021,3424,8832,22.291175,85.919022,0.6378,Mining
T45QUE,2021,224,5984,22.578108,85.639792,0.6377,Mining
T45QUE,2021,6752,7648,21.989769,85.806639,0.6377,Mining
T45QUE,2021,1216,3456,22.486256,85.394991,0.6377,Mining
T45QUE,2021,5440,10368,22.109991,86.069314,0.6377,Mining
T45QUE,2021,4000,7168,22.237994,85.757976,0.6377,Mining
T45QUE,2021,512,5760,22.551912,85.618267,0.6377,Mining
T45QUE,2021,4064,8576,22.233199,85.894628,0.6377,Mining
T45QUE,2021,3296,10592,22.303785,86.089781,0.6376,Mining
T45QUE,2021,4480,8576,22.195623,85.894923,0.6376,Mining
T45QUE,2021,3008,6240,22.326877,85.667094,0.6376,Mining
T45QUE,2021,1632,3072,22.448314,85.358119,0.6376,Mining
T45QUE,2021,4416,5344,22.198975,85.581397,0.6376,Mining
T45QUE,2021,3936,8864,22.244948,85.922482,0.6376,Mining
T45QUE,2021,2528,6368,22.370331,85.679112,0.6376,Mining
T45QUE,2021,7424,4352,21.926445,85.488082,0.6376,Mining
T45QUE,2021,2688,3488,22.353358,85.399625,0.6376,Mining
T45QUE,2021,3776,160,22.251605,85.077906,0.6375,Mining
T45QUE,2021,5184,6144,22.130267,85.659645,0.6375,Mining
T45QUE,2021,3296,8096,22.302245,85.847491,0.6375,Mining
T45QUE,2021,7232,3552,21.943055,85.410454,0.6375,Mining
T45QUE,2021,2368,4896,22.383551,85.536022,0.6375,Mining
T45QUE,2021,1600,4704,22.45274,85.516641,0.6375,Mining
T45QUE,2021,2720,5760,22.352498,85.620242,0.6375,Mining
T45QUE,2021,192,9120,22.583291,85.94477,0.6375,Mining
T45QUE,2021,6944,5600,21.970865,85.608465,0.6375,Mining
T45QUE,2021,2688,832,22.350604,85.14179,0.6375,Mining
T45QUE,2021,9344,1152,21.749926,85.180557,0.6374,Mining
T45QUE,2021,5792,5024,22.074428,85.551633,0.6374,Mining
T45QUE,2021,7552,3680,21.914274,85.423163,0.6374,Mining
T45QUE,2021,9760,6656,21.717347,85.713001,0.6374,Mining
T45QUE,2021,5920,10912,22.066923,86.122319,0.6374,Mining
T45QUE,2021,1536,9440,22.462095,85.97679,0.6374,Mining
T45QUE,2021,4608,6432,22.182518,85.687081,0.6374,Mining
T45QUE,2021,5472,10144,22.106976,86.047618,0.6374,Mining
T45QUE,2021,8736,5184,21.808668,85.569799,0.6374,Mining
T45QUE,2021,5504,9792,22.103882,86.013516,0.6373,Mining
T45QUE,2021,2208,6016,22.398949,85.64465,0.6373,Mining
T45QUE,2021,3424,9440,22.291557,85.978036,0.6373,Mining
T45QUE,2021,5056,6272,22.141929,85.671945,0.6373,Mining
T45QUE,2021,1504,6144,22.462635,85.65647,0.6372,Mining
T45QUE,2021,1952,2144,22.418476,85.268327,0.6372,Mining
T45QUE,2021,672,2048,22.533958,85.257557,0.6372,Mining
T45QUE,2021,4320,5856,22.20807,85.63097,0.6372,Mining
T45QUE,2021,7936,3648,21.879565,85.420448,0.6372,Mining
T45QUE,2021,2208,3744,22.396949,85.423991,0.6372,Mining
T45QUE,2021,1440,6080,22.468364,85.650195,0.6372,Mining
T45QUE,2021,1920,7648,22.426213,85.802943,0.6372,Mining
T45QUE,2021,3936,8256,22.244547,85.863488,0.6372,Mining
T45QUE,2021,6080,10112,22.052035,86.044886,0.6372,Mining
T45QUE,2021,5824,6240,22.072538,85.669493,0.6371,Mining
T45QUE,2021,1696,7808,22.446559,85.818316,0.6371,Mining
T45QUE,2021,5536,10208,22.10123,86.053861,0.6371,Mining
T45QUE,2021,2880,800,22.333232,85.138914,0.6371,Mining
T45QUE,2021,4608,4064,22.180506,85.457449,0.6371,Mining
T45QUE,2021,2944,3136,22.329898,85.365721,0.6371,Mining
T45QUE,2021,3648,3968,22.267115,85.447185,0.6371,Mining
T45QUE,2021,800,320,22.520494,85.089759,0.6371,Mining
T45QUE,2021,4672,10624,22.179506,86.093687,0.637,Mining
T45QUE,2021,5632,8480,22.091503,85.88643,0.637,Mining
T45QUE,2021,3680,10496,22.269046,86.080688,0.637,Mining
T45QUE,2021,1728,3552,22.440113,85.40485,0.637,Mining
T45QUE,2021,1504,9248,22.464866,85.958109,0.6369,Mining
T45QUE,2021,2688,9760,22.358232,86.008627,0.6369,Mining
T45QUE,2021,8064,6720,21.870586,85.717825,0.6369,Mining
T45QUE,2021,9824,3168,21.708605,85.375927,0.6369,Mining
T45QUE,2021,2176,512,22.396474,85.110104,0.6369,Mining
T45QUE,2021,2304,2912,22.387472,85.343295,0.6369,Mining
T45QUE,2021,2720,6336,22.352964,85.676168,0.6369,Mining
T45QUE,2021,1280,5504,22.482336,85.594077,0.6368,Mining
T45QUE,2021,5568,6016,22.095482,85.647567,0.6368,Mining
T45QUE,2021,4896,5824,22.156021,85.628371,0.6368,Mining
T45QUE,2021,5216,8032,22.128777,85.842702,0.6368,Mining
T45QUE,2021,9056,2176,21.776994,85.279232,0.6368,Mining
T45QUE,2021,2016,6016,22.41629,85.644482,0.6368,Mining
T45QUE,2021,256,7744,22.576575,85.810986,0.6367,Mining
T45QUE,2021,10496,6272,21.650575,85.676489,0.6367,Mining
T45QUE,2021,128,10336,22.589805,86.063009,0.6367,Mining
T45QUE,2021,1664,6112,22.448159,85.6535,0.6367,Mining
T45QUE,2021,5472,3040,22.10151,85.359061,0.6367,Mining
T45QUE,2021,3168,3648,22.310163,85.415648,0.6366,Mining
T45QUE,2021,7904,7808,21.885824,85.822992,0.6366,Mining
T45QUE,2021,8896,1824,21.791085,85.245023,0.6366,Mining
T45QUE,2021,960,5728,22.511424,85.615559,0.6366,Mining
T45QUE,2021,7424,7680,21.929092,85.810244,0.6366,Mining
T45QUE,2021,2080,1920,22.406683,85.246716,0.6366,Mining
T45QUE,2021,6528,4000,22.007049,85.453134,0.6366,Mining
T45QUE,2021,928,9088,22.516792,85.942165,0.6366,Mining
T45QUE,2021,7840,2144,21.886774,85.274821,0.6366,Mining
T45QUE,2021,6304,8224,22.030632,85.862103,0.6366,Mining
T45QUE,2021,3712,576,22.257856,85.11818,0.6366,Mining
T45QUE,2021,3328,8224,22.299442,85.859939,0.6366,Mining
T45QUE,2021,1952,320,22.41648,85.091185,0.6365,Mining
T45QUE,2021,10560,5792,21.644418,85.630167,0.6365,Mining
T45QUE,2021,4448,10272,22.199547,86.059412,0.6365,Mining
T45QUE,2021,1888,3488,22.425602,85.398798,0.6365,Mining
T45QUE,2021,6048,4576,22.050917,85.508466,0.6365,Mining
T45QUE,2021,3360,7360,22.295941,85.776101,0.6365,Mining
T45QUE,2021,128,1376,22.582357,85.191598,0.6365,Mining
T45QUE,2021,7264,8672,21.944212,85.906171,0.6365,Mining
T45QUE,2021,7840,7648,21.891494,85.807459,0.6365,Mining
T45QUE,2021,768,3264,22.526526,85.375861,0.6364,Mining
T45QUE,2021,4448,5888,22.196536,85.634186,0.6364,Mining
T45QUE,2021,2976,9792,22.332236,86.011918,0.6364,Mining
T45QUE,2021,3008,4736,22.32561,85.521095,0.6364,Mining
T45QUE,2021,2528,768,22.364979,85.135385,0.6364,Mining
T45QUE,2021,6112,736,22.041325,85.136556,0.6364,Mining
T45QUE,2021,3520,10656,22.283586,86.096124,0.6363,Mining
T45QUE,2021,4064,3840,22.229427,85.435183,0.6363,Mining
T45QUE,2021,7840,3904,21.888471,85.445125,0.6363,Mining
T45QUE,2021,7808,8768,21.895134,85.915839,0.6363,Mining
T45QUE,2021,8576,4960,21.82293,85.547988,0.6363,Mining
T45QUE,2021,4192,4416,22.218395,85.49118,0.6363,Mining
T45QUE,2021,1984,2336,22.415785,85.28701,0.6363,Mining
T45QUE,2021,128,512,22.58139,85.10759,0.6363,Mining
T45QUE,2021,5952,8992,22.062928,85.936272,0.6362,Mining
T45QUE,2021,2592,4736,22.36318,85.520699,0.6362,Mining
T45QUE,2021,2272,3968,22.39138,85.445809,0.6362,Mining
T45QUE,2021,7904,5632,21.884184,85.612404,0.6362,Mining
T45QUE,2021,3072,10592,22.324019,86.08965,0.6362,Mining
T45QUE,2021,352,1312,22.562061,85.18564,0.6361,Mining
T45QUE,2021,9312,7040,21.758097,85.74977,0.6361,Mining
T45QUE,2021,3200,3360,22.306998,85.38773,0.6361,Mining
T45QUE,2021,1408,1344,22.466745,85.189993,0.636,Mining
T45QUE,2021,800,9440,22.528574,85.976301,0.636,Mining
T45QUE,2021,3840,3296,22.24914,85.382184,0.636,Mining
T45QUE,2021,3232,10208,22.309353,86.052465,0.636,Mining
T45QUE,2021,2944,6112,22.332554,85.654613,0.636,Mining
T45QUE,2021,6880,6304,21.97721,85.676581,0.636,Mining
T45QUE,2021,2304,10784,22.393497,86.107849,0.636,Mining
T45QUE,2021,1984,3264,22.416716,85.377141,0.6359,Mining
T45QUE,2021,8320,5344,21.846374,85.584904,0.6359,Mining
T45QUE,2021,6912,7072,21.974902,85.75098,0.6359,Mining
T45QUE,2021,4320,7424,22.209278,85.783062,0.6359,Mining
T45QUE,2021,1024,7264,22.506858,85.76492,0.6359,Mining
T45QUE,2021,7136,1824,21.950021,85.243079,0.6359,Mining
T45QUE,2021,2528,4704,22.368931,85.51753,0.6358,Mining
T45QUE,2021,3424,9632,22.291674,85.996672,0.6358,Mining
T45QUE,2021,7936,1184,21.877106,85.182045,0.6358,Mining
T45QUE,2021,10400,4512,21.657804,85.506358,0.6358,Mining
T45QUE,2021,2624,9856,22.36407,86.017909,0.6358,Mining
T45QUE,2021,6816,5888,21.98266,85.636242,0.6357,Mining
T45QUE,2021,1664,10880,22.451359,86.116809,0.6357,Mining
T45QUE,2021,384,4448,22.562324,85.490577,0.6357,Mining
T45QUE,2021,96,3328,22.587272,85.381374,0.6357,Mining
T45QUE,2021,7648,5472,21.907175,85.596694,0.6357,Mining
T45QUE,2021,7552,2656,21.913294,85.324058,0.6357,Mining
T45QUE,2021,0,6688,22.598903,85.708069,0.6356,Mining
T45QUE,2021,544,1184,22.544584,85.173424,0.6356,Mining
T45QUE,2021,6496,9728,22.014236,86.007938,0.6356,Mining
T45QUE,2021,3520,8960,22.282586,85.931512,0.6356,Mining
T45QUE,2021,9280,5280,21.759614,85.579568,0.6356,Mining
T45QUE,2021,9056,8448,21.782195,85.88574,0.6356,Mining
T45QUE,2021,2208,3808,22.397009,85.430206,0.6356,Mining
T45QUE,2021,1472,8352,22.46717,85.871011,0.6356,Mining
T45QUE,2021,6080,6912,22.049933,85.734819,0.6356,Mining
T45QUE,2021,5568,480,22.090162,85.111108,0.6355,Mining
T45QUE,2021,3456,4096,22.284573,85.459415,0.6355,Mining
T45QUE,2021,768,2624,22.525886,85.313652,0.6355,Mining
T45QUE,2021,3168,288,22.306649,85.089576,0.6355,Mining
T45QUE,2021,4480,10592,22.196833,86.090472,0.6355,Mining
T45QUE,2021,7392,4000,21.929019,85.453979,0.6355,Mining
T45QUE,2021,6496,9440,22.014065,85.980038,0.6355,Mining
T45QUE,2021,128,4800,22.585761,85.524557,0.6355,Mining
T45QUE,2021,8736,10080,21.812091,86.04339,0.6354,Mining
T45QUE,2021,3232,3744,22.304474,85.425031,0.6354,Mining
T45QUE,2021,1472,3936,22.463596,85.441895,0.6354,Mining
T45QUE,2021,4256,10080,22.216782,86.04067,0.6354,Mining
T45QUE,2021,2144,800,22.399688,85.13803,0.6354,Mining
T45QUE,2021,1792,3840,22.434607,85.432892,0.6354,Mining
T45QUE,2021,9120,8512,21.776455,85.891974,0.6354,Mining
T45QUE,2021,6368,9248,22.02551,85.961354,0.6354,Mining
T45QUE,2021,7264,7456,21.943386,85.788436,0.6354,Mining
T45QUE,2021,5440,6400,22.107347,85.684676,0.6354,Mining
T45QUE,2021,1024,4864,22.504901,85.531638,0.6353,Mining
T45QUE,2021,832,6048,22.523249,85.646552,0.6353,Mining
T45QUE,2021,6816,3840,21.980892,85.437923,0.6353,Mining
T45QUE,2021,3136,4128,22.313501,85.462204,0.6353,Mining
T45QUE,2021,416,608,22.555496,85.117278,0.6353,Mining
T45QUE,2021,1856,7776,22.432085,85.815329,0.6353,Mining
T45QUE,2021,2368,4704,22.383381,85.517377,0.6353,Mining
T45QUE,2021,5536,6656,22.098874,85.709569,0.6352,Mining
T45QUE,2021,2912,9952,22.338111,86.027413,0.6352,Mining
T45QUE,2021,5760,9440,22.080548,85.979561,0.6352,Mining
T45QUE,2021,6176,7296,22.041545,85.772099,0.6352,Mining
T45QUE,2021,3040,10304,22.32675,86.061669,0.6352,Mining
T45QUE,2021,7872,7872,21.888759,85.829162,0.6351,Mining
T45QUE,2021,4096,3328,22.226052,85.385553,0.6351,Mining
T45QUE,2021,5504,2624,22.098211,85.318782,0.6351,Mining
T45QUE,2021,704,10880,22.538076,86.116258,0.6351,Mining
T45QUE,2021,6944,1472,21.966991,85.208788,0.6351,Mining
T45QUE,2021,7040,9536,21.964982,85.989686,0.6351,Mining
T45QUE,2021,3680,9568,22.268511,85.990626,0.6351,Mining
T45QUE,2021,6816,8160,21.984342,85.856274,0.6351,Mining
T45QUE,2021,3264,3744,22.301584,85.425063,0.635,Mining
T45QUE,2021,3360,4544,22.293649,85.502797,0.635,Mining
T45QUE,2021,2240,5696,22.395796,85.613598,0.635,Mining
T45QUE,2021,2656,1760,22.354502,85.231836,0.635,Mining
T45QUE,2021,5408,9088,22.112128,85.94521,0.635,Mining
T45QUE,2021,5056,3392,22.139418,85.392747,0.635,Mining
T45QUE,2021,5760,5760,22.077934,85.622924,0.635,Mining
T45QUE,2021,6944,7008,21.971964,85.744807,0.635,Mining
T45QUE,2021,8288,2432,21.846606,85.303166,0.635,Mining
T45QUE,2021,1152,2496,22.49108,85.301634,0.6349,Mining
T45QUE,2021,2528,4608,22.368846,85.508209,0.6349,Mining
T45QUE,2021,5504,9856,22.10392,86.01972,0.6349,Mining
T45QUE,2021,3488,2464,22.280103,85.301089,0.6349,Mining
T45QUE,2021,800,8608,22.52804,85.895408,0.6349,Mining
T45QUE,2021,10144,7424,21.683221,85.787531,0.6349,Mining
T45QUE,2021,4352,9184,22.207575,85.953811,0.6349,Mining
T45QUE,2021,2048,4800,22.412366,85.526395,0.6349,Mining
T45QUE,2021,3232,5536,22.30607,85.598955,0.6348,Mining
T45QUE,2021,2848,5024,22.340313,85.548902,0.6348,Mining
T45QUE,2021,4384,10304,22.205346,86.062478,0.6348,Mining
T45QUE,2021,4704,10464,22.176529,86.078188,0.6348,Mining
T45QUE,2021,1792,6976,22.437277,85.737554,0.6348,Mining
T45QUE,2021,32,7040,22.596285,85.742334,0.6348,Mining
T45QUE,2021,1024,6560,22.506319,85.696488,0.6347,Mining
T45QUE,2021,2304,4192,22.388697,85.467594,0.6347,Mining
T45QUE,2021,4352,4576,22.204089,85.506852,0.6347,Mining
T45QUE,2021,5152,992,22.128292,85.160229,0.6347,Mining
T45QUE,2021,5312,3232,22.116145,85.377502,0.6347,Mining
T45QUE,2021,6560,640,22.000766,85.12779,0.6347,Mining
T45QUE,2021,2944,4864,22.331503,85.53346,0.6346,Mining
T45QUE,2021,2304,5952,22.390227,85.638518,0.6346,Mining
T45QUE,2021,256,9536,22.577771,85.985276,0.6346,Mining
T45QUE,2021,10016,3552,21.691624,85.413228,0.6346,Mining
T45QUE,2021,7616,3456,21.908285,85.401548,0.6346,Mining
T45QUE,2021,6688,8736,21.996283,85.911972,0.6346,Mining
T45QUE,2021,2560,5824,22.367001,85.626314,0.6346,Mining
T45QUE,2021,96,4064,22.587978,85.452949,0.6346,Mining
T45QUE,2021,736,768,22.526784,85.13322,0.6345,Mining
T45QUE,2021,2144,10784,22.40795,86.107757,0.6345,Mining
T45QUE,2021,2720,5792,22.352524,85.623349,0.6345,Mining
T45QUE,2021,7200,10784,21.951228,86.110635,0.6345,Mining
T45QUE,2021,2528,3296,22.367621,85.380818,0.6345,Mining
T45QUE,2021,1792,9152,22.438792,85.948976,0.6345,Mining
T45QUE,2021,9184,10272,21.771727,86.062227,0.6345,Mining
T45QUE,2021,1632,7200,22.451897,85.759188,0.6344,Mining
T45QUE,2021,2240,5344,22.395499,85.579411,0.6344,Mining
T45QUE,2021,3424,992,22.284324,85.158193,0.6343,Mining
T45QUE,2021,9984,2080,21.693092,85.270953,0.6343,Mining
T45QUE,2021,352,10592,22.569715,86.088045,0.6343,Mining
T45QUE,2021,7264,7968,21.943744,85.838008,0.6343,Mining
T45QUE,2021,1408,6528,22.471612,85.693703,0.6343,Mining
T45QUE,2021,2304,6752,22.390862,85.716216,0.6343,Mining
T45QUE,2021,4032,7936,22.235655,85.832512,0.6343,Mining
T45QUE,2021,3584,10144,22.27752,86.046468,0.6342,Mining
T45QUE,2021,4608,8448,22.183977,85.882599,0.6342,Mining
T45QUE,2021,10560,1408,21.640386,85.206663,0.6342,Mining
T45QUE,2021,704,5120,22.534025,85.55622,0.6342,Mining
T45QUE,2021,1888,704,22.422695,85.128398,0.6342,Mining
T45QUE,2021,3264,2656,22.300525,85.319476,0.6342,Mining
T45QUE,2021,2144,4128,22.403088,85.46122,0.6342,Mining
T45QUE,2021,5088,6816,22.13946,85.724712,0.6342,Mining
T45QUE,2021,96,9504,22.592203,85.982057,0.6342,Mining
T45QUE,2021,4128,768,22.220508,85.137301,0.6341,Mining
T45QUE,2021,5952,6016,22.060799,85.647897,0.6341,Mining
T45QUE,2021,7360,1952,21.929925,85.255716,0.6341,Mining
T45QUE,2021,6720,8224,21.993056,85.862403,0.6341,Mining
T45QUE,2021,6752,1632,21.984497,85.224062,0.6341,Mining
T45QUE,2021,10368,4640,21.660805,85.518695,0.6341,Mining
T45QUE,2021,4960,5248,22.149761,85.572583,0.6341,Mining
T45QUE,2021,2272,4480,22.39185,85.495531,0.6341,Mining
T45QUE,2021,8000,384,21.870454,85.104725,0.6341,Mining
T45QUE,2021,1504,7008,22.463313,85.740428,0.634,Mining
T45QUE,2021,6784,4000,21.983929,85.453384,0.634,Mining
T45QUE,2021,5536,5536,22.097981,85.601018,0.634,Mining
T45QUE,2021,3584,5280,22.274062,85.57443,0.634,Mining
T45QUE,2021,1920,8320,22.426684,85.86823,0.634,Mining
T45QUE,2021,1248,4032,22.483914,85.450998,0.634,Mining
T45QUE,2021,1728,3168,22.43974,85.367547,0.634,Mining
T45QUE,2021,1152,10400,22.497346,86.069855,0.634,Mining
T45QUE,2021,992,768,22.503669,85.133531,0.634,Mining
T45QUE,2021,1888,6464,22.42821,85.687892,0.6339,Mining
T45QUE,2021,1408,2208,22.467666,85.273935,0.6339,Mining
T45QUE,2021,1760,6624,22.439896,85.703328,0.6339,Mining
T45QUE,2021,1792,4864,22.435542,85.532369,0.6339,Mining
T45QUE,2021,3904,10848,22.249001,86.114978,0.6339,Mining
T45QUE,2021,4896,10048,22.158952,86.037959,0.6339,Mining
T45QUE,2021,1312,10624,22.483017,86.091724,0.6338,Mining
T45QUE,2021,7168,2336,21.947653,85.292676,0.6338,Mining
T45QUE,2021,3104,5504,22.317603,85.595733,0.6338,Mining
T45QUE,2021,7552,5312,21.915713,85.581123,0.6337,Mining
T45QUE,2021,576,10016,22.549154,86.032164,0.6337,Mining
T45QUE,2021,6432,224,22.011859,85.087355,0.6337,Mining
T45QUE,2021,704,1568,22.530556,85.210938,0.6337,Mining
T45QUE,2021,2432,7680,22.379991,85.806447,0.6337,Mining
T45QUE,2021,2560,3072,22.364512,85.359103,0.6337,Mining
T45QUE,2021,1088,5120,22.499346,85.55658,0.6337,Mining
T45QUE,2021,5216,9248,22.12957,85.960593,0.6336,Mining
T45QUE,2021,3232,10144,22.309317,86.046252,0.6336,Mining
T45QUE,2021,6048,10112,22.054926,86.044866,0.6336,Mining
T45QUE,2021,3328,672,22.292637,85.12703,0.6336,Mining
T45QUE,2021,4352,512,22.199996,85.112745,0.6336,Mining
T45QUE,2021,992,2720,22.505756,85.323227,0.6336,Mining
T45QUE,2021,10208,4736,21.675338,85.527824,0.6336,Mining
T45QUE,2021,5088,7936,22.140273,85.8333,0.6336,Mining
T45QUE,2021,3200,5184,22.308661,85.56476,0.6336,Mining
T45QUE,2021,6208,960,22.032902,85.158364,0.6336,Mining
T45QUE,2021,4256,3104,22.211386,85.363994,0.6336,Mining
T45QUE,2021,6880,8608,21.978857,85.899708,0.6336,Mining
T45QUE,2021,3008,3680,22.324642,85.418591,0.6336,Mining
T45QUE,2021,6016,10848,22.058217,86.11617,0.6336,Mining
T45QUE,2021,96,1216,22.585071,85.176002,0.6335,Mining
T45QUE,2021,1440,8128,22.469907,85.849218,0.6335,Mining
T45QUE,2021,1792,4832,22.435514,85.52926,0.6335,Mining
T45QUE,2021,4544,4224,22.186432,85.472901,0.6335,Mining
T45QUE,2021,5536,6688,22.098898,85.71267,0.6335,Mining
T45QUE,2021,8000,4000,21.874108,85.454571,0.6335,Mining
T45QUE,2021,1760,4512,22.438118,85.498142,0.6335,Mining
T45QUE,2021,832,6688,22.52376,85.708769,0.6334,Mining
T45QUE,2021,2560,6272,22.367364,85.669817,0.6334,Mining
T45QUE,2021,7680,7904,21.906124,85.832118,0.6334,Mining
T45QUE,2021,2592,9696,22.366865,86.00235,0.6334,Mining
T45QUE,2021,8896,8448,21.796648,85.885628,0.6334,Mining
T45QUE,2021,7008,8416,21.967169,85.881204,0.6334,Mining
T45QUE,2021,1760,6368,22.439694,85.678456,0.6333,Mining
T45QUE,2021,5632,5696,22.089442,85.61661,0.6333,Mining
T45QUE,2021,2560,6880,22.367839,85.728858,0.6333,Mining
T45QUE,2021,3392,3968,22.290234,85.44693,0.6332,Mining
T45QUE,2021,4032,9792,22.236849,86.012588,0.6332,Mining
T45QUE,2021,2688,6048,22.355624,85.648177,0.6332,Mining
T45QUE,2021,6752,3680,21.986524,85.422366,0.6332,Mining
T45QUE,2021,416,224,22.555054,85.079949,0.6332,Mining
T45QUE,2021,2784,2464,22.343676,85.300319,0.6332,Mining
T45QUE,2021,832,7360,22.524271,85.774099,0.6332,Mining
T45QUE,2021,480,1408,22.550609,85.195123,0.6331,Mining
T45QUE,2021,5984,10240,22.060779,86.057232,0.6331,Mining
T45QUE,2021,8800,3360,21.801266,85.393454,0.6331,Mining
T45QUE,2021,1952,5248,22.421427,85.569821,0.6331,Mining
T45QUE,2021,1984,5248,22.418537,85.569851,0.6331,Mining
T45QUE,2021,1408,9056,22.473415,85.939384,0.6331,Mining
T45QUE,2021,2528,4448,22.368702,85.492673,0.6331,Mining
T45QUE,2021,4896,5952,22.156125,85.640782,0.633,Mining
T45QUE,2021,1792,7104,22.437374,85.74999,0.633,Mining
T45QUE,2021,10240,2400,21.670292,85.302146,0.633,Mining
T45QUE,2021,3744,10432,22.263229,86.074515,0.633,Mining
T45QUE,2021,3328,6144,22.297898,85.658051,0.6329,Mining
T45QUE,2021,3680,2752,22.263054,85.329239,0.6329,Mining
T45QUE,2021,192,3296,22.578572,85.378364,0.6329,Mining
T45QUE,2021,8608,5408,21.820415,85.591351,0.6329,Mining
T45QUE,2021,192,864,22.576011,85.141893,0.6329,Mining
T45QUE,2021,4352,2400,22.202016,85.295823,0.6329,Mining
T45QUE,2021,3296,4576,22.299458,85.505841,0.6329,Mining
T45QUE,2021,6784,7840,21.987013,85.825259,0.6329,Mining
T45QUE,2021,4480,384,22.188294,85.10049,0.6329,Mining
T45QUE,2021,4096,5152,22.227712,85.562481,0.6328,Mining
T45QUE,2021,4864,5696,22.158806,85.615933,0.6328,Mining
T45QUE,2021,6496,10720,22.01479,86.104039,0.6328,Mining
T45QUE,2021,1472,704,22.460257,85.127894,0.6328,Mining
T45QUE,2021,224,3040,22.575429,85.353505,0.6328,Mining
T45QUE,2021,32,10080,22.598329,86.038047,0.6327,Mining
T45QUE,2021,1856,7520,22.431901,85.790458,0.6327,Mining
T45QUE,2021,2400,2976,22.378866,85.349612,0.6327,Mining
T45QUE,2021,1472,3488,22.463169,85.398367,0.6327,Mining
T45QUE,2021,3328,224,22.292129,85.083562,0.6327,Mining
T45QUE,2021,160,2336,22.580492,85.28498,0.6326,Mining
T45QUE,2021,5312,8480,22.120408,85.886203,0.6325,Mining
T45QUE,2021,3936,10304,22.245814,86.062209,0.6325,Mining
T45QUE,2021,6176,4672,22.039441,85.517887,0.6325,Mining
T45QUE,2021,5696,8288,22.085594,85.867867,0.6325,Mining
T45QUE,2021,7712,2176,21.898366,85.277779,0.6324,Mining
T45QUE,2021,3456,7424,22.287317,85.782388,0.6324,Mining
T45QUE,2021,1792,9664,22.439108,85.998725,0.6324,Mining
T45QUE,2021,9280,7776,21.76151,85.820914,0.6324,Mining
T45QUE,2021,9664,7456,21.726601,85.790261,0.6324,Mining
T45QUE,2021,6496,9280,22.013968,85.964538,0.6324,Mining
T45QUE,2021,5440,9536,22.109512,85.988659,0.6324,Mining
T45QUE,2021,1152,5824,22.494164,85.625062,0.6324,Mining
T45QUE,2021,2912,10016,22.338148,86.033627,0.6324,Mining
T45QUE,2021,8928,7840,21.79335,85.826844,0.6323,Mining
T45QUE,2021,5248,9536,22.126855,85.988536,0.6323,Mining
T45QUE,2021,4320,8320,22.209905,85.869976,0.6323,Mining
T45QUE,2021,6016,6464,22.055372,85.691359,0.6323,Mining
T45QUE,2021,352,928,22.561636,85.148308,0.6323,Mining
T45QUE,2021,1248,6272,22.485859,85.668687,0.6323,Mining
T45QUE,2021,608,10240,22.546393,86.053967,0.6323,Mining
T45QUE,2021,3328,7296,22.298784,85.769864,0.6323,Mining
T45QUE,2021,4576,10432,22.188074,86.075008,0.6323,Mining
T45QUE,2021,2208,10336,22.401923,86.064274,0.6322,Mining
T45QUE,2021,1792,1120,22.431827,85.168686,0.6322,Mining
T45QUE,2021,3488,8576,22.285227,85.89422,0.6322,Mining
T45QUE,2021,1952,6976,22.422826,85.737684,0.6322,Mining
T45QUE,2021,5568,864,22.090588,85.148314,0.6322,Mining
T45QUE,2021,3072,6784,22.321522,85.719958,0.6322,Mining
T45QUE,2021,2624,5664,22.361088,85.610835,0.6322,Mining
T45QUE,2021,2560,5664,22.366868,85.610777,0.6322,Mining
T45QUE,2021,7744,2080,21.895378,85.268524,0.6321,Mining
T45QUE,2021,6272,5600,22.03156,85.607872,0.6321,Mining
T45QUE,2021,7040,9504,21.964963,85.986587,0.6321,Mining
T45QUE,2021,6464,8640,22.016455,85.902518,0.632,Mining
T45QUE,2021,3008,3936,22.324883,85.44344,0.632,Mining
T45QUE,2021,3616,6336,22.272039,85.676931,0.632,Mining
T45QUE,2021,1792,10176,22.439409,86.048475,0.632,Mining
T45QUE,2021,4640,8160,22.180892,85.85469,0.632,Mining
T45QUE,2021,672,416,22.532162,85.09893,0.632,Mining
T45QUE,2021,672,1568,22.533446,85.2109,0.632,Mining
T45QUE,2021,6592,10400,22.005945,86.073095,0.6319,Mining
T45QUE,2021,320,4544,22.568191,85.499848,0.6319,Mining
T45QUE,2021,4128,10656,22.228664,86.096476,0.6319,Mining
T45QUE,2021,6016,10304,22.057924,86.063453,0.6319,Mining
T45QUE,2021,10560,6944,21.645299,85.741468,0.6318,Mining
T45QUE,2021,3552,10912,22.280832,86.12099,0.6318,Mining
T45QUE,2021,7328,7904,21.937919,85.831859,0.6318,Mining
T45QUE,2021,4896,9184,22.158436,85.954174,0.6318,Mining
T45QUE,2021,6624,5792,21.999924,85.626778,0.6318,Mining
T45QUE,2021,1248,1536,22.481401,85.20846,0.6318,Mining
T45QUE,2021,6208,6240,22.037855,85.669818,0.6318,Mining
T45QUE,2021,10400,4288,21.657607,85.484716,0.6317,Mining
T45QUE,2021,3328,3360,22.295438,85.387863,0.6317,Mining
T45QUE,2021,7200,8320,21.949763,85.872044,0.6317,Mining
T45QUE,2021,160,2528,22.58069,85.30365,0.6317,Mining
T45QUE,2021,5824,6560,22.072788,85.700502,0.6317,Mining
T45QUE,2021,3104,3680,22.315973,85.418689,0.6317,Mining
T45QUE,2021,3168,4096,22.310582,85.45913,0.6317,Mining
T45QUE,2021,5792,3936,22.07346,85.44621,0.6317,Mining
T45QUE,2021,2976,7904,22.331015,85.828613,0.6316,Mining
T45QUE,2021,640,3040,22.537863,85.353951,0.6316,Mining
T45QUE,2021,4064,6368,22.231602,85.680415,0.6316,Mining
T45QUE,2021,352,4032,22.564829,85.450095,0.6316,Mining
T45QUE,2021,4800,3424,22.162567,85.395587,0.6316,Mining
T45QUE,2021,608,4160,22.54183,85.462798,0.6316,Mining
T45QUE,2021,2016,4128,22.414647,85.461093,0.6316,Mining
T45QUE,2021,7232,10880,21.948387,86.119949,0.6315,Mining
T45QUE,2021,2976,9760,22.332217,86.008811,0.6315,Mining
T45QUE,2021,3520,4416,22.279085,85.49053,0.6315,Mining
T45QUE,2021,320,3808,22.567507,85.428282,0.6315,Mining
T45QUE,2021,4032,5600,22.23387,85.605883,0.6315,Mining
T45QUE,2021,5984,7328,22.05891,85.77505,0.6315,Mining
T45QUE,2021,5728,9024,22.083182,85.939221,0.6315,Mining
T45QUE,2021,2144,4160,22.403117,85.464328,0.6315,Mining
T45QUE,2021,6592,2016,21.999344,85.261066,0.6314,Mining
T45QUE,2021,10560,7424,21.645644,85.787845,0.6314,Mining
T45QUE,2021,1344,5216,22.476309,85.566149,0.6314,Mining
T45QUE,2021,416,128,22.554942,85.070617,0.6314,Mining
T45QUE,2021,3552,7680,22.27883,85.807307,0.6314,Mining
T45QUE,2021,7008,4416,21.964073,85.493881,0.6314,Mining
T45QUE,2021,2784,1312,22.342463,85.188495,0.6314,Mining
T45QUE,2021,4576,9344,22.18744,85.969479,0.6313,Mining
T45QUE,2021,5600,6880,22.093263,85.731331,0.6313,Mining
T45QUE,2021,4768,5312,22.167156,85.578613,0.6313,Mining
T45QUE,2021,9344,5216,21.75378,85.573437,0.6313,Mining
T45QUE,2021,832,4992,22.522353,85.543897,0.6313,Mining
T45QUE,2021,4864,320,22.153549,85.094752,0.6313,Mining
T45QUE,2021,320,6816,22.570102,85.720786,0.6313,Mining
T45QUE,2021,9888,1344,21.701004,85.199728,0.6313,Mining
T45QUE,2021,2272,2016,22.389447,85.256255,0.6313,Mining
T45QUE,2021,352,9568,22.569119,85.988451,0.6313,Mining
T45QUE,2021,448,7616,22.559141,85.798687,0.6313,Mining
T45QUE,2021,832,3424,22.520902,85.391481,0.6313,Mining
T45QUE,2021,800,7424,22.527208,85.780296,0.6313,Mining
T45QUE,2021,7040,7232,21.963458,85.766574,0.6312,Mining
T45QUE,2021,5376,8224,22.114456,85.861432,0.6312,Mining
T45QUE,2021,5344,2720,22.112755,85.327914,0.6312,Mining
T45QUE,2021,640,1728,22.536508,85.226416,0.6312,Mining
T45QUE,2021,4160,4672,22.221514,85.515981,0.6312,Mining
T45QUE,2021,608,4640,22.542269,85.509463,0.6312,Mining
T45QUE,2021,5152,3296,22.130656,85.38354,0.6312,Mining
T45QUE,2021,5856,9856,22.072123,86.01994,0.6311,Mining
T45QUE,2021,2816,6656,22.344545,85.707319,0.6311,Mining
T45QUE,2021,896,7136,22.518323,85.752374,0.6311,Mining
T45QUE,2021,1824,10016,22.436426,86.032948,0.6311,Mining
T45QUE,2021,3072,6048,22.320942,85.648511,0.6311,Mining
T45QUE,2021,352,6080,22.566626,85.64924,0.6311,Mining
T45QUE,2021,10592,7136,21.642548,85.760043,0.6311,Mining
T45QUE,2021,5120,9824,22.138588,86.016377,0.6311,Mining
T45QUE,2021,2528,3712,22.36802,85.421209,0.6311,Mining
T45QUE,2021,4256,9088,22.216186,85.944433,0.6311,Mining
T45QUE,2021,128,5056,22.585988,85.549454,0.631,Mining
T45QUE,2021,256,2208,22.57169,85.272642,0.631,Mining
T45QUE,2021,4128,1856,22.221682,85.242818,0.631,Mining
T45QUE,2021,9184,8480,21.770653,85.888924,0.631,Mining
T45QUE,2021,704,10368,22.537795,86.066472,0.6309,Mining
T45QUE,2021,9312,3392,21.755056,85.397062,0.6309,Mining
T45QUE,2021,7392,3904,21.928931,85.444686,0.6309,Mining
T45QUE,2021,6016,4512,22.05375,85.502235,0.6309,Mining
T45QUE,2021,4000,4480,22.235793,85.497203,0.6309,Mining
T45QUE,2021,192,6304,22.581258,85.670885,0.6309,Mining
T45QUE,2021,6560,8128,22.007444,85.852989,0.6309,Mining
T45QUE,2021,3008,3968,22.324913,85.446546,0.6309,Mining
T45QUE,2021,1888,4320,22.426383,85.479616,0.6309,Mining
T45QUE,2021,3392,4256,22.290499,85.474878,0.6308,Mining
T45QUE,2021,1504,6272,22.462739,85.668908,0.6308,Mining
T45QUE,2021,9248,5056,21.762317,85.557881,0.6308,Mining
T45QUE,2021,4160,64,22.216823,85.069069,0.6308,Mining
T45QUE,2021,2208,3936,22.39713,85.442637,0.6308,Mining
T45QUE,2021,5280,9568,22.123984,85.991659,0.6307,Mining
T45QUE,2021,4960,8800,22.152412,85.916982,0.6307,Mining
T45QUE,2021,1632,4544,22.449706,85.501126,0.6307,Mining
T45QUE,2021,2816,2816,22.341141,85.334523,0.6307,Mining
T45QUE,2021,608,6048,22.54348,85.646354,0.6306,Mining
T45QUE,2021,6944,10560,21.974234,86.088797,0.6306,Mining
T45QUE,2021,3808,9536,22.25693,85.987604,0.6305,Mining
T45QUE,2021,2720,4384,22.351304,85.486646,0.6305,Mining
T45QUE,2021,6848,7872,21.981254,85.828405,0.6305,Mining
T45QUE,2021,320,1920,22.565607,85.244713,0.6305,Mining
T45QUE,2021,2336,8352,22.389131,85.871642,0.6305,Mining
T45QUE,2021,2784,4576,22.345697,85.505348,0.6305,Mining
T45QUE,2021,5472,9280,22.106466,85.963864,0.6305,Mining
T45QUE,2021,4608,7648,22.183426,85.80501,0.6305,Mining
T45QUE,2021,544,5856,22.549101,85.62763,0.6304,Mining
T45QUE,2021,4000,3264,22.23466,85.379246,0.6304,Mining
T45QUE,2021,896,896,22.512481,85.145853,0.6304,Mining
T45QUE,2021,5856,2432,22.066231,85.300557,0.6304,Mining
T45QUE,2021,320,3296,22.567013,85.378499,0.6304,Mining
T45QUE,2021,32,3264,22.592989,85.375082,0.6303,Mining
T45QUE,2021,2944,4608,22.331276,85.508609,0.6303,Mining
T45QUE,2021,0,4640,22.597177,85.508872,0.6303,Mining
T45QUE,2021,9408,7776,21.749948,85.821008,0.6303,Mining
T45QUE,2021,2976,5888,22.329482,85.632895,0.6303,Mining
T45QUE,2021,1504,6336,22.46279,85.675127,0.6303,Mining
T45QUE,2021,2016,2048,22.412597,85.259075,0.6303,Mining
T45QUE,2021,5888,4160,22.064995,85.468008,0.6303,Mining
T45QUE,2021,6464,4288,22.01309,85.480965,0.6303,Mining
T45QUE,2021,4704,256,22.167923,85.088353,0.6303,Mining
T45QUE,2021,3520,3360,22.2781,85.388062,0.6302,Mining
T45QUE,2021,7296,3232,21.936972,85.379542,0.6302,Mining
T45QUE,2021,6784,3232,21.983211,85.379018,0.6302,Mining
T45QUE,2021,1344,10176,22.479876,86.048198,0.6302,Mining
T45QUE,2021,9536,3520,21.734945,85.40966,0.6302,Mining
T45QUE,2021,2816,864,22.339082,85.145049,0.6302,Mining
T45QUE,2021,3520,10816,22.283672,86.111654,0.6302,Mining
T45QUE,2021,1952,5536,22.421672,85.597798,0.6302,Mining
T45QUE,2021,992,192,22.503011,85.077559,0.6302,Mining
T45QUE,2021,2848,10304,22.344094,86.061553,0.6301,Mining
T45QUE,2021,3552,3616,22.275454,85.412934,0.6301,Mining
T45QUE,2021,2656,9920,22.361217,86.024145,0.6301,Mining
T45QUE,2021,1856,2944,22.42796,85.345924,0.6301,Mining
T45QUE,2021,9440,10112,21.748513,86.046906,0.63,Mining
T45QUE,2021,8672,3648,21.813094,85.421179,0.63,Mining
T45QUE,2021,8480,4000,21.830757,85.455037,0.63,Mining
T45QUE,2021,1056,10112,22.505853,86.041799,0.63,Mining
T45QUE,2021,1248,8640,22.487596,85.89884,0.63,Mining
T45QUE,2021,7136,8320,21.955544,85.871998,0.63,Mining
T45QUE,2021,1440,2848,22.46543,85.336151,0.63,Mining
T45QUE,2021,6720,8736,21.993393,85.911994,0.63,Mining
T45QUE,2021,1824,4832,22.432624,85.52929,0.63,Mining
T45QUE,2021,4992,4800,22.146485,85.529179,0.63,Mining
T45QUE,2021,5664,7456,22.087906,85.787207,0.6299,Mining
T45QUE,2021,5728,7808,22.082375,85.82137,0.6299,Mining
T45QUE,2021,1280,6208,22.482918,85.662495,0.6299,Mining
T45QUE,2021,7232,7744,21.94648,85.816296,0.6299,Mining
T45QUE,2021,3424,4544,22.28787,85.502858,0.6299,Mining
T45QUE,2021,2752,10816,22.353046,86.111215,0.6299,Mining
T45QUE,2021,1856,10208,22.433646,86.051623,0.6299,Mining
T45QUE,2021,4640,10240,22.182186,86.056424,0.6299,Mining
T45QUE,2021,9568,7200,21.73509,85.765439,0.6299,Mining
T45QUE,2021,6720,6304,21.991661,85.676447,0.6299,Mining
T45QUE,2021,7072,6592,21.96009,85.704628,0.6299,Mining
T45QUE,2021,1440,2368,22.464942,85.289515,0.6299,Mining
T45QUE,2021,1536,2624,22.456535,85.314492,0.6298,Mining
T45QUE,2021,672,4224,22.53611,85.469083,0.6298,Mining
T45QUE,2021,1760,7072,22.44024,85.746855,0.6298,Mining
T45QUE,2021,1408,10240,22.474131,86.054458,0.6298,Mining
T45QUE,2021,4672,4864,22.175442,85.535084,0.6298,Mining
T45QUE,2021,3584,2624,22.271595,85.316717,0.6298,Mining
T45QUE,2021,3424,7712,22.290415,85.810315,0.6298,Mining
T45QUE,2021,3200,352,22.303833,85.095825,0.6297,Mining
T45QUE,2021,480,2656,22.551925,85.316447,0.6297,Mining
T45QUE,2021,7072,7776,21.960954,85.819275,0.6296,Mining
T45QUE,2021,3872,4416,22.247295,85.490871,0.6296,Mining
T45QUE,2021,8672,960,21.810404,85.161224,0.6296,Mining
T45QUE,2021,576,2976,22.543579,85.34766,0.6296,Mining
T45QUE,2021,7904,5376,21.883974,85.587631,0.6296,Mining
T45QUE,2021,7584,7808,21.914729,85.822755,0.6296,Mining
T45QUE,2021,3200,8544,22.311219,85.890908,0.6296,Mining
T45QUE,2021,4704,6400,22.173823,85.684059,0.6296,Mining
T45QUE,2021,256,6816,22.575882,85.720733,0.6296,Mining
T45QUE,2021,5888,7392,22.067628,85.781178,0.6296,Mining
T45QUE,2021,2080,4736,22.409419,85.520209,0.6296,Mining
T45QUE,2021,6144,5088,22.042691,85.558157,0.6296,Mining
T45QUE,2021,6592,8704,22.004934,85.908806,0.6295,Mining
T45QUE,2021,5088,7616,22.140048,85.802274,0.6295,Mining
T45QUE,2021,6656,8704,21.999153,85.90885,0.6295,Mining
T45QUE,2021,1088,3104,22.497471,85.360649,0.6295,Mining
T45QUE,2021,7456,2400,21.92171,85.29918,0.6295,Mining
T45QUE,2021,1088,5248,22.499457,85.56902,0.6295,Mining
T45QUE,2021,3872,8544,22.25052,85.891387,0.6295,Mining
T45QUE,2021,5216,9984,22.130009,86.03195,0.6295,Mining
T45QUE,2021,4800,6528,22.165252,85.696551,0.6294,Mining
T45QUE,2021,2496,10272,22.375872,86.058232,0.6293,Mining
T45QUE,2021,3808,6912,22.255144,85.732983,0.6293,Mining
T45QUE,2021,1344,1440,22.472629,85.199245,0.6292,Mining
T45QUE,2021,3936,9952,22.245614,86.028053,0.6292,Mining
T45QUE,2021,2976,5632,22.329271,85.608043,0.6292,Mining
T45QUE,2021,6048,10304,22.055034,86.063472,0.6292,Mining
T45QUE,2021,5376,4192,22.111264,85.47061,0.6292,Mining
T45QUE,2021,2912,4896,22.334421,85.536536,0.6291,Mining
T45QUE,2021,480,6304,22.555247,85.671134,0.6291,Mining
T45QUE,2021,3456,5088,22.285458,85.55568,0.6291,Mining
T45QUE,2021,4256,5216,22.213316,85.568836,0.6291,Mining
T45QUE,2021,2944,1664,22.328394,85.222846,0.6291,Mining
T45QUE,2021,5440,1088,22.10239,85.169868,0.6291,Mining
T45QUE,2021,1536,4160,22.458025,85.463723,0.6291,Mining
T45QUE,2021,256,9696,22.577868,86.000838,0.6291,Mining
T45QUE,2021,1280,4896,22.481809,85.534991,0.629,Mining
T45QUE,2021,9888,8640,21.707163,85.904879,0.629,Mining
T45QUE,2021,7904,3712,21.882514,85.426609,0.629,Mining
T45QUE,2021,5760,2912,22.075377,85.34696,0.629,Mining
T45QUE,2021,3296,9952,22.303425,86.027653,0.629,Mining
T45QUE,2021,5472,9184,22.106406,85.954558,0.6289,Mining
T45QUE,2021,10144,7840,21.683509,85.827735,0.6289,Mining
T45QUE,2021,4000,2656,22.234061,85.32027,0.6289,Mining
T45QUE,2021,8352,3840,21.842171,85.439435,0.6289,Mining
T45QUE,2021,1248,7296,22.486651,85.76821,0.6289,Mining
T45QUE,2021,1088,2560,22.496924,85.307783,0.6289,Mining
T45QUE,2021,160,5728,22.583675,85.614838,0.6289,Mining
T45QUE,2021,5728,7584,22.082217,85.799661,0.6288,Mining
T45QUE,2021,8832,2240,21.797287,85.285179,0.6288,Mining
T45QUE,2021,6048,9152,22.054357,85.95184,0.6288,Mining
T45QUE,2021,4640,4224,22.177762,85.472995,0.6288,Mining
T45QUE,2021,1824,7520,22.434791,85.790433,0.6288,Mining
T45QUE,2021,5504,4960,22.100383,85.545165,0.6288,Mining
T45QUE,2021,1056,2784,22.500041,85.329517,0.6287,Mining
T45QUE,2021,2176,6176,22.401969,85.660162,0.6287,Mining
T45QUE,2021,7328,7872,21.937897,85.828761,0.6287,Mining
T45QUE,2021,5856,5792,22.069289,85.626109,0.6287,Mining
T45QUE,2021,7072,3520,21.957475,85.407195,0.6287,Mining
T45QUE,2021,256,3104,22.572603,85.359762,0.6287,Mining
T45QUE,2021,2528,8128,22.371636,85.850028,0.6287,Mining
T45QUE,2021,3008,7136,22.327569,85.754077,0.6287,Mining
T45QUE,2021,2112,4160,22.406007,85.464296,0.6286,Mining
T45QUE,2021,4256,1856,22.210124,85.242962,0.6286,Mining
T45QUE,2021,352,9504,22.56908,85.982227,0.6286,Mining
T45QUE,2021,7488,5568,21.921705,85.605845,0.6286,Mining
T45QUE,2021,8640,10208,21.820834,86.055716,0.6286,Mining
T45QUE,2021,2336,4352,22.385954,85.483163,0.6286,Mining
T45QUE,2021,288,1632,22.568189,85.216675,0.6286,Mining
T45QUE,2021,5888,4000,22.064849,85.452505,0.6286,Mining
T45QUE,2021,2720,5664,22.352418,85.610921,0.6286,Mining
T45QUE,2021,5600,10016,22.09534,86.035289,0.6286,Mining
T45QUE,2021,224,6208,22.578291,85.661576,0.6285,Mining
T45QUE,2021,3552,9792,22.280207,86.012284,0.6285,Mining
T45QUE,2021,3360,192,22.289203,85.080497,0.6285,Mining
T45QUE,2021,2432,4960,22.377827,85.542298,0.6285,Mining
T45QUE,2021,5632,8352,22.091418,85.874024,0.6285,Mining
T45QUE,2021,1600,5312,22.453272,85.575714,0.6285,Mining
T45QUE,2021,1728,4544,22.441036,85.50122,0.6285,Mining
T45QUE,2021,1376,5920,22.474013,85.634591,0.6284,Mining
T45QUE,2021,1088,8928,22.502237,85.926721,0.6284,Mining
T45QUE,2021,1856,3392,22.428399,85.38944,0.6284,Mining
T45QUE,2021,32,2336,22.59205,85.284837,0.6284,Mining
T45QUE,2021,6784,288,21.980147,85.093977,0.6284,Mining
T45QUE,2021,3552,8928,22.279675,85.928428,0.6284,Mining
T45QUE,2021,10688,9536,21.635444,85.991994,0.6284,Mining
T45QUE,2021,3392,960,22.287178,85.15505,0.6284,Mining
T45QUE,2021,3520,4352,22.279027,85.484319,0.6284,Mining
T45QUE,2021,2624,6656,22.361886,85.707159,0.6283,Mining
T45QUE,2021,9120,6368,21.774936,85.684635,0.6283,Mining
T45QUE,2021,1280,9280,22.485119,85.961068,0.6283,Mining
T45QUE,2021,1600,4768,22.452797,85.522859,0.6283,Mining
T45QUE,2021,4736,7648,22.171865,85.805108,0.6283,Mining
T45QUE,2021,6496,7360,22.012687,85.778548,0.6282,Mining
T45QUE,2021,96,6240,22.589877,85.664577,0.6282,Mining
T45QUE,2021,8480,2624,21.829457,85.321942,0.6282,Mining
T45QUE,2021,3872,3872,22.246796,85.438095,0.6282,Mining
T45QUE,2021,7328,3296,21.934143,85.38577,0.6282,Mining
T45QUE,2021,3072,5824,22.320759,85.626767,0.6282,Mining
T45QUE,2021,6304,7968,22.030458,85.837302,0.6282,Mining
T45QUE,2021,7840,1376,21.885979,85.200512,0.6282,Mining
T45QUE,2021,5600,2944,22.089857,85.349892,0.6282,Mining
T45QUE,2021,2144,3136,22.402142,85.364878,0.6282,Mining
T45QUE,2021,4640,7328,22.180305,85.774001,0.6281,Mining
T45QUE,2021,1248,3328,22.483242,85.382586,0.6281,Mining
T45QUE,2021,1600,5632,22.453543,85.606806,0.6281,Mining
T45QUE,2021,1056,480,22.497564,85.105623,0.6281,Mining
T45QUE,2021,6176,4512,22.0393,85.502387,0.6281,Mining
T45QUE,2021,4224,9696,22.219449,86.003396,0.6281,Mining
T45QUE,2021,3936,64,22.237048,85.068792,0.6281,Mining
T45QUE,2021,1024,5280,22.505264,85.572071,0.6281,Mining
T45QUE,2021,2752,3104,22.347205,85.362413,0.6281,Mining
T45QUE,2021,3008,6048,22.326722,85.648455,0.6281,Mining
T45QUE,2021,256,6560,22.575682,85.695836,0.628,Mining
T45QUE,2021,3584,4992,22.273815,85.546484,0.628,Mining
T45QUE,2021,10080,10336,21.69082,86.068938,0.628,Mining
T45QUE,2021,1408,10112,22.474058,86.042018,0.628,Mining
T45QUE,2021,896,2624,22.514327,85.313792,0.628,Mining
T45QUE,2021,1152,7296,22.495321,85.768133,0.628,Mining
T45QUE,2021,8000,1120,21.871258,85.175927,0.6279,Mining
T45QUE,2021,4608,8544,22.18404,85.891909,0.6279,Mining
T45QUE,2021,2048,3296,22.410968,85.380316,0.6279,Mining
T45QUE,2021,5952,7040,22.061589,85.747119,0.6279,Mining
T45QUE,2021,2688,3840,22.353692,85.433799,0.6279,Mining
T45QUE,2021,128,6976,22.587566,85.736188,0.6279,Mining
T45QUE,2021,6016,4096,22.053376,85.461932,0.6279,Mining
T45QUE,2021,1440,3264,22.465842,85.376569,0.6279,Mining
T45QUE,2021,5024,7744,22.145919,85.814636,0.6279,Mining
T45QUE,2021,2880,8256,22.339929,85.862717,0.6279,Mining
T45QUE,2021,5120,3712,22.133941,85.423832,0.6279,Mining
T45QUE,2021,2848,3712,22.339122,85.421535,0.6279,Mining
T45QUE,2021,352,2560,22.563385,85.306973,0.6278,Mining
T45QUE,2021,416,1120,22.556071,85.16705,0.6278,Mining
T45QUE,2021,4320,10272,22.211109,86.059335,0.6278,Mining
T45QUE,2021,1536,4928,22.458718,85.538344,0.6278,Mining
T45QUE,2021,224,3136,22.575524,85.362839,0.6278,Mining
T45QUE,2021,8032,992,21.868231,85.163581,0.6278,Mining
T45QUE,2021,9312,7776,21.75862,85.820937,0.6278,Mining
T45QUE,2021,2976,8352,22.331323,85.872108,0.6277,Mining
T45QUE,2021,1184,9888,22.49416,86.020104,0.6277,Mining
T45QUE,2021,1728,10496,22.44537,86.079531,0.6277,Mining
T45QUE,2021,96,2112,22.586037,85.263127,0.6277,Mining
T45QUE,2021,2016,3328,22.413889,85.383391,0.6276,Mining
T45QUE,2021,448,3968,22.5561,85.44397,0.6276,Mining
T45QUE,2021,224,5920,22.578055,85.633568,0.6276,Mining
T45QUE,2021,2496,5504,22.372514,85.595183,0.6276,Mining
T45QUE,2021,3744,9760,22.262845,86.0093,0.6276,Mining
T45QUE,2021,9568,576,21.729077,85.125143,0.6276,Mining
T45QUE,2021,2112,4064,22.405918,85.454972,0.6276,Mining
T45QUE,2021,1856,5216,22.430069,85.566624,0.6275,Mining
T45QUE,2021,2400,896,22.37668,85.147658,0.6275,Mining
T45QUE,2021,2304,6144,22.390383,85.657165,0.6275,Mining
T45QUE,2021,2976,4928,22.328669,85.539702,0.6275,Mining
T45QUE,2021,4256,4512,22.212701,85.500553,0.6274,Mining
T45QUE,2021,10848,3456,21.616393,85.404778,0.6274,Mining
T45QUE,2021,2208,3328,22.39655,85.383591,0.6274,Mining
T45QUE,2021,5792,9600,22.077754,85.995089,0.6274,Mining
T45QUE,2021,3072,7136,22.321788,85.754129,0.6274,Mining
T45QUE,2021,2496,1312,22.368469,85.188159,0.6274,Mining
T45QUE,2021,2880,5376,22.337725,85.583104,0.6273,Mining
T45QUE,2021,6752,10080,21.991314,86.042193,0.6273,Mining
T45QUE,2021,2016,2208,22.412764,85.274614,0.6273,Mining
T45QUE,2021,2240,6112,22.396137,85.654002,0.6273,Mining
T45QUE,2021,5984,6464,22.058262,85.691333,0.6273,Mining
T45QUE,2021,3168,10752,22.315434,86.105239,0.6273,Mining
T45QUE,2021,928,7296,22.515553,85.767954,0.6273,Mining
T45QUE,2021,2976,6112,22.329664,85.654641,0.6272,Mining
T45QUE,2021,448,4128,22.556249,85.459526,0.6272,Mining
T45QUE,2021,32,10368,22.598494,86.066063,0.6272,Mining
T45QUE,2021,10592,4704,21.640628,85.525084,0.6272,Mining
T45QUE,2021,160,128,22.578056,85.070296,0.6272,Mining
T45QUE,2021,5760,1984,22.074443,85.257048,0.6272,Mining
T45QUE,2021,3136,7392,22.316197,85.779031,0.6272,Mining
T45QUE,2021,8256,4320,21.851275,85.485778,0.6271,Mining
T45QUE,2021,640,3840,22.53864,85.431721,0.6271,Mining
T45QUE,2021,4576,7936,22.186519,85.832918,0.6271,Mining
T45QUE,2021,2816,6080,22.344089,85.651395,0.6271,Mining
T45QUE,2021,3200,3968,22.307573,85.446738,0.6271,Mining
T45QUE,2021,4320,8960,22.210324,85.93206,0.6271,Mining
T45QUE,2021,6080,3936,22.04745,85.446494,0.6271,Mining
T45QUE,2021,1472,8256,22.467105,85.861682,0.6271,Mining
T45QUE,2021,8576,5984,21.823772,85.64704,0.6271,Mining
T45QUE,2021,8480,5376,21.83195,85.588142,0.6271,Mining
T45QUE,2021,5216,6688,22.127801,85.712408,0.6271,Mining
T45QUE,2021,2944,896,22.32756,85.148307,0.6271,Mining
T45QUE,2021,5440,4032,22.105338,85.455166,0.627,Mining
T45QUE,2021,9056,2208,21.777026,85.282326,0.627,Mining
T45QUE,2021,4256,3424,22.211695,85.395029,0.627,Mining
T45QUE,2021,1760,3168,22.43685,85.36758,0.627,Mining
T45QUE,2021,2976,4000,22.327832,85.449621,0.627,Mining
T45QUE,2021,480,3872,22.553119,85.434669,0.627,Mining
T45QUE,2021,1504,864,22.457547,85.143476,0.627,Mining
T45QUE,2021,6976,2496,21.965153,85.307959,0.627,Mining
T45QUE,2021,1504,736,22.457404,85.131042,0.627,Mining
T45QUE,2021,1568,7136,22.457629,85.752918,0.6269,Mining
T45QUE,2021,3008,9696,22.329289,86.002618,0.6269,Mining
T45QUE,2021,4832,4832,22.160964,85.532131,0.6269,Mining
T45QUE,2021,2016,10624,22.419425,86.092138,0.6269,Mining
T45QUE,2021,4992,9184,22.149764,85.954238,0.6269,Mining
T45QUE,2021,5152,10784,22.136232,86.109478,0.6269,Mining
T45QUE,2021,4896,8128,22.157747,85.851774,0.6269,Mining
T45QUE,2021,5984,4704,22.05681,85.520806,0.6269,Mining
T45QUE,2021,416,160,22.55498,85.073728,0.6268,Mining
T45QUE,2021,5888,10016,22.069325,86.035466,0.6268,Mining
T45QUE,2021,192,9088,22.58327,85.941658,0.6268,Mining
T45QUE,2021,6976,8768,21.970289,85.915269,0.6268,Mining
T45QUE,2021,7392,1536,21.926603,85.215489,0.6268,Mining
T45QUE,2021,2528,9600,22.372588,85.992985,0.6268,Mining
T45QUE,2021,2240,3840,22.39415,85.433346,0.6267,Mining
T45QUE,2021,6336,10784,22.029277,86.110149,0.6267,Mining
T45QUE,2021,8384,6560,21.841561,85.702603,0.6267,Mining
T45QUE,2021,384,1088,22.558925,85.163901,0.6267,Mining
T45QUE,2021,5088,7072,22.139652,85.749532,0.6267,Mining
T45QUE,2021,4640,10784,22.182483,86.109187,0.6267,Mining
T45QUE,2021,4416,7648,22.200768,85.804864,0.6267,Mining
T45QUE,2021,576,2784,22.543386,85.328995,0.6267,Mining
T45QUE,2021,8864,7232,21.798703,85.76799,0.6266,Mining
T45QUE,2021,608,1408,22.539051,85.195273,0.6266,Mining
T45QUE,2021,7520,8544,21.921005,85.893957,0.6266,Mining
T45QUE,2021,32,3936,22.593637,85.440436,0.6266,Mining
T45QUE,2021,6176,2752,22.037652,85.331898,0.6266,Mining
T45QUE,2021,6656,6272,21.997417,85.673295,0.6266,Mining
T45QUE,2021,320,9344,22.571871,85.966644,0.6266,Mining
T45QUE,2021,7168,10912,21.954185,86.123013,0.6266,Mining
T45QUE,2021,160,4064,22.582198,85.453013,0.6265,Mining
T45QUE,2021,96,1440,22.585317,85.197783,0.6265,Mining
T45QUE,2021,1952,2272,22.418609,85.280758,0.6265,Mining
T45QUE,2021,3616,7424,22.272865,85.782513,0.6265,Mining
T45QUE,2021,2176,5024,22.401003,85.548273,0.6265,Mining
T45QUE,2021,2240,6176,22.396189,85.660218,0.6265,Mining
T45QUE,2021,8960,5312,21.788543,85.582378,0.6265,Mining
T45QUE,2021,3936,9824,22.245539,86.015632,0.6264,Mining
T45QUE,2021,7232,6784,21.945784,85.723348,0.6264,Mining
T45QUE,2021,5856,8288,22.071142,85.867982,0.6264,Mining
T45QUE,2021,10112,2176,21.681629,85.280367,0.6264,Mining
T45QUE,2021,576,1568,22.542114,85.210789,0.6264,Mining
T45QUE,2021,544,5312,22.548641,85.574737,0.6263,Mining
T45QUE,2021,6688,7936,21.995751,85.834485,0.6263,Mining
T45QUE,2021,7136,6752,21.954431,85.720173,0.6263,Mining
T45QUE,2021,1056,3264,22.500518,85.376165,0.6263,Mining
T45QUE,2021,4416,544,22.194253,85.115925,0.6263,Mining
T45QUE,2021,2912,3456,22.333098,85.39675,0.6262,Mining
T45QUE,2021,3840,10336,22.254504,86.065256,0.6262,Mining
T45QUE,2021,7456,7520,21.926089,85.794779,0.6262,Mining
T45QUE,2021,9856,7456,21.709258,85.790406,0.6262,Mining
T45QUE,2021,608,2400,22.540104,85.291702,0.6262,Mining
T45QUE,2021,3488,5952,22.283292,85.639556,0.6262,Mining
T45QUE,2021,4640,1568,22.175145,85.215471,0.6262,Mining
T45QUE,2021,832,5920,22.523144,85.634108,0.6262,Mining
T45QUE,2021,1152,2016,22.490581,85.254991,0.6261,Mining
T45QUE,2021,128,5600,22.586457,85.60236,0.6261,Mining
T45QUE,2021,1984,1920,22.415352,85.246607,0.6261,Mining
T45QUE,2021,5984,4960,22.057032,85.545609,0.6261,Mining
T45QUE,2021,10848,8736,21.620504,85.914807,0.6261,Mining
T45QUE,2021,5568,5952,22.095431,85.641364,0.6261,Mining
T45QUE,2021,5632,9856,22.092357,86.0198,0.626,Mining
T45QUE,2021,1600,5056,22.45305,85.550841,0.626,Mining
T45QUE,2021,1568,7104,22.457605,85.749808,0.626,Mining
T45QUE,2021,768,4320,22.527529,85.478511,0.626,Mining
T45QUE,2021,4192,5568,22.219393,85.602922,0.626,Mining
T45QUE,2021,3328,10496,22.300842,86.08048,0.626,Mining
T45QUE,2021,7744,7264,21.899892,85.770219,0.626,Mining
T45QUE,2021,7040,7552,21.963688,85.797561,0.626,Mining
T45QUE,2021,5056,7808,22.143074,85.820865,0.626,Mining
T45QUE,2021,2240,2016,22.392336,85.256219,0.626,Mining
T45QUE,2021,6816,2624,21.979729,85.320181,0.6259,Mining
T45QUE,2021,4640,4736,22.17822,85.522642,0.6259,Mining
T45QUE,2021,864,3136,22.51773,85.363521,0.6259,Mining
T45QUE,2021,2368,2816,22.381597,85.334042,0.6259,Mining
T45QUE,2021,7104,6784,21.957345,85.723245,0.6259,Mining
T45QUE,2021,2496,9504,22.37542,85.983641,0.6258,Mining
T45QUE,2021,7136,5632,21.95355,85.611732,0.6258,Mining
T45QUE,2021,6144,6816,22.04408,85.725569,0.6258,Mining
T45QUE,2021,6144,4416,22.042105,85.493056,0.6258,Mining
T45QUE,2021,192,2400,22.577669,85.291239,0.6258,Mining
T45QUE,2021,1184,5472,22.490979,85.59088,0.6258,Mining
T45QUE,2021,8864,2624,21.794778,85.322346,0.6258,Mining
T45QUE,2021,608,5376,22.542916,85.581019,0.6258,Mining
T45QUE,2021,7968,1280,21.874318,85.191369,0.6257,Mining
T45QUE,2021,896,3008,22.514714,85.351114,0.6257,Mining
T45QUE,2021,6944,8256,21.972844,85.865663,0.6257,Mining
T45QUE,2021,480,1280,22.550469,85.18268,0.6257,Mining
T45QUE,2021,544,10464,22.552301,86.075711,0.6257,Mining
T45QUE,2021,6912,4704,21.972997,85.521676,0.6256,Mining
T45QUE,2021,256,4128,22.573588,85.459333,0.6256,Mining
T45QUE,2021,1920,7616,22.42619,85.799834,0.6256,Mining
T45QUE,2021,4192,896,22.214871,85.14979,0.6256,Mining
T45QUE,2021,2304,5824,22.390122,85.626087,0.6255,Mining
T45QUE,2021,5568,8672,22.09741,85.904995,0.6255,Mining
T45QUE,2021,3456,5920,22.286156,85.636423,0.6255,Mining
T45QUE,2021,3296,4736,22.2996,85.521369,0.6255,Mining
T45QUE,2021,3584,32,22.268794,85.065252,0.6255,Mining
T45QUE,2021,960,9568,22.514201,85.988851,0.6255,Mining
T45QUE,2021,5792,6208,22.075403,85.666365,0.6255,Mining
T45QUE,2021,160,1664,22.579781,85.219638,0.6254,Mining
T45QUE,2021,10112,9440,21.687421,85.982354,0.6253,Mining
T45QUE,2021,3264,2912,22.30078,85.34432,0.6253,Mining
T45QUE,2021,1568,9984,22.459531,86.029678,0.6253,Mining
T45QUE,2021,6976,7072,21.969121,85.75103,0.6253,Mining
T45QUE,2021,3424,10304,22.292064,86.0619,0.6253,Mining
T45QUE,2021,5856,6432,22.069798,85.688125,0.6253,Mining
T45QUE,2021,8256,3648,21.850665,85.420766,0.6253,Mining
T45QUE,2021,6112,4128,22.044736,85.465126,0.6252,Mining
T45QUE,2021,3872,2944,22.245906,85.34807,0.6252,Mining
T45QUE,2021,4736,3648,22.168559,85.41724,0.6252,Mining
T45QUE,2021,1056,8768,22.505023,85.911145,0.6252,Mining
T45QUE,2021,4032,8448,22.236005,85.882187,0.6252,Mining
T45QUE,2021,1760,10720,22.442602,86.101316,0.6252,Mining
T45QUE,2021,4256,3872,22.212118,85.438479,0.6252,Mining
T45QUE,2021,5184,7968,22.131623,85.836473,0.6251,Mining
T45QUE,2021,128,10432,22.589859,86.072347,0.6251,Mining
T45QUE,2021,4896,6336,22.156431,85.678015,0.6251,Mining
T45QUE,2021,1440,2816,22.465397,85.333042,0.6251,Mining
T45QUE,2021,3008,8896,22.328792,85.924946,0.6251,Mining
T45QUE,2021,384,6272,22.563892,85.667939,0.6251,Mining
T45QUE,2021,832,1248,22.51865,85.179986,0.6251,Mining
T45QUE,2021,2848,4160,22.33954,85.465025,0.6251,Mining
T45QUE,2021,4992,7616,22.148719,85.802201,0.6251,Mining
T45QUE,2021,1408,3584,22.469041,85.407628,0.625,Mining
T45QUE,2021,704,1216,22.530172,85.176724,0.625,Mining
T45QUE,2021,6752,7904,21.989948,85.831433,0.625,Mining
T45QUE,2021,1632,704,22.44581,85.128088,0.625,Mining
T45QUE,2021,2080,800,22.405467,85.137953,0.625,Mining
T45QUE,2021,2528,3072,22.367402,85.359069,0.625,Mining
T45QUE,2021,1792,896,22.431578,85.14693,0.625,Mining
T45QUE,2021,7456,7552,21.926112,85.797876,0.6249,Mining
T45QUE,2021,9152,4640,21.770632,85.51757,0.6249,Mining
T45QUE,2021,1088,3808,22.498153,85.429067,0.6249,Mining
T45QUE,2021,5856,4032,22.067768,85.455574,0.6249,Mining
T45QUE,2021,6496,7776,22.012983,85.818845,0.6249,Mining
T45QUE,2021,9440,7424,21.746812,85.786998,0.6249,Mining
T45QUE,2021,6112,8832,22.048374,85.920876,0.6249,Mining
T45QUE,2021,2560,7776,22.368499,85.815868,0.6249,Mining
T45QUE,2021,5280,8480,22.123298,85.88618,0.6249,Mining
T45QUE,2021,6432,6912,22.018139,85.735101,0.6249,Mining
T45QUE,2021,480,4384,22.553596,85.484448,0.6249,Mining
T45QUE,2021,7008,6176,21.965548,85.664294,0.6248,Mining
T45QUE,2021,6560,7552,22.007044,85.797195,0.6248,Mining
T45QUE,2021,3488,10400,22.286336,86.071257,0.6248,Mining
T45QUE,2021,7808,1472,21.88897,85.209764,0.6248,Mining
T45QUE,2021,4256,9600,22.216501,85.994103,0.6248,Mining
T45QUE,2021,5632,9696,22.092264,86.004291,0.6247,Mining
T45QUE,2021,4352,8928,22.207413,85.928977,0.6247,Mining
T45QUE,2021,3168,672,22.307084,85.126838,0.6247,Mining
T45QUE,2021,8832,2336,21.797383,85.294462,0.6247,Mining
T45QUE,2021,2368,5024,22.383663,85.548453,0.6247,Mining
T45QUE,2021,288,2208,22.5688,85.272678,0.6247,Mining
T45QUE,2021,1696,9824,22.447875,86.01421,0.6247,Mining
T45QUE,2021,992,6400,22.509083,85.680908,0.6247,Mining
T45QUE,2021,768,5344,22.528439,85.578055,0.6247,Mining
T45QUE,2021,7008,9120,21.96762,85.949379,0.6247,Mining
T45QUE,2021,480,10112,22.557881,86.04144,0.6246,Mining
T45QUE,2021,1440,4736,22.467218,85.519596,0.6246,Mining
T45QUE,2021,1280,9952,22.485526,86.026386,0.6246,Mining
T45QUE,2021,2912,4224,22.333819,85.471301,0.6246,Mining
T45QUE,2021,1088,6976,22.500861,85.736977,0.6245,Mining
T45QUE,2021,416,7392,22.561867,85.776879,0.6245,Mining
T45QUE,2021,7360,4128,21.932025,85.466338,0.6245,Mining
T45QUE,2021,5664,9696,22.089373,86.004312,0.6245,Mining
T45QUE,2021,4640,10496,22.182327,86.081254,0.6245,Mining
T45QUE,2021,7552,1024,21.911609,85.166122,0.6245,Mining
T45QUE,2021,2976,7008,22.330363,85.741625,0.6245,Mining
T45QUE,2021,7392,2496,21.927585,85.308403,0.6245,Mining
T45QUE,2021,9472,5824,21.742715,85.632331,0.6245,Mining
T45QUE,2021,5696,7136,22.084783,85.756219,0.6244,Mining
T45QUE,2021,6496,3296,22.009281,85.384921,0.6244,Mining
T45QUE,2021,4928,4768,22.152238,85.526016,0.6244,Mining
T45QUE,2021,6592,5184,22.002311,85.567864,0.6244,Mining
T45QUE,2021,768,2496,22.525755,85.30121,0.6244,Mining
T45QUE,2021,3488,3072,22.280709,85.360083,0.6244,Mining
T45QUE,2021,512,3008,22.54939,85.350703,0.6244,Mining
T45QUE,2021,6368,8832,22.02525,85.921052,0.6243,Mining
T45QUE,2021,320,4064,22.567749,85.453175,0.6243,Mining
T45QUE,2021,10144,6848,21.682804,85.731864,0.6243,Mining
T45QUE,2021,1152,1024,22.489509,85.158599,0.6243,Mining
T45QUE,2021,2400,7776,22.38295,85.815746,0.6243,Mining
T45QUE,2021,7232,7904,21.946591,85.831788,0.6243,Mining
T45QUE,2021,5856,4512,22.068201,85.502082,0.6243,Mining
T45QUE,2021,7808,7616,21.894362,85.804338,0.6243,Mining
T45QUE,2021,1984,8224,22.420837,85.85895,0.6242,Mining
T45QUE,2021,1472,8160,22.467038,85.852352,0.6242,Mining
T45QUE,2021,2048,5408,22.412894,85.585452,0.6242,Mining
T45QUE,2021,9888,9248,21.707541,85.963651,0.6242,Mining
T45QUE,2021,1632,2080,22.447305,85.261751,0.6242,Mining
T45QUE,2021,7168,1792,21.947098,85.240017,0.6242,Mining
T45QUE,2021,352,3904,22.564709,85.437649,0.6242,Mining
T45QUE,2021,4224,6304,22.2171,85.674342,0.6242,Mining
T45QUE,2021,4672,10080,22.179204,86.040925,0.6242,Mining
T45QUE,2021,1888,5888,22.427745,85.631935,0.6241,Mining
T45QUE,2021,2944,9760,22.335108,86.008791,0.6241,Mining
T45QUE,2021,8832,7744,21.801956,85.817488,0.6241,Mining
T45QUE,2021,2720,5152,22.351984,85.56121,0.6241,Mining
T45QUE,2021,1856,3872,22.428858,85.436066,0.6241,Mining
T45QUE,2021,6016,9312,22.057346,85.967324,0.6241,Mining
T45QUE,2021,2400,1152,22.376963,85.172513,0.6241,Mining
T45QUE,2021,1664,672,22.442885,85.125019,0.6241,Mining
T45QUE,2021,2048,4256,22.411875,85.473557,0.6241,Mining
T45QUE,2021,2016,5312,22.415702,85.576097,0.6241,Mining
T45QUE,2021,1120,3488,22.494957,85.398001,0.624,Mining
T45QUE,2021,5856,10240,22.072342,86.057155,0.624,Mining
T45QUE,2021,256,2528,22.572021,85.303756,0.624,Mining
T45QUE,2021,5472,10272,22.107047,86.060027,0.624,Mining
T45QUE,2021,6720,6272,21.991636,85.673348,0.624,Mining
T45QUE,2021,3008,928,22.321816,85.151489,0.624,Mining
T45QUE,2021,2112,3232,22.405126,85.374168,0.624,Mining
T45QUE,2021,5632,9152,22.091934,85.951563,0.6239,Mining
T45QUE,2021,3008,9792,22.329346,86.011938,0.6239,Mining
T45QUE,2021,4512,7456,22.191959,85.786315,0.6239,Mining
T45QUE,2021,608,1984,22.53967,85.251263,0.6239,Mining
T45QUE,2021,4640,1792,22.175381,85.237188,0.6239,Mining
T45QUE,2021,4704,3104,22.170928,85.364462,0.6239,Mining
T45QUE,2021,7392,6720,21.931284,85.717282,0.6239,Mining
T45QUE,2021,8256,3552,21.850575,85.411479,0.6239,Mining
T45QUE,2021,928,1248,22.509982,85.1801,0.6238,Mining
T45QUE,2021,6144,4832,22.042471,85.533357,0.6238,Mining
T45QUE,2021,320,288,22.563796,85.086051,0.6238,Mining
T45QUE,2021,4064,7296,22.232308,85.770444,0.6238,Mining
T45QUE,2021,8544,9408,21.829045,85.978259,0.6238,Mining
T45QUE,2021,3168,5792,22.312063,85.623746,0.6238,Mining
T45QUE,2021,4800,5888,22.164744,85.634493,0.6238,Mining
T45QUE,2021,3712,6208,22.263267,85.664592,0.6238,Mining
T45QUE,2021,3104,6848,22.318681,85.726197,0.6238,Mining
T45QUE,2021,480,8928,22.557154,85.926297,0.6238,Mining
T45QUE,2021,3264,5536,22.303179,85.598984,0.6238,Mining
T45QUE,2021,1568,10752,22.459963,86.104314,0.6238,Mining
T45QUE,2021,352,32,22.560609,85.061205,0.6238,Mining
T45QUE,2021,512,5600,22.551777,85.60271,0.6238,Mining
T45QUE,2021,5184,7872,22.131557,85.827166,0.6237,Mining
T45QUE,2021,6176,8928,22.042654,85.930222,0.6237,Mining
T45QUE,2021,3904,10144,22.248615,86.046664,0.6237,Mining
T45QUE,2021,1408,4992,22.470334,85.544441,0.6237,Mining
T45QUE,2021,4000,1280,22.232628,85.186806,0.6237,Mining
T45QUE,2021,5536,3040,22.095731,85.359128,0.6237,Mining
T45QUE,2021,2016,1184,22.411671,85.175167,0.6237,Mining
T45QUE,2021,2304,8768,22.392298,85.912025,0.6236,Mining
T45QUE,2021,3360,8096,22.296464,85.847538,0.6236,Mining
T45QUE,2021,7520,10368,21.922098,86.07054,0.6236,Mining
T45QUE,2021,4352,10656,22.20843,86.096606,0.6236,Mining
T45QUE,2021,4448,3648,22.194568,85.416949,0.6236,Mining
T45QUE,2021,8384,6176,21.841265,85.665452,0.6236,Mining
T45QUE,2021,3616,9632,22.27433,85.996796,0.6236,Mining
T45QUE,2021,3744,6304,22.260453,85.673935,0.6236,Mining
T45QUE,2021,6688,1664,21.99031,85.227089,0.6235,Mining
T45QUE,2021,5824,4192,22.070804,85.471046,0.6235,Mining
T45QUE,2021,160,2304,22.580459,85.281868,0.6235,Mining
T45QUE,2021,7040,6752,21.963102,85.720095,0.6235,Mining
T45QUE,2021,4768,3200,22.165242,85.373837,0.6235,Mining
T45QUE,2021,4576,9792,22.187709,86.012932,0.6235,Mining
T45QUE,2021,768,2112,22.525357,85.263886,0.6235,Mining
T45QUE,2021,4384,6464,22.202775,85.689997,0.6235,Mining
T45QUE,2021,7520,7552,21.920331,85.797925,0.6235,Mining
T45QUE,2021,2848,8384,22.342907,85.875122,0.6235,Mining
T45QUE,2021,2144,7936,22.406186,85.831092,0.6234,Mining
T45QUE,2021,2144,4960,22.403837,85.542027,0.6234,Mining
T45QUE,2021,640,7488,22.541707,85.786391,0.6234,Mining
T45QUE,2021,288,6848,22.573017,85.723872,0.6233,Mining
T45QUE,2021,480,5344,22.554449,85.577789,0.6233,Mining
T45QUE,2021,4096,2592,22.225328,85.314166,0.6233,Mining
T45QUE,2021,4192,4128,22.218134,85.463246,0.6233,Mining
T45QUE,2021,7712,3872,21.900001,85.441903,0.6233,Mining
T45QUE,2021,5888,7680,22.067833,85.809086,0.6233,Mining
T45QUE,2021,3872,10720,22.251824,86.102539,0.6232,Mining
T45QUE,2021,96,8160,22.591321,85.851325,0.6232,Mining
T45QUE,2021,1184,4928,22.490508,85.53801,0.6232,Mining
T45QUE,2021,1920,7968,22.42644,85.834032,0.6232,Mining
T45QUE,2021,1120,4832,22.496202,85.528619,0.6232,Mining
T45QUE,2021,4960,9248,22.152695,85.960423,0.6232,Mining
T45QUE,2021,9056,4992,21.779604,85.551519,0.6232,Mining
T45QUE,2021,2752,2624,22.346727,85.315816,0.6232,Mining
T45QUE,2021,4672,7648,22.177645,85.805059,0.6232,Mining
T45QUE,2021,1568,4672,22.455601,85.513501,0.6232,Mining
T45QUE,2021,9632,2336,21.725136,85.295316,0.6232,Mining
T45QUE,2021,3200,4960,22.308467,85.543019,0.6231,Mining
T45QUE,2021,3168,7328,22.313259,85.772843,0.6231,Mining
T45QUE,2021,3584,4384,22.273276,85.487487,0.6231,Mining
T45QUE,2021,6432,1568,22.013326,85.217504,0.6231,Mining
T45QUE,2021,1248,832,22.480626,85.140059,0.6231,Mining
T45QUE,2021,4224,5408,22.216369,85.587431,0.6231,Mining
T45QUE,2021,3136,4736,22.31405,85.521217,0.623,Mining
T45QUE,2021,3648,608,22.263671,85.121207,0.623,Mining
T45QUE,2021,3616,4320,22.270328,85.481308,0.6229,Mining
T45QUE,2021,1472,480,22.460003,85.106134,0.6229,Mining
T45QUE,2021,7872,1504,21.883224,85.212933,0.6229,Mining
T45QUE,2021,10528,8480,21.649247,85.889855,0.6229,Mining
T45QUE,2021,6720,7424,21.9925,85.78492,0.6229,Mining
T45QUE,2021,9120,2720,21.771753,85.331897,0.6229,Mining
T45QUE,2021,64,3360,22.590193,85.384452,0.6229,Mining
T45QUE,2021,2656,7072,22.359313,85.74758,0.6228,Mining
T45QUE,2021,416,928,22.555857,85.148385,0.6228,Mining
T45QUE,2021,3872,1696,22.244631,85.227009,0.6228,Mining
T45QUE,2021,1632,4192,22.449385,85.466928,0.6228,Mining
T45QUE,2021,5824,6848,22.073007,85.728411,0.6228,Mining
T45QUE,2021,736,6592,22.532355,85.699355,0.6228,Mining
T45QUE,2021,4928,8992,22.155425,85.935578,0.6228,Mining
T45QUE,2021,1472,3744,22.463414,85.42324,0.6228,Mining
T45QUE,2021,672,9344,22.540076,85.966881,0.6228,Mining
T45QUE,2021,7808,3168,21.890672,85.373873,0.6227,Mining
T45QUE,2021,5344,7040,22.116506,85.746634,0.6227,Mining
T45QUE,2021,5408,6912,22.110629,85.734278,0.6227,Mining
T45QUE,2021,9152,2496,21.768643,85.310273,0.6227,Mining
T45QUE,2021,3488,10080,22.286155,86.040197,0.6227,Mining
T45QUE,2021,4448,7744,22.197946,85.8142,0.6227,Mining
T45QUE,2021,2464,3552,22.373648,85.405608,0.6227,Mining
T45QUE,2021,3104,9792,22.320674,86.011999,0.6226,Mining
T45QUE,2021,5600,10272,22.095485,86.060103,0.6226,Mining
T45QUE,2021,4736,6656,22.171131,85.70891,0.6226,Mining
T45QUE,2021,5120,3264,22.133515,85.380406,0.6226,Mining
T45QUE,2021,1536,2560,22.45647,85.308275,0.6226,Mining
T45QUE,2021,2912,640,22.330163,85.123423,0.6226,Mining
T45QUE,2021,4352,4480,22.204003,85.497542,0.6226,Mining
T45QUE,2021,5920,4192,22.062134,85.471139,0.6226,Mining
T45QUE,2021,4288,7360,22.212122,85.776829,0.6226,Mining
T45QUE,2021,5888,5600,22.066242,85.607533,0.6226,Mining
T45QUE,2021,4512,1984,22.18714,85.25566,0.6225,Mining
T45QUE,2021,1024,9152,22.508161,85.948452,0.6225,Mining
T45QUE,2021,3776,128,22.251569,85.074802,0.6225,Mining
T45QUE,2021,5728,2848,22.078204,85.340725,0.6225,Mining
T45QUE,2021,2208,4896,22.398001,85.535871,0.6225,Mining
T45QUE,2021,4096,192,22.222749,85.081403,0.6225,Mining
T45QUE,2021,4000,4448,22.235764,85.494099,0.6224,Mining
T45QUE,2021,5504,3072,22.098652,85.362195,0.6224,Mining
T45QUE,2021,3744,544,22.254931,85.115114,0.6224,Mining
T45QUE,2021,1472,416,22.45993,85.099917,0.6224,Mining
T45QUE,2021,6176,7072,22.041381,85.750397,0.6224,Mining
T45QUE,2021,288,2688,22.569295,85.319348,0.6224,Mining
T45QUE,2021,3808,4352,22.253017,85.484599,0.6224,Mining
T45QUE,2021,1184,3456,22.489146,85.394958,0.6223,Mining
T45QUE,2021,7808,992,21.888458,85.163322,0.6223,Mining
T45QUE,2021,2464,1344,22.371393,85.191228,0.6223,Mining
T45QUE,2021,1056,9184,22.505291,85.951585,0.6223,Mining
T45QUE,2021,832,6464,22.523584,85.686993,0.6223,Mining
T45QUE,2021,5248,10528,22.127423,86.084713,0.6223,Mining
T45QUE,2021,4160,1632,22.218557,85.22113,0.6223,Mining
T45QUE,2021,672,1248,22.533097,85.179797,0.6223,Mining
T45QUE,2021,704,768,22.529673,85.133181,0.6223,Mining
T45QUE,2021,4640,7232,22.180235,85.764691,0.6223,Mining
T45QUE,2021,4736,3520,22.168438,85.404829,0.6222,Mining
T45QUE,2021,10368,7872,21.663297,85.830991,0.6222,Mining
T45QUE,2021,5504,4896,22.100328,85.538963,0.6222,Mining
T45QUE,2021,7104,2240,21.953336,85.283313,0.6222,Mining
T45QUE,2021,4896,2880,22.15337,85.342947,0.6222,Mining
T45QUE,2021,9760,6368,21.717128,85.685161,0.6222,Mining
T45QUE,2021,7712,8512,21.903641,85.890993,0.6221,Mining
T45QUE,2021,4512,10272,22.193766,86.059451,0.6221,Mining
T45QUE,2021,5856,8704,22.071416,85.908296,0.6221,Mining
T45QUE,2021,7136,7584,21.955039,85.800732,0.6221,Mining
T45QUE,2021,6912,6016,21.974092,85.64872,0.6221,Mining
T45QUE,2021,5376,8576,22.11469,85.895554,0.6221,Mining
T45QUE,2021,3264,3392,22.301249,85.390902,0.6221,Mining
T45QUE,2021,8512,4256,21.828097,85.479831,0.6221,Mining
T45QUE,2021,1472,7808,22.466791,85.818144,0.622,Mining
T45QUE,2021,3456,10112,22.289064,86.043283,0.622,Mining
T45QUE,2021,10880,8704,21.617593,85.911738,0.622,Mining
T45QUE,2021,2336,7456,22.3885,85.784617,0.622,Mining
T45QUE,2021,2400,8992,22.383772,85.933849,0.622,Mining
T45QUE,2021,1824,5792,22.433446,85.622552,0.622,Mining
T45QUE,2021,3008,2656,22.323642,85.3192,0.6219,Mining
T45QUE,2021,352,1248,22.561991,85.179418,0.6219,Mining
T45QUE,2021,352,3200,22.564029,85.369199,0.6219,Mining
T45QUE,2021,2368,5824,22.384341,85.626144,0.6219,Mining
T45QUE,2021,2240,3424,22.393753,85.392947,0.6219,Mining
T45QUE,2021,2624,4576,22.360147,85.505194,0.6218,Mining
T45QUE,2021,9120,1760,21.770791,85.239082,0.6218,Mining
T45QUE,2021,3872,6912,22.249363,85.733035,0.6218,Mining
T45QUE,2021,3392,4608,22.290817,85.509038,0.6218,Mining
T45QUE,2021,4192,128,22.214007,85.075315,0.6218,Mining
T45QUE,2021,4320,7392,22.209255,85.779958,0.6218,Mining
T45QUE,2021,6912,7616,21.975295,85.803661,0.6218,Mining
T45QUE,2021,3200,2880,22.306528,85.341146,0.6217,Mining
T45QUE,2021,2432,1536,22.37449,85.209832,0.6217,Mining
T45QUE,2021,8384,4320,21.839714,85.4859,0.6217,Mining
T45QUE,2021,2592,320,22.358694,85.091973,0.6217,Mining
T45QUE,2021,1248,5088,22.484868,85.55362,0.6217,Mining
T45QUE,2021,3008,3840,22.324793,85.434122,0.6217,Mining
T45QUE,2021,4384,3712,22.200408,85.423091,0.6217,Mining
T45QUE,2021,4032,4832,22.233215,85.53138,0.6217,Mining
T45QUE,2021,224,960,22.573229,85.151265,0.6217,Mining
T45QUE,2021,4288,8640,22.213008,85.900995,0.6217,Mining
T45QUE,2021,736,2944,22.529098,85.344722,0.6217,Mining
T45QUE,2021,1216,7776,22.489891,85.814838,0.6216,Mining
T45QUE,2021,10176,3072,21.676724,85.367007,0.6216,Mining
T45QUE,2021,7072,3264,21.957232,85.382411,0.6216,Mining
T45QUE,2021,832,9696,22.52584,86.001212,0.6216,Mining
T45QUE,2021,7296,5984,21.939383,85.64595,0.6216,Mining
T45QUE,2021,544,9856,22.55195,86.016585,0.6216,Mining
T45QUE,2021,224,9472,22.580621,85.979029,0.6215,Mining
T45QUE,2021,1792,6912,22.437228,85.731336,0.6215,Mining
T45QUE,2021,1280,6816,22.483397,85.721585,0.6215,Mining
T45QUE,2021,5920,9184,22.065939,85.954856,0.6215,Mining
T45QUE,2021,2688,7968,22.357073,85.83461,0.6215,Mining
T45QUE,2021,3808,6368,22.254724,85.680199,0.6215,Mining
T45QUE,2021,6816,5696,21.982505,85.617649,0.6215,Mining
T45QUE,2021,8288,3680,21.847804,85.423894,0.6214,Mining
T45QUE,2021,8128,9088,21.866429,85.947024,0.6214,Mining
T45QUE,2021,2560,4608,22.365956,85.508239,0.6214,Mining
T45QUE,2021,480,2624,22.551892,85.313336,0.6214,Mining
T45QUE,2021,2368,2464,22.381241,85.299863,0.6214,Mining
T45QUE,2021,2656,6784,22.359095,85.719615,0.6214,Mining
T45QUE,2021,960,8640,22.513609,85.898634,0.6214,Mining
T45QUE,2021,64,480,22.587131,85.1044,0.6214,Mining
T45QUE,2021,1504,9056,22.464744,85.93945,0.6214,Mining
T45QUE,2021,96,2464,22.586403,85.297355,0.6214,Mining
T45QUE,2021,7776,2144,21.892554,85.274752,0.6213,Mining
T45QUE,2021,10176,7808,21.680597,85.824666,0.6213,Mining
T45QUE,2021,5088,1408,22.13452,85.200473,0.6213,Mining
T45QUE,2021,2080,1952,22.406717,85.249824,0.6213,Mining
T45QUE,2021,3872,4224,22.247121,85.472244,0.6213,Mining
T45QUE,2021,5728,5152,22.080317,85.563978,0.6213,Mining
T45QUE,2021,1696,1248,22.440636,85.181006,0.6213,Mining
T45QUE,2021,1536,6304,22.459874,85.672045,0.6213,Mining
T45QUE,2021,1888,1536,22.423611,85.209203,0.6213,Mining
T45QUE,2021,7360,7008,21.934389,85.745137,0.6213,Mining
T45QUE,2021,5632,6464,22.090055,85.69104,0.6213,Mining
T45QUE,2021,96,8192,22.591343,85.854437,0.6212,Mining
T45QUE,2021,3936,2816,22.24,85.335722,0.6212,Mining
T45QUE,2021,2688,3296,22.353172,85.380985,0.6212,Mining
T45QUE,2021,7328,6304,21.936745,85.676956,0.6212,Mining
T45QUE,2021,1952,9344,22.42446,85.967739,0.6212,Mining
T45QUE,2021,2816,832,22.339046,85.141943,0.6212,Mining
T45QUE,2021,1088,5664,22.499811,85.609453,0.6211,Mining
T45QUE,2021,1376,2496,22.470852,85.301881,0.6211,Mining
T45QUE,2021,3040,6880,22.324485,85.729251,0.6211,Mining
T45QUE,2021,4512,10816,22.194062,86.112218,0.6211,Mining
T45QUE,2021,10464,5024,21.652461,85.555883,0.6211,Mining
T45QUE,2021,5184,8096,22.131711,85.848883,0.6211,Mining
T45QUE,2021,1120,10304,22.500182,86.060503,0.621,Mining
T45QUE,2021,7072,1888,21.955866,85.249203,0.621,Mining
T45QUE,2021,6720,7616,21.992637,85.803516,0.621,Mining
T45QUE,2021,1024,3552,22.503688,85.404121,0.621,Mining
T45QUE,2021,5920,4128,22.062076,85.464938,0.621,Mining
T45QUE,2021,3232,10592,22.309566,86.089743,0.621,Mining
T45QUE,2021,2592,9248,22.366591,85.958842,0.621,Mining
T45QUE,2021,5280,3584,22.119371,85.411586,0.621,Mining
T45QUE,2021,10464,3936,21.651513,85.450769,0.6209,Mining
T45QUE,2021,3552,10656,22.280695,86.096142,0.6209,Mining
T45QUE,2021,1344,6656,22.477493,85.706088,0.6209,Mining
T45QUE,2021,6592,7744,22.004289,85.815817,0.6209,Mining
T45QUE,2021,3072,10336,22.323878,86.064795,0.6209,Mining
T45QUE,2021,5216,7456,22.128372,85.786861,0.6209,Mining
T45QUE,2021,9376,8736,21.753474,85.913811,0.6209,Mining
T45QUE,2021,5280,7488,22.122614,85.790012,0.6208,Mining
T45QUE,2021,6784,6976,21.986393,85.741581,0.6208,Mining
T45QUE,2021,512,6624,22.552611,85.702277,0.6208,Mining
T45QUE,2021,3456,704,22.281115,85.130289,0.6208,Mining
T45QUE,2021,928,9600,22.517111,85.991941,0.6208,Mining
T45QUE,2021,2816,4928,22.343119,85.539552,0.6208,Mining
T45QUE,2021,6848,4512,21.978609,85.503024,0.6208,Mining
T45QUE,2021,4128,3040,22.222882,85.357652,0.6208,Mining
T45QUE,2021,416,7168,22.5617,85.755096,0.6207,Mining
T45QUE,2021,5696,9632,22.086445,85.998129,0.6207,Mining
T45QUE,2021,7872,7200,21.888284,85.764124,0.6207,Mining
T45QUE,2021,896,416,22.511937,85.099207,0.6207,Mining
T45QUE,2021,3488,5088,22.282568,85.55571,0.6207,Mining
T45QUE,2021,896,9728,22.520079,86.004365,0.6207,Mining
T45QUE,2021,2080,10816,22.413748,86.110829,0.6207,Mining
T45QUE,2021,5024,7360,22.145644,85.777404,0.6206,Mining
T45QUE,2021,2752,4864,22.348843,85.533278,0.6206,Mining
T45QUE,2021,8704,3456,21.810026,85.402641,0.6206,Mining
T45QUE,2021,5568,7904,22.096894,85.830555,0.6206,Mining
T45QUE,2021,1760,3680,22.437345,85.417317,0.6206,Mining
T45QUE,2021,3040,1248,22.319278,85.182583,0.6206,Mining
T45QUE,2021,6048,7520,22.053268,85.793704,0.6206,Mining
T45QUE,2021,2816,4896,22.343091,85.536445,0.6206,Mining
T45QUE,2021,3872,6976,22.249411,85.739244,0.6206,Mining
T45QUE,2021,3968,2720,22.237015,85.326444,0.6206,Mining
T45QUE,2021,3072,416,22.315463,85.101879,0.6205,Mining
T45QUE,2021,8896,2656,21.79192,85.325474,0.6205,Mining
T45QUE,2021,10816,3360,21.619194,85.395474,0.6205,Mining
T45QUE,2021,6784,7904,21.987057,85.831457,0.6205,Mining
T45QUE,2021,5344,992,22.110955,85.160454,0.6205,Mining
T45QUE,2021,4032,8832,22.236256,85.919444,0.6204,Mining
T45QUE,2021,6528,2560,22.005674,85.313677,0.6204,Mining
T45QUE,2021,4448,10304,22.199565,86.062516,0.6204,Mining
T45QUE,2021,7808,4480,21.891878,85.500835,0.6204,Mining
T45QUE,2021,640,2240,22.537049,85.276184,0.6203,Mining
T45QUE,2021,832,864,22.518224,85.142666,0.6203,Mining
T45QUE,2021,608,3232,22.540943,85.372581,0.6203,Mining
T45QUE,2021,6848,7904,21.981276,85.831504,0.6203,Mining
T45QUE,2021,576,5984,22.546317,85.640103,0.6203,Mining
T45QUE,2021,288,3616,22.570213,85.40958,0.6203,Mining
T45QUE,2021,2208,6048,22.398975,85.647758,0.6203,Mining
T45QUE,2021,2592,4800,22.363236,85.526913,0.6203,Mining
T45QUE,2021,2784,3872,22.345052,85.437003,0.6203,Mining
T45QUE,2021,2112,4448,22.406271,85.492268,0.6203,Mining
T45QUE,2021,5024,8384,22.146358,85.87669,0.6203,Mining
T45QUE,2021,1248,3392,22.483305,85.388806,0.6203,Mining
T45QUE,2021,2848,4192,22.339569,85.468132,0.6203,Mining
T45QUE,2021,1280,7456,22.483879,85.783786,0.6202,Mining
T45QUE,2021,4736,2912,22.167851,85.345881,0.6202,Mining
T45QUE,2021,4704,8864,22.175577,85.923012,0.6202,Mining
T45QUE,2021,6816,1632,21.978718,85.224134,0.6202,Mining
T45QUE,2021,1920,2528,22.421761,85.305587,0.6202,Mining
T45QUE,2021,6816,10080,21.985532,86.042232,0.6202,Mining
T45QUE,2021,4448,10656,22.199758,86.096661,0.6202,Mining
T45QUE,2021,2336,4576,22.386157,85.504916,0.6201,Mining
T45QUE,2021,3296,6496,22.301067,85.692188,0.6201,Mining
T45QUE,2021,3360,4704,22.293792,85.518324,0.6201,Mining
T45QUE,2021,704,1632,22.530626,85.217158,0.6201,Mining
T45QUE,2021,5760,0,22.072282,85.064839,0.6201,Mining
T45QUE,2021,4608,7776,22.183517,85.817424,0.6201,Mining
T45QUE,2021,5280,9056,22.12367,85.942021,0.62,Mining
T45QUE,2021,5280,4416,22.120135,85.492228,0.62,Mining
T45QUE,2021,9696,7456,21.72371,85.790285,0.62,Mining
T45QUE,2021,2176,320,22.396255,85.091461,0.62,Mining
T45QUE,2021,4768,9728,22.170328,86.006846,0.62,Mining
T45QUE,2021,736,288,22.526236,85.086569,0.62,Mining
T45QUE,2021,608,6912,22.544165,85.73036,0.62,Mining
T45QUE,2021,1696,5312,22.444602,85.575802,0.62,Mining
T45QUE,2021,6016,2528,22.051878,85.310029,0.62,Mining
T45QUE,2021,6848,10304,21.982767,86.063947,0.62,Mining
T45QUE,2021,1344,9344,22.479378,85.967332,0.6199,Mining
T45QUE,2021,1152,5600,22.493977,85.603291,0.6199,Mining
T45QUE,2021,4128,10496,22.228577,86.080953,0.6199,Mining
T45QUE,2021,3168,4128,22.310611,85.462235,0.6199,Mining
T45QUE,2021,4064,7488,22.232447,85.789072,0.6199,Mining
T45QUE,2021,3616,3104,22.269182,85.363323,0.6198,Mining
T45QUE,2021,2976,1216,22.325022,85.179402,0.6198,Mining
T45QUE,2021,4576,9984,22.187821,86.031555,0.6198,Mining
T45QUE,2021,2464,2016,22.372109,85.256472,0.6198,Mining
T45QUE,2021,7360,4320,21.932197,85.484923,0.6198,Mining
T45QUE,2021,1952,3616,22.419946,85.411297,0.6197,Mining
T45QUE,2021,2080,10688,22.413679,86.098393,0.6197,Mining
T45QUE,2021,1024,8352,22.507635,85.870683,0.6196,Mining
T45QUE,2021,1728,2400,22.438968,85.292943,0.6196,Mining
T45QUE,2021,7808,5376,21.892644,85.587545,0.6196,Mining
T45QUE,2021,1088,2336,22.496694,85.286015,0.6196,Mining
T45QUE,2021,4800,9312,22.167187,85.966523,0.6195,Mining
T45QUE,2021,1888,6784,22.428459,85.718979,0.6195,Mining
T45QUE,2021,3872,9792,22.251301,86.012487,0.6195,Mining
T45QUE,2021,4928,6336,22.153541,85.678042,0.6195,Mining
T45QUE,2021,8256,5216,21.852048,85.572463,0.6195,Mining
T45QUE,2021,1504,10624,22.465674,86.091837,0.6195,Mining
T45QUE,2021,864,3168,22.517762,85.366631,0.6194,Mining
T45QUE,2021,1088,32,22.494157,85.062132,0.6194,Mining
T45QUE,2021,6496,3264,22.009251,85.381821,0.6194,Mining
T45QUE,2021,4832,9824,22.164603,86.016197,0.6194,Mining
T45QUE,2021,4448,9856,22.199309,86.019059,0.6194,Mining
T45QUE,2021,832,5472,22.522769,85.590558,0.6194,Mining
T45QUE,2021,4896,7968,22.157637,85.83626,0.6194,Mining
T45QUE,2021,3040,6304,22.324037,85.673334,0.6194,Mining
T45QUE,2021,480,5920,22.554934,85.633795,0.6194,Mining
T45QUE,2021,2912,4192,22.333789,85.468195,0.6193,Mining
T45QUE,2021,1280,6144,22.482866,85.656275,0.6193,Mining
T45QUE,2021,1280,5600,22.482417,85.603407,0.6193,Mining
T45QUE,2021,5280,9472,22.123926,85.982352,0.6193,Mining
T45QUE,2021,2976,4704,22.328472,85.517958,0.6193,Mining
T45QUE,2021,2720,6048,22.352733,85.648205,0.6193,Mining
T45QUE,2021,6624,224,21.994522,85.087587,0.6193,Mining
T45QUE,2021,3648,2528,22.265719,85.307472,0.6193,Mining
T45QUE,2021,3744,9632,22.262768,85.996879,0.6193,Mining
T45QUE,2021,4416,4960,22.198646,85.544155,0.6193,Mining
T45QUE,2021,2048,1952,22.409607,85.249788,0.6192,Mining
T45QUE,2021,5216,10752,22.130434,86.106412,0.6192,Mining
T45QUE,2021,4704,6752,22.174095,85.718193,0.6192,Mining
T45QUE,2021,2016,4864,22.415312,85.532581,0.6192,Mining
T45QUE,2021,5920,6944,22.064408,85.737791,0.6192,Mining
T45QUE,2021,6272,10528,22.034922,86.085308,0.6192,Mining
T45QUE,2021,7776,1632,21.892027,85.22521,0.6192,Mining
T45QUE,2021,5504,7552,22.102427,85.796388,0.6192,Mining
T45QUE,2021,1024,6368,22.506167,85.677825,0.6192,Mining
T45QUE,2021,10144,7776,21.683466,85.82155,0.6191,Mining
T45QUE,2021,1024,704,22.500708,85.12735,0.6191,Mining
T45QUE,2021,1056,2304,22.499551,85.28287,0.6191,Mining
T45QUE,2021,2496,4608,22.371736,85.508178,0.6191,Mining
T45QUE,2021,704,5920,22.534704,85.633995,0.6191,Mining
T45QUE,2021,5984,7360,22.058933,85.778151,0.6191,Mining
T45QUE,2021,7904,8704,21.886421,85.90971,0.6191,Mining
T45QUE,2021,8896,7136,21.795743,85.758729,0.6191,Mining
T45QUE,2021,6336,3168,22.023608,85.372359,0.6191,Mining
T45QUE,2021,5504,9664,22.103807,86.001108,0.619,Mining
T45QUE,2021,1952,8352,22.423815,85.871362,0.619,Mining
T45QUE,2021,4608,6784,22.18279,85.721218,0.619,Mining
T45QUE,2021,7200,7488,21.94919,85.791485,0.619,Mining
T45QUE,2021,6208,1824,22.033822,85.242046,0.619,Mining
T45QUE,2021,6144,8736,22.045422,85.911597,0.619,Mining
T45QUE,2021,4800,8096,22.166397,85.848601,0.6189,Mining
T45QUE,2021,1280,3424,22.480446,85.391948,0.6189,Mining
T45QUE,2021,448,10112,22.560772,86.04142,0.6189,Mining
T45QUE,2021,2240,6688,22.396593,85.709946,0.6189,Mining
T45QUE,2021,4960,9600,22.152909,85.994556,0.6189,Mining
T45QUE,2021,3840,608,22.246335,85.121438,0.6189,Mining
T45QUE,2021,4128,6304,22.225771,85.674261,0.6189,Mining
T45QUE,2021,6464,9536,22.017013,85.989317,0.6189,Mining
T45QUE,2021,1184,9440,22.493889,85.976556,0.6189,Mining
T45QUE,2021,4064,8768,22.233325,85.913256,0.6188,Mining
T45QUE,2021,3040,5984,22.32378,85.64227,0.6188,Mining
T45QUE,2021,4736,6176,22.170756,85.662364,0.6188,Mining
T45QUE,2021,5824,8320,22.074054,85.87106,0.6188,Mining
T45QUE,2021,1536,6400,22.459951,85.681373,0.6188,Mining
T45QUE,2021,5280,7776,22.122818,85.817932,0.6188,Mining
T45QUE,2021,2944,3584,22.330331,85.409208,0.6188,Mining
T45QUE,2021,3616,6784,22.272388,85.720405,0.6187,Mining
T45QUE,2021,1024,9312,22.508262,85.964007,0.6187,Mining
T45QUE,2021,4448,8896,22.198721,85.925939,0.6187,Mining
T45QUE,2021,6112,3648,22.044293,85.418626,0.6187,Mining
T45QUE,2021,128,9568,22.589352,85.988304,0.6187,Mining
T45QUE,2021,2080,10368,22.413503,86.067305,0.6187,Mining
T45QUE,2021,480,1568,22.550783,85.210677,0.6187,Mining
T45QUE,2021,1728,768,22.437214,85.134421,0.6186,Mining
T45QUE,2021,2432,8352,22.38046,85.871712,0.6186,Mining
T45QUE,2021,4384,10176,22.205274,86.050061,0.6186,Mining
T45QUE,2021,160,160,22.578094,85.073407,0.6186,Mining
T45QUE,2021,4384,2432,22.199159,85.298961,0.6186,Mining
T45QUE,2021,6880,3936,21.9752,85.447281,0.6186,Mining
T45QUE,2021,640,5120,22.539805,85.556159,0.6186,Mining
T45QUE,2021,192,7552,22.582216,85.792262,0.6186,Mining
T45QUE,2021,4096,3200,22.225928,85.373138,0.6185,Mining
T45QUE,2021,5280,9696,22.12406,86.004068,0.6185,Mining
T45QUE,2021,9664,6592,21.72597,85.706736,0.6185,Mining
T45QUE,2021,6624,7328,22.001102,85.775548,0.6185,Mining
T45QUE,2021,640,736,22.535416,85.129993,0.6184,Mining
T45QUE,2021,2272,3424,22.390863,85.392981,0.6184,Mining
T45QUE,2021,4288,4928,22.210178,85.540932,0.6184,Mining
T45QUE,2021,4608,5984,22.182162,85.643635,0.6183,Mining
T45QUE,2021,4896,6848,22.156826,85.727659,0.6183,Mining
T45QUE,2021,3584,7040,22.275472,85.745222,0.6183,Mining
T45QUE,2021,3456,9312,22.288588,85.965633,0.6183,Mining
T45QUE,2021,5280,4064,22.119817,85.45811,0.6183,Mining
T45QUE,2021,7008,6144,21.965523,85.661196,0.6183,Mining
T45QUE,2021,2496,3648,22.370849,85.414962,0.6182,Mining
T45QUE,2021,3232,9600,22.308997,85.993442,0.6182,Mining
T45QUE,2021,160,704,22.578719,85.126297,0.6182,Mining
T45QUE,2021,1984,3136,22.416591,85.364709,0.6182,Mining
T45QUE,2021,2944,8352,22.334214,85.872084,0.6182,Mining
T45QUE,2021,6784,2752,21.982745,85.332541,0.6182,Mining
T45QUE,2021,9728,7456,21.72082,85.790309,0.6181,Mining
T45QUE,2021,1696,5056,22.44438,85.550931,0.6181,Mining
T45QUE,2021,640,10368,22.543575,86.066433,0.6181,Mining
T45QUE,2021,6208,896,22.032832,85.152166,0.6181,Mining
T45QUE,2021,1856,6528,22.43115,85.694082,0.6181,Mining
T45QUE,2021,3776,8512,22.259171,85.888214,0.6181,Mining
T45QUE,2021,6304,8384,22.030739,85.877604,0.618,Mining
T45QUE,2021,2208,1152,22.394299,85.172286,0.618,Mining
T45QUE,2021,8864,4512,21.796532,85.504924,0.618,Mining
T45QUE,2021,3680,10592,22.269098,86.090005,0.618,Mining
T45QUE,2021,6816,128,21.977077,85.078526,0.618,Mining
T45QUE,2021,1536,7200,22.460567,85.759111,0.6179,Mining
T45QUE,2021,7200,8256,21.94972,85.865847,0.6179,Mining
T45QUE,2021,896,5472,22.516989,85.590616,0.6179,Mining
T45QUE,2021,1248,6976,22.48641,85.737108,0.6179,Mining
T45QUE,2021,2784,1344,22.342498,85.191602,0.6179,Mining
T45QUE,2021,3840,128,22.24579,85.074881,0.6179,Mining
T45QUE,2021,256,3008,22.572507,85.350428,0.6179,Mining
T45QUE,2021,5824,3296,22.069969,85.384232,0.6179,Mining
T45QUE,2021,7616,8448,21.91227,85.884731,0.6178,Mining
T45QUE,2021,2816,480,22.338651,85.107778,0.6178,Mining
T45QUE,2021,1184,4192,22.489843,85.466483,0.6178,Mining
T45QUE,2021,3904,8896,22.247859,85.925565,0.6178,Mining
T45QUE,2021,0,10144,22.601257,86.044253,0.6178,Mining
T45QUE,2021,768,1664,22.524881,85.220343,0.6178,Mining
T45QUE,2021,5632,3136,22.087154,85.36853,0.6178,Mining
T45QUE,2021,4736,4384,22.169237,85.488602,0.6178,Mining
T45QUE,2021,6176,7104,22.041404,85.753497,0.6178,Mining
T45QUE,2021,4672,10400,22.179384,86.071961,0.6178,Mining
T45QUE,2021,6240,7744,22.036084,85.815553,0.6177,Mining
T45QUE,2021,7488,5664,21.921784,85.615138,0.6177,Mining
T45QUE,2021,2496,8832,22.374997,85.918376,0.6177,Mining
T45QUE,2021,896,6720,22.518005,85.711933,0.6177,Mining
T45QUE,2021,5984,6720,22.058459,85.716138,0.6177,Mining
T45QUE,2021,1472,7840,22.466814,85.821254,0.6177,Mining
T45QUE,2021,5984,5984,22.057884,85.644824,0.6177,Mining
T45QUE,2021,2432,10464,22.38176,86.076841,0.6176,Mining
T45QUE,2021,4928,10496,22.156312,86.081423,0.6176,Mining
T45QUE,2021,5440,10304,22.109956,86.06311,0.6176,Mining
T45QUE,2021,0,9664,22.600972,85.997558,0.6176,Mining
T45QUE,2021,960,6048,22.511689,85.646664,0.6176,Mining
T45QUE,2021,5888,3808,22.064672,85.433903,0.6176,Mining
T45QUE,2021,768,9440,22.531465,85.97628,0.6176,Mining
T45QUE,2021,4288,3296,22.208682,85.382648,0.6176,Mining
T45QUE,2021,1920,9664,22.427546,85.998808,0.6176,Mining
T45QUE,2021,96,1312,22.585177,85.185337,0.6176,Mining
T45QUE,2021,544,7296,22.550235,85.767646,0.6175,Mining
T45QUE,2021,5760,1280,22.073702,85.188842,0.6175,Mining
T45QUE,2021,3648,2688,22.26588,85.322995,0.6175,Mining
T45QUE,2021,9088,5376,21.777035,85.58868,0.6175,Mining
T45QUE,2021,8320,1696,21.842968,85.232008,0.6175,Mining
T45QUE,2021,4160,10688,22.225791,86.0996,0.6175,Mining
T45QUE,2021,3232,3680,22.304414,85.418819,0.6175,Mining
T45QUE,2021,4064,5216,22.230657,85.56866,0.6175,Mining
T45QUE,2021,224,3232,22.575619,85.372174,0.6175,Mining
T45QUE,2021,5952,6720,22.061349,85.716111,0.6175,Mining
T45QUE,2021,2048,4896,22.412451,85.53572,0.6174,Mining
T45QUE,2021,4640,7680,22.180558,85.808138,0.6174,Mining
T45QUE,2021,2848,5632,22.340831,85.607929,0.6174,Mining
T45QUE,2021,2464,9248,22.378153,85.958756,0.6174,Mining
T45QUE,2021,5408,6752,22.110508,85.718769,0.6174,Mining
T45QUE,2021,3648,4256,22.26738,85.475129,0.6174,Mining
T45QUE,2021,10304,8032,21.669187,85.846406,0.6173,Mining
T45QUE,2021,3904,2560,22.242634,85.310854,0.6173,Mining
T45QUE,2021,96,5120,22.588934,85.555648,0.6173,Mining
T45QUE,2021,1632,4992,22.450104,85.544653,0.6173,Mining
T45QUE,2021,96,4448,22.588333,85.490293,0.6173,Mining
T45QUE,2021,2880,5120,22.337506,85.558252,0.6173,Mining
T45QUE,2021,3616,9856,22.274463,86.018536,0.6173,Mining
T45QUE,2021,2880,8288,22.339951,85.865824,0.6173,Mining
T45QUE,2021,8128,8224,21.865873,85.863414,0.6173,Mining
T45QUE,2021,5664,9824,22.089448,86.016718,0.6173,Mining
T45QUE,2021,1216,896,22.483587,85.146238,0.6173,Mining
T45QUE,2021,10720,3328,21.627835,85.392287,0.6173,Mining
T45QUE,2021,352,4000,22.564799,85.446984,0.6173,Mining
T45QUE,2021,2528,832,22.365051,85.141598,0.6172,Mining
T45QUE,2021,2624,8192,22.363009,85.856314,0.6172,Mining
T45QUE,2021,2496,3456,22.370666,85.39632,0.6172,Mining
T45QUE,2021,2976,4832,22.328585,85.530383,0.6172,Mining
T45QUE,2021,672,2240,22.534159,85.27622,0.6172,Mining
T45QUE,2021,3104,4256,22.316509,85.474596,0.6172,Mining
T45QUE,2021,7904,1280,21.880097,85.191297,0.6172,Mining
T45QUE,2021,4416,9984,22.202274,86.031456,0.6172,Mining
T45QUE,2021,3392,1664,22.287941,85.223358,0.6172,Mining
T45QUE,2021,7424,4544,21.926615,85.506667,0.6171,Mining
T45QUE,2021,3136,10688,22.31829,86.099007,0.6171,Mining
T45QUE,2021,4448,7328,22.197647,85.77385,0.6171,Mining
T45QUE,2021,1056,10240,22.505927,86.054242,0.617,Mining
T45QUE,2021,1248,2912,22.482832,85.342163,0.617,Mining
T45QUE,2021,8224,8544,21.857412,85.894447,0.617,Mining
T45QUE,2021,2048,6080,22.413452,85.650726,0.617,Mining
T45QUE,2021,448,3072,22.555233,85.356856,0.617,Mining
T45QUE,2021,3136,800,22.310116,85.13922,0.617,Mining
T45QUE,2021,352,3936,22.564739,85.440761,0.617,Mining
T45QUE,2021,5024,10144,22.147444,86.047346,0.617,Mining
T45QUE,2021,1632,4480,22.449648,85.494908,0.6169,Mining
T45QUE,2021,3936,5728,22.242647,85.618215,0.6169,Mining
T45QUE,2021,1216,6368,22.488826,85.67799,0.6169,Mining
T45QUE,2021,3200,5024,22.308523,85.549231,0.6169,Mining
T45QUE,2021,4224,10080,22.219673,86.04065,0.6169,Mining
T45QUE,2021,6208,7552,22.038838,85.796927,0.6169,Mining
T45QUE,2021,2592,1792,22.360315,85.234869,0.6169,Mining
T45QUE,2021,3072,6848,22.321571,85.72617,0.6168,Mining
T45QUE,2021,1984,1184,22.41456,85.175129,0.6168,Mining
T45QUE,2021,768,5056,22.528189,85.550058,0.6168,Mining
T45QUE,2021,2816,2752,22.341077,85.328311,0.6168,Mining
T45QUE,2021,8192,4224,21.856969,85.476429,0.6168,Mining
T45QUE,2021,64,1792,22.588587,85.231973,0.6167,Mining
T45QUE,2021,5984,5024,22.057087,85.55181,0.6167,Mining
T45QUE,2021,5984,4256,22.056411,85.477402,0.6167,Mining
T45QUE,2021,6048,7264,22.053083,85.768899,0.6167,Mining
T45QUE,2021,3904,6368,22.246053,85.68028,0.6167,Mining
T45QUE,2021,4704,3264,22.171083,85.379976,0.6167,Mining
T45QUE,2021,3168,1376,22.307859,85.195154,0.6167,Mining
T45QUE,2021,1600,5792,22.453677,85.622352,0.6167,Mining
T45QUE,2021,2304,7232,22.391226,85.762836,0.6167,Mining
T45QUE,2021,5056,7648,22.142961,85.805352,0.6167,Mining
T45QUE,2021,5984,9856,22.060561,86.020019,0.6167,Mining
T45QUE,2021,5280,9824,22.124135,86.016478,0.6167,Mining
T45QUE,2021,1728,10752,22.44551,86.104407,0.6167,Mining
T45QUE,2021,384,5664,22.563391,85.608817,0.6167,Mining
T45QUE,2021,2080,3616,22.408386,85.411429,0.6166,Mining
T45QUE,2021,6656,9408,21.999593,85.977042,0.6165,Mining
T45QUE,2021,736,960,22.526999,85.151881,0.6165,Mining
T45QUE,2021,4160,4768,22.221598,85.525292,0.6165,Mining
T45QUE,2021,3008,3488,22.32446,85.399955,0.6165,Mining
T45QUE,2021,2208,5216,22.398279,85.56695,0.6165,Mining
T45QUE,2021,2528,2912,22.367244,85.343535,0.6164,Mining
T45QUE,2021,1248,6496,22.486038,85.690457,0.6164,Mining
T45QUE,2021,5856,10656,22.072569,86.097472,0.6164,Mining
T45QUE,2021,6944,2592,21.968138,85.317219,0.6164,Mining
T45QUE,2021,64,864,22.587568,85.141738,0.6164,Mining
T45QUE,2021,832,7328,22.524247,85.770988,0.6164,Mining
T45QUE,2021,4352,9216,22.207595,85.956915,0.6164,Mining
T45QUE,2021,1152,2816,22.491404,85.33273,0.6164,Mining
T45QUE,2021,1120,5664,22.496921,85.609482,0.6164,Mining
T45QUE,2021,4832,6816,22.162582,85.724504,0.6163,Mining
T45QUE,2021,5824,10016,22.075106,86.035426,0.6163,Mining
T45QUE,2021,6048,5728,22.051896,85.620076,0.6163,Mining
T45QUE,2021,1472,352,22.459856,85.0937,0.6163,Mining
T45QUE,2021,192,2880,22.578158,85.337912,0.6163,Mining
T45QUE,2021,4160,960,22.217831,85.155959,0.6163,Mining
T45QUE,2021,2464,608,22.370579,85.119775,0.6162,Mining
T45QUE,2021,768,5184,22.528301,85.562501,0.6162,Mining
T45QUE,2021,6752,9344,21.990882,85.970905,0.6162,Mining
T45QUE,2021,10368,1952,21.658284,85.259001,0.6162,Mining
T45QUE,2021,3072,192,22.315207,85.080142,0.6162,Mining
T45QUE,2021,4064,4192,22.229752,85.469328,0.6162,Mining
T45QUE,2021,4032,5248,22.233574,85.571735,0.6162,Mining
T45QUE,2021,928,10400,22.517579,86.069719,0.6162,Mining
T45QUE,2021,7520,5536,21.918789,85.602776,0.6161,Mining
T45QUE,2021,1152,544,22.488969,85.11196,0.6161,Mining
T45QUE,2021,6240,9312,22.037112,85.96747,0.6161,Mining
T45QUE,2021,5440,8832,22.109075,85.920415,0.6161,Mining
T45QUE,2021,2144,192,22.398997,85.078993,0.6161,Mining
T45QUE,2021,704,10432,22.537831,86.072695,0.6161,Mining
T45QUE,2021,2432,3904,22.376871,85.439755,0.6161,Mining
T45QUE,2021,3776,6368,22.257614,85.680172,0.6161,Mining
T45QUE,2021,5600,800,22.087628,85.142151,0.6161,Mining
T45QUE,2021,3776,3584,22.255195,85.410058,0.616,Mining
T45QUE,2021,3488,4064,22.281653,85.456341,0.616,Mining
T45QUE,2021,0,7680,22.599651,85.804562,0.616,Mining
T45QUE,2021,6496,6496,22.012042,85.694857,0.616,Mining
T45QUE,2021,2912,896,22.330449,85.148269,0.616,Mining
T45QUE,2021,9376,6880,21.752199,85.73435,0.616,Mining
T45QUE,2021,6272,6592,22.032348,85.703972,0.6159,Mining
T45QUE,2021,672,3584,22.535506,85.406867,0.6159,Mining
T45QUE,2021,160,6048,22.58394,85.645959,0.6159,Mining
T45QUE,2021,7904,6912,21.885182,85.736277,0.6159,Mining
T45QUE,2021,2560,5888,22.367054,85.632528,0.6159,Mining
T45QUE,2021,640,448,22.535088,85.102001,0.6159,Mining
T45QUE,2021,7936,7680,21.882845,85.810628,0.6159,Mining
T45QUE,2021,6144,2656,22.040447,85.322565,0.6159,Mining
T45QUE,2021,2112,6944,22.40835,85.734707,0.6158,Mining
T45QUE,2021,6528,10240,22.011638,86.057557,0.6158,Mining
T45QUE,2021,1888,10784,22.431074,86.107609,0.6158,Mining
T45QUE,2021,6720,1632,21.987387,85.224026,0.6158,Mining
T45QUE,2021,2880,4960,22.337367,85.542719,0.6158,Mining
T45QUE,2021,1856,3136,22.42815,85.364573,0.6158,Mining
T45QUE,2021,5472,1056,22.099466,85.166805,0.6158,Mining
T45QUE,2021,2944,4960,22.331587,85.542779,0.6158,Mining
T45QUE,2021,1888,2880,22.425006,85.339742,0.6157,Mining
T45QUE,2021,3040,4192,22.32223,85.468321,0.6157,Mining
T45QUE,2021,576,4160,22.54472,85.462766,0.6157,Mining
T45QUE,2021,4384,7392,22.203474,85.780008,0.6157,Mining
T45QUE,2021,1920,9824,22.427641,86.014353,0.6156,Mining
T45QUE,2021,9696,3776,21.720731,85.434562,0.6156,Mining
T45QUE,2021,9184,8224,21.770485,85.864167,0.6156,Mining
T45QUE,2021,2944,4480,22.331161,85.496183,0.6156,Mining
T45QUE,2021,4032,2656,22.231171,85.320304,0.6156,Mining
T45QUE,2021,2400,1536,22.377379,85.209795,0.6156,Mining
T45QUE,2021,1408,3552,22.469011,85.404519,0.6156,Mining
T45QUE,2021,7264,1760,21.938395,85.237026,0.6155,Mining
T45QUE,2021,2016,7328,22.417309,85.771931,0.6155,Mining
T45QUE,2021,4640,4512,22.178021,85.500921,0.6155,Mining
T45QUE,2021,6784,8160,21.987232,85.856251,0.6155,Mining
T45QUE,2021,6816,5280,21.98216,85.577364,0.6155,Mining
T45QUE,2021,7424,3456,21.925625,85.401355,0.6155,Mining
T45QUE,2021,5664,7488,22.087929,85.790308,0.6154,Mining
T45QUE,2021,672,2432,22.534358,85.294883,0.6154,Mining
T45QUE,2021,2976,9824,22.332255,86.015025,0.6154,Mining
T45QUE,2021,3264,224,22.297908,85.083484,0.6154,Mining
T45QUE,2021,6816,1504,21.978583,85.211741,0.6154,Mining
T45QUE,2021,8000,1984,21.872162,85.259515,0.6154,Mining
T45QUE,2021,10208,7360,21.677394,85.781394,0.6154,Mining
T45QUE,2021,2944,5824,22.33232,85.626654,0.6154,Mining
T45QUE,2021,2080,5760,22.410299,85.619671,0.6153,Mining
T45QUE,2021,3680,4096,22.264343,85.459636,0.6153,Mining
T45QUE,2021,1344,10144,22.479857,86.045088,0.6153,Mining
T45QUE,2021,128,9472,22.589293,85.978966,0.6153,Mining
T45QUE,2021,5504,3200,22.098776,85.3746,0.6153,Mining
T45QUE,2021,224,1504,22.573829,85.204156,0.6152,Mining
T45QUE,2021,2176,7200,22.402763,85.759625,0.6152,Mining
T45QUE,2021,2336,3168,22.384835,85.368188,0.6152,Mining
T45QUE,2021,3488,4288,22.281859,85.478078,0.6152,Mining
T45QUE,2021,2368,192,22.378772,85.07927,0.6151,Mining
T45QUE,2021,1504,5536,22.462133,85.597391,0.6151,Mining
T45QUE,2021,2176,5824,22.401682,85.625973,0.6151,Mining
T45QUE,2021,8096,768,21.862208,85.141986,0.6151,Mining
T45QUE,2021,7712,960,21.897092,85.160114,0.6151,Mining
T45QUE,2021,1120,4992,22.496344,85.544169,0.615,Mining
T45QUE,2021,5728,9440,22.083439,85.97954,0.615,Mining
T45QUE,2021,3264,9696,22.306164,86.002782,0.615,Mining
T45QUE,2021,5600,5664,22.092306,85.61348,0.615,Mining
T45QUE,2021,6944,9664,21.97373,86.002021,0.615,Mining
T45QUE,2021,4544,7520,22.189115,85.792547,0.615,Mining
T45QUE,2021,1344,2624,22.473873,85.314283,0.615,Mining
T45QUE,2021,32,3904,22.593606,85.437324,0.6149,Mining
T45QUE,2021,928,9664,22.51715,85.998164,0.6149,Mining
T45QUE,2021,384,5472,22.563228,85.590147,0.6149,Mining
T45QUE,2021,1952,2240,22.418576,85.27765,0.6149,Mining
T45QUE,2021,8640,9440,21.820393,85.981416,0.6149,Mining
T45QUE,2021,1568,9056,22.458963,85.939494,0.6149,Mining
T45QUE,2021,768,10048,22.53183,86.035396,0.6149,Mining
T45QUE,2021,352,5056,22.565758,85.549665,0.6148,Mining
T45QUE,2021,5824,5568,22.071996,85.604376,0.6148,Mining
T45QUE,2021,7808,7552,21.894317,85.798143,0.6148,Mining
T45QUE,2021,9888,7808,21.706612,85.824455,0.6147,Mining
T45QUE,2021,3008,9888,22.329402,86.021259,0.6147,Mining
T45QUE,2021,3936,1280,22.238407,85.186732,0.6147,Mining
T45QUE,2021,7456,3424,21.922705,85.39829,0.6147,Mining
T45QUE,2021,2624,8096,22.362942,85.846992,0.6147,Mining
T45QUE,2021,704,5408,22.534274,85.584218,0.6147,Mining
T45QUE,2021,2944,1248,22.327946,85.182471,0.6146,Mining
T45QUE,2021,3392,4032,22.290293,85.453141,0.6146,Mining
T45QUE,2021,8928,8256,21.793631,85.86708,0.6146,Mining
T45QUE,2021,704,9344,22.537186,85.966903,0.6146,Mining
T45QUE,2021,896,3680,22.51537,85.41643,0.6146,Mining
T45QUE,2021,2048,3968,22.411609,85.445584,0.6146,Mining
T45QUE,2021,6848,5632,21.979562,85.611479,0.6146,Mining
T45QUE,2021,1568,5824,22.456593,85.625433,0.6146,Mining
T45QUE,2021,5664,6272,22.087015,85.672459,0.6145,Mining
T45QUE,2021,1568,6592,22.457212,85.700057,0.6145,Mining
T45QUE,2021,4992,5280,22.146898,85.575714,0.6145,Mining
T45QUE,2021,1952,9280,22.42442,85.961521,0.6145,Mining
T45QUE,2021,1056,10080,22.505834,86.038688,0.6145,Mining
T45QUE,2021,1728,3488,22.440051,85.398632,0.6145,Mining
T45QUE,2021,9728,6112,21.71982,85.660389,0.6145,Mining
T45QUE,2021,6624,6976,22.000844,85.741454,0.6144,Mining
T45QUE,2021,8512,7872,21.830949,85.829634,0.6144,Mining
T45QUE,2021,3584,4480,22.273362,85.496802,0.6144,Mining
T45QUE,2021,9696,6784,21.723223,85.725323,0.6144,Mining
T45QUE,2021,5344,10624,22.118803,86.094076,0.6144,Mining
T45QUE,2021,7168,2784,21.948098,85.336043,0.6144,Mining
T45QUE,2021,7040,9888,21.965188,86.023774,0.6144,Mining
T45QUE,2021,6848,3776,21.977943,85.431757,0.6143,Mining
T45QUE,2021,10656,5024,21.635119,85.556056,0.6143,Mining
T45QUE,2021,4960,10880,22.153627,86.118679,0.6143,Mining
T45QUE,2021,4928,7264,22.154245,85.768021,0.6143,Mining
T45QUE,2021,1440,7264,22.469286,85.765253,0.6143,Mining
T45QUE,2021,5792,8000,22.076727,85.840025,0.6142,Mining
T45QUE,2021,3072,736,22.315824,85.132933,0.6142,Mining
T45QUE,2021,608,7200,22.544383,85.758363,0.6142,Mining
T45QUE,2021,1856,9824,22.433422,86.014312,0.6142,Mining
T45QUE,2021,4704,10080,22.176314,86.040945,0.6142,Mining
T45QUE,2021,4672,10720,22.179558,86.102998,0.6142,Mining
T45QUE,2021,2048,4416,22.412021,85.489097,0.6142,Mining
T45QUE,2021,3744,10560,22.2633,86.086937,0.6142,Mining
T45QUE,2021,928,480,22.509121,85.105466,0.6142,Mining
T45QUE,2021,1184,4896,22.490479,85.5349,0.6142,Mining
T45QUE,2021,7808,9248,21.895433,85.962299,0.6142,Mining
T45QUE,2021,7936,800,21.876691,85.144895,0.6142,Mining
T45QUE,2021,10272,2464,21.667465,85.308363,0.6142,Mining
T45QUE,2021,10720,9664,21.632628,86.004381,0.6142,Mining
T45QUE,2021,2144,8544,22.406602,85.890153,0.6142,Mining
T45QUE,2021,5664,3008,22.08414,85.356161,0.6141,Mining
T45QUE,2021,2336,3136,22.384803,85.365081,0.6141,Mining
T45QUE,2021,9504,4704,21.738895,85.524083,0.6141,Mining
T45QUE,2021,1856,0,22.424778,85.059989,0.6141,Mining
T45QUE,2021,5504,7808,22.102608,85.821202,0.6141,Mining
T45QUE,2021,7744,4544,21.897714,85.506968,0.6141,Mining
T45QUE,2021,4160,896,22.217761,85.149752,0.614,Mining
T45QUE,2021,2624,3552,22.359199,85.405773,0.614,Mining
T45QUE,2021,7136,8448,21.955628,85.884393,0.614,Mining
T45QUE,2021,3872,4352,22.247237,85.484662,0.614,Mining
T45QUE,2021,3264,4480,22.302262,85.496493,0.614,Mining
T45QUE,2021,6656,2368,21.993922,85.295221,0.614,Mining
T45QUE,2021,7328,3328,21.934174,85.388868,0.6139,Mining
T45QUE,2021,1056,7232,22.503944,85.761835,0.6139,Mining
T45QUE,2021,3136,4064,22.313442,85.455992,0.6139,Mining
T45QUE,2021,1056,4064,22.501283,85.453915,0.6139,Mining
T45QUE,2021,4000,2496,22.2339,85.30475,0.6139,Mining
T45QUE,2021,2592,7040,22.36507,85.744421,0.6139,Mining
T45QUE,2021,5536,7264,22.099329,85.768498,0.6139,Mining
T45QUE,2021,2656,4800,22.357457,85.526973,0.6139,Mining
T45QUE,2021,8608,4416,21.819568,85.495398,0.6139,Mining
T45QUE,2021,2272,7712,22.394466,85.809432,0.6139,Mining
T45QUE,2021,480,160,22.549201,85.073808,0.6139,Mining
T45QUE,2021,2976,3968,22.327803,85.446514,0.6138,Mining
T45QUE,2021,3808,10464,22.257466,86.077659,0.6138,Mining
T45QUE,2021,7424,3392,21.925565,85.39516,0.6138,Mining
T45QUE,2021,1440,5568,22.46794,85.600442,0.6138,Mining
T45QUE,2021,6944,9184,21.973441,85.955535,0.6138,Mining
T45QUE,2021,2880,7136,22.33913,85.753975,0.6138,Mining
T45QUE,2021,5728,10464,22.084028,86.078789,0.6138,Mining
T45QUE,2021,6656,10400,22.000164,86.073132,0.6138,Mining
T45QUE,2021,4000,5984,22.237076,85.643107,0.6138,Mining
T45QUE,2021,256,2048,22.571522,85.257085,0.6138,Mining
T45QUE,2021,3840,6336,22.251808,85.677121,0.6138,Mining
T45QUE,2021,1568,6976,22.457508,85.737371,0.6138,Mining
T45QUE,2021,3776,544,22.252042,85.115153,0.6138,Mining
T45QUE,2021,3872,9152,22.250912,85.950384,0.6137,Mining
T45QUE,2021,544,1600,22.545038,85.213862,0.6137,Mining
T45QUE,2021,4384,1760,22.198465,85.233797,0.6137,Mining
T45QUE,2021,2944,4928,22.331559,85.539672,0.6137,Mining
T45QUE,2021,5152,9792,22.135679,86.013295,0.6137,Mining
T45QUE,2021,2176,10752,22.405042,86.104667,0.6137,Mining
T45QUE,2021,5504,3744,22.099291,85.427318,0.6137,Mining
T45QUE,2021,6016,4480,22.053722,85.499134,0.6136,Mining
T45QUE,2021,4096,4224,22.226891,85.472463,0.6136,Mining
T45QUE,2021,4512,10560,22.193925,86.087386,0.6136,Mining
T45QUE,2021,10240,8224,21.675096,85.864916,0.6136,Mining
T45QUE,2021,5440,5408,22.106544,85.588527,0.6135,Mining
T45QUE,2021,832,10080,22.526068,86.038548,0.6135,Mining
T45QUE,2021,128,352,22.581206,85.092034,0.6135,Mining
T45QUE,2021,4064,4160,22.229723,85.466224,0.6135,Mining
T45QUE,2021,5568,3040,22.092841,85.359161,0.6135,Mining
T45QUE,2021,1408,3232,22.4687,85.373427,0.6135,Mining
T45QUE,2021,6496,2592,22.008595,85.316741,0.6134,Mining
T45QUE,2021,7520,8512,21.920984,85.890859,0.6134,Mining
T45QUE,2021,2912,6560,22.3358,85.698079,0.6134,Mining
T45QUE,2021,7456,2432,21.921742,85.302277,0.6134,Mining
T45QUE,2021,128,4320,22.585326,85.477877,0.6134,Mining
T45QUE,2021,6720,10624,21.994504,86.094867,0.6134,Mining
T45QUE,2021,2528,4576,22.368817,85.505101,0.6134,Mining
T45QUE,2021,2816,1440,22.339712,85.200957,0.6134,Mining
T45QUE,2021,4032,10400,22.237196,86.071581,0.6134,Mining
T45QUE,2021,4352,2624,22.202242,85.317545,0.6134,Mining
T45QUE,2021,7584,6272,21.913598,85.674072,0.6134,Mining
T45QUE,2021,10624,4640,21.637683,85.518931,0.6133,Mining
T45QUE,2021,5024,6208,22.144769,85.665713,0.6133,Mining
T45QUE,2021,4352,7680,22.206572,85.807919,0.6133,Mining
T45QUE,2021,4576,8064,22.186607,85.845332,0.6133,Mining
T45QUE,2021,224,6048,22.57816,85.646016,0.6133,Mining
T45QUE,2021,7136,2752,21.950957,85.332912,0.6133,Mining
T45QUE,2021,5440,896,22.102181,85.151264,0.6133,Mining
T45QUE,2021,1056,2496,22.499749,85.301528,0.6133,Mining
T45QUE,2021,2912,9888,22.338074,86.021199,0.6133,Mining
T45QUE,2021,7168,10688,21.954068,86.101321,0.6132,Mining
T45QUE,2021,736,9728,22.534531,86.004262,0.6132,Mining
T45QUE,2021,3456,4160,22.284632,85.465625,0.6132,Mining
T45QUE,2021,2976,10272,22.332514,86.058523,0.6131,Mining
T45QUE,2021,3520,1600,22.276314,85.217295,0.6131,Mining
T45QUE,2021,3456,1760,22.282263,85.232746,0.6131,Mining
T45QUE,2021,4736,6592,22.171082,85.702704,0.6131,Mining
T45QUE,2021,1824,992,22.428796,85.156292,0.6131,Mining
T45QUE,2021,3744,6528,22.260629,85.69567,0.6131,Mining
T45QUE,2021,8032,5984,21.872907,85.646578,0.613,Mining
T45QUE,2021,7520,2464,21.915994,85.305443,0.613,Mining
T45QUE,2021,2272,1728,22.389143,85.22829,0.613,Mining
T45QUE,2021,4704,3616,22.171419,85.414105,0.613,Mining
T45QUE,2021,2528,5088,22.369269,85.554817,0.613,Mining
T45QUE,2021,1504,10464,22.465586,86.076287,0.613,Mining
T45QUE,2021,8544,9248,21.828949,85.962779,0.613,Mining
T45QUE,2021,6272,9408,22.03428,85.976793,0.613,Mining
T45QUE,2021,1344,4896,22.47603,85.535052,0.613,Mining
T45QUE,2021,2016,3424,22.413982,85.392715,0.6129,Mining
T45QUE,2021,544,1952,22.545415,85.24808,0.6129,Mining
T45QUE,2021,3968,2784,22.237079,85.332652,0.6129,Mining
T45QUE,2021,2016,4608,22.415085,85.507715,0.6129,Mining
T45QUE,2021,6848,6656,21.980371,85.710643,0.6129,Mining
T45QUE,2021,864,7392,22.521404,85.777235,0.6129,Mining
T45QUE,2021,2656,5824,22.358331,85.626399,0.6129,Mining
T45QUE,2021,9440,5312,21.745189,85.582804,0.6129,Mining
T45QUE,2021,9440,6592,21.746203,85.706555,0.6129,Mining
T45QUE,2021,7520,7584,21.920353,85.801023,0.6129,Mining
T45QUE,2021,3904,3328,22.243391,85.385354,0.6129,Mining
T45QUE,2021,4128,5024,22.224712,85.550095,0.6129,Mining
T45QUE,2021,10528,6880,21.648142,85.735259,0.6129,Mining
T45QUE,2021,5216,8800,22.129288,85.917159,0.6128,Mining
T45QUE,2021,3392,608,22.286786,85.120898,0.6128,Mining
T45QUE,2021,9408,1888,21.744914,85.251772,0.6128,Mining
T45QUE,2021,1056,1312,22.498494,85.18647,0.6128,Mining
T45QUE,2021,608,8416,22.545252,85.8766,0.6128,Mining
T45QUE,2021,1760,3936,22.437587,85.442186,0.6128,Mining
T45QUE,2021,3104,5664,22.317737,85.611264,0.6127,Mining
T45QUE,2021,10496,5056,21.649597,85.559004,0.6127,Mining
T45QUE,2021,5472,10464,22.107153,86.078639,0.6127,Mining
T45QUE,2021,8768,5152,21.805751,85.566732,0.6127,Mining
T45QUE,2021,1824,9888,22.436351,86.020511,0.6127,Mining
T45QUE,2021,6528,7552,22.009934,85.797171,0.6127,Mining
T45QUE,2021,928,9760,22.517208,86.007497,0.6127,Mining
T45QUE,2021,5760,6400,22.078444,85.684944,0.6127,Mining
T45QUE,2021,1248,6656,22.486163,85.706008,0.6127,Mining
T45QUE,2021,4960,5792,22.150215,85.625325,0.6126,Mining
T45QUE,2021,64,9888,22.595326,86.01939,0.6126,Mining
T45QUE,2021,8928,7808,21.793328,85.823749,0.6126,Mining
T45QUE,2021,4608,8032,22.183695,85.842253,0.6126,Mining
T45QUE,2021,160,9024,22.586119,85.935411,0.6126,Mining
T45QUE,2021,2720,4992,22.351845,85.545675,0.6126,Mining
T45QUE,2021,9216,8736,21.767927,85.913702,0.6126,Mining
T45QUE,2021,1888,10592,22.43097,86.088954,0.6126,Mining
T45QUE,2021,5664,352,22.08135,85.098823,0.6126,Mining
T45QUE,2021,2240,4192,22.394477,85.467531,0.6126,Mining
T45QUE,2021,1344,7584,22.478192,85.796276,0.6126,Mining
T45QUE,2021,2816,5824,22.34388,85.626541,0.6126,Mining
T45QUE,2021,5568,5984,22.095456,85.644466,0.6126,Mining
T45QUE,2021,3840,544,22.246263,85.11523,0.6125,Mining
T45QUE,2021,512,9856,22.554841,86.016564,0.6125,Mining
T45QUE,2021,3680,5632,22.265688,85.608673,0.6125,Mining
T45QUE,2021,2624,9920,22.364107,86.024125,0.6125,Mining
T45QUE,2021,1504,6112,22.46261,85.653361,0.6125,Mining
T45QUE,2021,9056,3360,21.778146,85.393711,0.6125,Mining
T45QUE,2021,5600,6720,22.093142,85.715824,0.6125,Mining
T45QUE,2021,8544,4224,21.825178,85.476766,0.6125,Mining
T45QUE,2021,4256,10848,22.217204,86.115177,0.6125,Mining
T45QUE,2021,4960,4800,22.149376,85.529149,0.6125,Mining
T45QUE,2021,2656,3040,22.355812,85.356098,0.6125,Mining
T45QUE,2021,5440,9632,22.109569,85.997966,0.6125,Mining
T45QUE,2021,4672,10464,22.179419,86.078169,0.6125,Mining
T45QUE,2021,6880,6336,21.977235,85.67968,0.6125,Mining
T45QUE,2021,4544,10400,22.190947,86.071885,0.6124,Mining
T45QUE,2021,3456,4256,22.284719,85.474941,0.6124,Mining
T45QUE,2021,10560,7456,21.645666,85.790937,0.6124,Mining
T45QUE,2021,1600,4256,22.452334,85.473114,0.6124,Mining
T45QUE,2021,2240,2464,22.3928,85.299723,0.6124,Mining
T45QUE,2021,1056,6016,22.502992,85.643638,0.6123,Mining
T45QUE,2021,8192,832,21.853609,85.148289,0.6123,Mining
T45QUE,2021,96,6560,22.590132,85.6957,0.6123,Mining
T45QUE,2021,10560,4256,21.643128,85.481775,0.6123,Mining
T45QUE,2021,6592,8896,22.005057,85.927404,0.6123,Mining
T45QUE,2021,4608,5952,22.182137,85.640532,0.6123,Mining
T45QUE,2021,3328,3520,22.295592,85.40339,0.6123,Mining
T45QUE,2021,896,9568,22.519982,85.988809,0.6123,Mining
T45QUE,2021,3264,7168,22.30447,85.757389,0.6122,Mining
T45QUE,2021,8384,8096,21.842663,85.851212,0.6122,Mining
T45QUE,2021,5440,10272,22.109938,86.060007,0.6122,Mining
T45QUE,2021,3584,4032,22.272954,85.453331,0.6122,Mining
T45QUE,2021,448,3200,22.55536,85.369301,0.6122,Mining
T45QUE,2021,3040,448,22.318389,85.104945,0.6122,Mining
T45QUE,2021,3232,4928,22.305549,85.539943,0.6122,Mining
T45QUE,2021,4416,9888,22.202218,86.022143,0.6122,Mining
T45QUE,2021,3712,10016,22.265885,86.034124,0.6122,Mining
T45QUE,2021,128,2432,22.583481,85.294279,0.6121,Mining
T45QUE,2021,1728,3808,22.440357,85.429719,0.6121,Mining
T45QUE,2021,1216,5440,22.488061,85.587799,0.6121,Mining
T45QUE,2021,2688,9344,22.357979,85.968229,0.6121,Mining
T45QUE,2021,8448,3168,21.832874,85.374527,0.6121,Mining
T45QUE,2021,6080,32,22.043424,85.068332,0.6121,Mining
T45QUE,2021,32,1792,22.591476,85.231936,0.6121,Mining
T45QUE,2021,5504,4448,22.099934,85.495545,0.6121,Mining
T45QUE,2021,576,6944,22.547079,85.733445,0.6121,Mining
T45QUE,2021,2784,4416,22.345553,85.489815,0.6121,Mining
T45QUE,2021,256,4768,22.574173,85.521568,0.6121,Mining
T45QUE,2021,6016,7264,22.055973,85.768874,0.6121,Mining
T45QUE,2021,1728,6688,22.442836,85.709519,0.612,Mining
T45QUE,2021,2144,1024,22.399937,85.159781,0.612,Mining
T45QUE,2021,5440,5792,22.106862,85.625745,0.612,Mining
T45QUE,2021,7808,3520,21.891005,85.407935,0.612,Mining
T45QUE,2021,2336,5024,22.386553,85.548423,0.612,Mining
T45QUE,2021,10464,7040,21.65404,85.750668,0.612,Mining
T45QUE,2021,7360,4000,21.931909,85.453947,0.612,Mining
T45QUE,2021,7712,4640,21.900688,85.516229,0.6119,Mining
T45QUE,2021,448,3552,22.555703,85.403524,0.6119,Mining
T45QUE,2021,4608,6080,22.18224,85.652945,0.6119,Mining
T45QUE,2021,1888,7296,22.428846,85.768721,0.6119,Mining
T45QUE,2021,7008,7040,21.966207,85.747957,0.6119,Mining
T45QUE,2021,3776,8416,22.259107,85.878898,0.6119,Mining
T45QUE,2021,10080,7744,21.689225,85.81841,0.6119,Mining
T45QUE,2021,6720,9600,21.993926,85.99568,0.6119,Mining
T45QUE,2021,6656,2688,21.994241,85.326208,0.6119,Mining
T45QUE,2021,6880,6048,21.977008,85.651791,0.6119,Mining
T45QUE,2021,5536,6272,22.098576,85.672351,0.6119,Mining
T45QUE,2021,10432,5760,21.655954,85.626966,0.6118,Mining
T45QUE,2021,1728,8192,22.443938,85.855652,0.6118,Mining
T45QUE,2021,4832,3680,22.15992,85.420439,0.6118,Mining
T45QUE,2021,5760,4128,22.076526,85.464782,0.6118,Mining
T45QUE,2021,2880,4992,22.337395,85.545825,0.6118,Mining
T45QUE,2021,3168,10240,22.315152,86.055533,0.6118,Mining
T45QUE,2021,128,9696,22.58943,86.000754,0.6117,Mining
T45QUE,2021,3328,6208,22.297949,85.664263,0.6117,Mining
T45QUE,2021,3456,10752,22.289419,86.105405,0.6117,Mining
T45QUE,2021,1472,8384,22.467192,85.874121,0.6117,Mining
T45QUE,2021,4000,1504,22.232868,85.208532,0.6117,Mining
T45QUE,2021,416,3488,22.558531,85.397268,0.6117,Mining
T45QUE,2021,2656,6304,22.358719,85.673006,0.6117,Mining
T45QUE,2021,9056,4960,21.779577,85.548425,0.6117,Mining
T45QUE,2021,576,10624,22.549499,86.091289,0.6117,Mining
T45QUE,2021,3296,448,22.295274,85.105257,0.6117,Mining
T45QUE,2021,2112,10720,22.410806,86.101521,0.6117,Mining
T45QUE,2021,6400,7552,22.021496,85.797073,0.6117,Mining
T45QUE,2021,1984,4832,22.418174,85.529443,0.6116,Mining
T45QUE,2021,2112,8576,22.409514,85.893239,0.6116,Mining
T45QUE,2021,3488,6688,22.283875,85.710983,0.6116,Mining
T45QUE,2021,6752,6624,21.989018,85.707465,0.6116,Mining
T45QUE,2021,2560,6976,22.367912,85.73818,0.6116,Mining
T45QUE,2021,5280,2592,22.118407,85.31544,0.6116,Mining
T45QUE,2021,2784,10112,22.349766,86.042869,0.6116,Mining
T45QUE,2021,4096,9984,22.23118,86.031257,0.6116,Mining
T45QUE,2021,4640,10336,22.182239,86.065735,0.6116,Mining
T45QUE,2021,3264,5568,22.303206,85.602089,0.6116,Mining
T45QUE,2021,1504,9120,22.464785,85.94567,0.6115,Mining
T45QUE,2021,7200,6624,21.948553,85.707831,0.6115,Mining
T45QUE,2021,736,7968,22.533381,85.833136,0.6115,Mining
T45QUE,2021,6720,2720,21.988493,85.329374,0.6115,Mining
T45QUE,2021,4064,9440,22.233747,85.978456,0.6115,Mining
T45QUE,2021,3808,4576,22.253218,85.506332,0.6115,Mining
T45QUE,2021,7264,3424,21.940045,85.398095,0.6114,Mining
T45QUE,2021,3136,576,22.309866,85.117483,0.6114,Mining
T45QUE,2021,2624,3744,22.359381,85.424414,0.6114,Mining
T45QUE,2021,9024,10272,21.786181,86.062133,0.6114,Mining
T45QUE,2021,3616,8896,22.273874,85.925366,0.6114,Mining
T45QUE,2021,7616,7584,21.911682,85.801095,0.6114,Mining
T45QUE,2021,4608,2304,22.178801,85.286794,0.6114,Mining
T45QUE,2021,6912,7520,21.975227,85.794364,0.6114,Mining
T45QUE,2021,4576,8768,22.187077,85.913612,0.6114,Mining
T45QUE,2021,5984,10624,22.060989,86.094444,0.6114,Mining
T45QUE,2021,576,5184,22.545641,85.562322,0.6114,Mining
T45QUE,2021,2528,2368,22.366695,85.290718,0.6113,Mining
T45QUE,2021,3552,9824,22.280226,86.01539,0.6113,Mining
T45QUE,2021,5792,320,22.069756,85.095877,0.6113,Mining
T45QUE,2021,5152,9952,22.135772,86.028808,0.6113,Mining
T45QUE,2021,3744,5888,22.260119,85.63357,0.6113,Mining
T45QUE,2021,4992,10432,22.150495,86.075254,0.6112,Mining
T45QUE,2021,3456,9440,22.288667,85.978057,0.6112,Mining
T45QUE,2021,704,4096,22.533101,85.456672,0.6112,Mining
T45QUE,2021,8032,6592,21.87338,85.705412,0.6112,Mining
T45QUE,2021,3232,6272,22.306671,85.670392,0.6112,Mining
T45QUE,2021,2560,10656,22.370303,86.095565,0.6112,Mining
T45QUE,2021,4512,8608,22.192754,85.898049,0.6112,Mining
T45QUE,2021,6400,9216,22.0226,85.958275,0.6111,Mining
T45QUE,2021,6432,3776,22.015513,85.431344,0.6111,Mining
T45QUE,2021,2848,6080,22.341199,85.651423,0.6111,Mining
T45QUE,2021,5184,9952,22.132881,86.028828,0.6111,Mining
T45QUE,2021,4480,9440,22.19617,85.978728,0.6111,Mining
T45QUE,2021,5920,10144,22.066507,86.04789,0.6111,Mining
T45QUE,2021,6944,2496,21.968042,85.307924,0.611,Mining
T45QUE,2021,2624,4160,22.359769,85.464804,0.611,Mining
T45QUE,2021,6336,4576,22.024906,85.508738,0.611,Mining
T45QUE,2021,2976,768,22.324528,85.135923,0.611,Mining
T45QUE,2021,6784,1664,21.981641,85.227196,0.611,Mining
T45QUE,2021,4032,5664,22.233924,85.612091,0.611,Mining
T45QUE,2021,3296,10624,22.303803,86.092887,0.611,Mining
T45QUE,2021,6752,8768,21.990523,85.915115,0.611,Mining
T45QUE,2021,9216,3808,21.764111,85.437186,0.611,Mining
T45QUE,2021,5984,7168,22.058793,85.759547,0.611,Mining
T45QUE,2021,5728,9952,22.083741,86.029164,0.611,Mining
T45QUE,2021,2272,10720,22.396353,86.101614,0.611,Mining
T45QUE,2021,3040,4352,22.322376,85.483852,0.611,Mining
T45QUE,2021,7200,2880,21.945302,85.34537,0.611,Mining
T45QUE,2021,2272,2880,22.39033,85.340154,0.611,Mining
T45QUE,2021,224,10304,22.581115,86.059955,0.6109,Mining
T45QUE,2021,3840,4416,22.250185,85.49084,0.6109,Mining
T45QUE,2021,6784,3424,21.983394,85.397609,0.6109,Mining
T45QUE,2021,3488,9504,22.285815,85.98429,0.6109,Mining
T45QUE,2021,2624,1152,22.356736,85.172777,0.6109,Mining
T45QUE,2021,5792,5600,22.074912,85.607448,0.6109,Mining
T45QUE,2021,6272,6080,22.031948,85.654372,0.6109,Mining
T45QUE,2021,1344,3200,22.474448,85.37025,0.6109,Mining
T45QUE,2021,2912,3168,22.332819,85.368794,0.6109,Mining
T45QUE,2021,3904,4608,22.244577,85.509528,0.6109,Mining
T45QUE,2021,5248,8096,22.125931,85.84893,0.6109,Mining
T45QUE,2021,10368,2208,21.658542,85.283732,0.6108,Mining
T45QUE,2021,9504,6816,21.74059,85.728264,0.6108,Mining
T45QUE,2021,6240,4576,22.033576,85.508647,0.6108,Mining
T45QUE,2021,5568,7936,22.096916,85.833656,0.6108,Mining
T45QUE,2021,448,3008,22.555169,85.350634,0.6108,Mining
T45QUE,2021,2016,928,22.411388,85.150306,0.6108,Mining
T45QUE,2021,9152,3584,21.769685,85.415466,0.6108,Mining
T45QUE,2021,4448,6976,22.197386,85.739709,0.6107,Mining
T45QUE,2021,3360,3392,22.292579,85.391001,0.6107,Mining
T45QUE,2021,3680,6176,22.266132,85.66146,0.6107,Mining
T45QUE,2021,5056,10688,22.144853,86.100115,0.6107,Mining
T45QUE,2021,2912,7328,22.336382,85.772641,0.6107,Mining
T45QUE,2021,1984,6880,22.419862,85.728385,0.6107,Mining
T45QUE,2021,6592,10304,22.005892,86.063795,0.6107,Mining
T45QUE,2021,32,1984,22.591681,85.250607,0.6107,Mining
T45QUE,2021,5696,10208,22.086777,86.053957,0.6107,Mining
T45QUE,2021,32,2496,22.592215,85.300396,0.6107,Mining
T45QUE,2021,9248,7264,21.764041,85.77138,0.6106,Mining
T45QUE,2021,480,3296,22.552564,85.378668,0.6106,Mining
T45QUE,2021,3296,5440,22.300209,85.589695,0.6106,Mining
T45QUE,2021,3168,2720,22.309258,85.325584,0.6106,Mining
T45QUE,2021,6880,7040,21.977769,85.747856,0.6106,Mining
T45QUE,2021,5216,9856,22.129935,86.01954,0.6106,Mining
T45QUE,2021,2272,4032,22.391439,85.452024,0.6105,Mining
T45QUE,2021,5728,5056,22.080235,85.554675,0.6105,Mining
T45QUE,2021,6688,2176,21.990838,85.276665,0.6105,Mining
T45QUE,2021,3488,9760,22.285969,86.009137,0.6105,Mining
T45QUE,2021,3840,4960,22.250667,85.543618,0.6105,Mining
T45QUE,2021,3200,3424,22.307059,85.393941,0.6105,Mining
T45QUE,2021,8064,9888,21.872687,86.024404,0.6105,Mining
T45QUE,2021,8320,7200,21.847818,85.764473,0.6105,Mining
T45QUE,2021,3296,8576,22.302569,85.894083,0.6104,Mining
T45QUE,2021,7456,8544,21.926786,85.893912,0.6104,Mining
T45QUE,2021,480,3616,22.552875,85.409779,0.6104,Mining
T45QUE,2021,352,6848,22.567236,85.723925,0.6104,Mining
T45QUE,2021,832,2496,22.519976,85.301281,0.6104,Mining
T45QUE,2021,128,7648,22.588067,85.801549,0.6104,Mining
T45QUE,2021,160,7808,22.585292,85.817136,0.6104,Mining
T45QUE,2021,2784,3360,22.344565,85.387298,0.6103,Mining
T45QUE,2021,4032,10784,22.237405,86.108841,0.6103,Mining
T45QUE,2021,384,928,22.558746,85.148347,0.6103,Mining
T45QUE,2021,3104,10176,22.320897,86.04928,0.6103,Mining
T45QUE,2021,4192,9248,22.222067,85.959912,0.6103,Mining
T45QUE,2021,8352,672,21.838987,85.133,0.6103,Mining
T45QUE,2021,1280,8768,22.48479,85.911304,0.6102,Mining
T45QUE,2021,3680,9472,22.268453,85.98131,0.6102,Mining
T45QUE,2021,1856,896,22.4258,85.147007,0.6102,Mining
T45QUE,2021,4960,10176,22.153243,86.050411,0.6102,Mining
T45QUE,2021,5536,4576,22.097158,85.50798,0.6102,Mining
T45QUE,2021,160,1184,22.579257,85.172967,0.6101,Mining
T45QUE,2021,1120,4960,22.496316,85.541059,0.6101,Mining
T45QUE,2021,608,10624,22.546609,86.091308,0.6101,Mining
T45QUE,2021,1728,160,22.436521,85.075368,0.6101,Mining
T45QUE,2021,2144,1536,22.400495,85.209499,0.6101,Mining
T45QUE,2021,9376,5440,21.751075,85.595122,0.6101,Mining
T45QUE,2021,3936,8896,22.244969,85.925587,0.61,Mining
T45QUE,2021,2112,544,22.402289,85.113133,0.61,Mining
T45QUE,2021,8288,4864,21.848859,85.538437,0.61,Mining
T45QUE,2021,4480,96,22.187966,85.072567,0.61,Mining
T45QUE,2021,3616,4032,22.270064,85.453363,0.61,Mining
T45QUE,2021,4800,5856,22.164718,85.63139,0.61,Mining
T45QUE,2021,32,10400,22.598513,86.069176,0.61,Mining
T45QUE,2021,5376,288,22.107282,85.092273,0.6099,Mining
T45QUE,2021,2240,3776,22.394089,85.427131,0.6099,Mining
T45QUE,2021,4384,3168,22.199889,85.370334,0.6099,Mining
T45QUE,2021,1568,6528,22.457162,85.693838,0.6099,Mining
T45QUE,2021,9248,8000,21.764554,85.842551,0.6099,Mining
T45QUE,2021,2368,2784,22.381565,85.330935,0.6099,Mining
T45QUE,2021,480,3104,22.552375,85.360001,0.6099,Mining
T45QUE,2021,32,9504,22.597984,85.982015,0.6099,Mining
T45QUE,2021,9056,5280,21.779846,85.579369,0.6099,Mining
T45QUE,2021,4160,3104,22.220055,85.363893,0.6099,Mining
T45QUE,2021,4128,8768,22.227544,85.913301,0.6099,Mining
T45QUE,2021,512,3840,22.550199,85.43159,0.6098,Mining
T45QUE,2021,1056,10016,22.505797,86.032466,0.6098,Mining
T45QUE,2021,2656,3616,22.35637,85.412019,0.6098,Mining
T45QUE,2021,5120,7392,22.136997,85.780581,0.6098,Mining
T45QUE,2021,3552,8416,22.279339,85.878737,0.6098,Mining
T45QUE,2021,6560,608,22.000731,85.124691,0.6098,Mining
T45QUE,2021,6720,10112,21.994222,86.045273,0.6098,Mining
T45QUE,2021,6272,6336,22.03215,85.679172,0.6098,Mining
T45QUE,2021,2720,1472,22.348415,85.203952,0.6097,Mining
T45QUE,2021,1632,32,22.44504,85.062816,0.6097,Mining
T45QUE,2021,1312,10176,22.482766,86.048179,0.6097,Mining
T45QUE,2021,1504,9216,22.464846,85.955,0.6097,Mining
T45QUE,2021,3328,10560,22.300877,86.086693,0.6097,Mining
T45QUE,2021,6080,10816,22.052419,86.113105,0.6097,Mining
T45QUE,2021,1824,3936,22.431808,85.44225,0.6097,Mining
T45QUE,2021,2624,2560,22.358221,85.309464,0.6097,Mining
T45QUE,2021,7936,4128,21.880004,85.466894,0.6097,Mining
T45QUE,2021,5952,7680,22.062052,85.809134,0.6097,Mining
T45QUE,2021,6784,6848,21.986297,85.729185,0.6096,Mining
T45QUE,2021,2336,4160,22.385778,85.464518,0.6096,Mining
T45QUE,2021,416,2432,22.557475,85.294599,0.6096,Mining
T45QUE,2021,2560,3104,22.364544,85.36221,0.6095,Mining
T45QUE,2021,4576,4352,22.183658,85.485344,0.6095,Mining
T45QUE,2021,6144,3424,22.041192,85.396959,0.6095,Mining
T45QUE,2021,4832,3776,22.16001,85.429747,0.6095,Mining
T45QUE,2021,896,3904,22.515582,85.438202,0.6095,Mining
T45QUE,2021,7904,7616,21.88569,85.80441,0.6095,Mining
T45QUE,2021,4384,2336,22.199061,85.289652,0.6095,Mining
T45QUE,2021,1472,3808,22.463475,85.429458,0.6095,Mining
T45QUE,2021,3008,1440,22.322375,85.201179,0.6094,Mining
T45QUE,2021,7040,1920,21.958789,85.252266,0.6094,Mining
T45QUE,2021,3680,9792,22.268645,86.012365,0.6094,Mining
T45QUE,2021,7488,7200,21.922969,85.763825,0.6094,Mining
T45QUE,2021,4096,2720,22.225456,85.326581,0.6094,Mining
T45QUE,2021,1824,6688,22.434165,85.709599,0.6094,Mining
T45QUE,2021,6048,6176,22.052256,85.663482,0.6094,Mining
T45QUE,2021,864,2624,22.517217,85.313757,0.6094,Mining
T45QUE,2021,5792,5856,22.075122,85.632255,0.6094,Mining
T45QUE,2021,9280,6848,21.760846,85.73118,0.6094,Mining
T45QUE,2021,1504,928,22.457619,85.149693,0.6093,Mining
T45QUE,2021,4832,9152,22.164197,85.951028,0.6093,Mining
T45QUE,2021,2560,3328,22.364762,85.383958,0.6093,Mining
T45QUE,2021,1600,2880,22.451013,85.339432,0.6093,Mining
T45QUE,2021,2048,8320,22.415122,85.868323,0.6093,Mining
T45QUE,2021,6048,10240,22.054998,86.05727,0.6093,Mining
T45QUE,2021,864,544,22.514973,85.111606,0.6093,Mining
T45QUE,2021,4992,8032,22.14901,85.842536,0.6092,Mining
T45QUE,2021,2400,8896,22.38371,85.924525,0.6092,Mining
T45QUE,2021,6272,7232,22.032827,85.765974,0.6092,Mining
T45QUE,2021,3072,4224,22.319369,85.471459,0.6092,Mining
T45QUE,2021,7808,3904,21.891361,85.445094,0.6092,Mining
T45QUE,2021,9632,6848,21.729052,85.731459,0.6092,Mining
T45QUE,2021,1216,5504,22.488116,85.594019,0.6092,Mining
T45QUE,2021,10912,4384,21.611449,85.49447,0.6092,Mining
T45QUE,2021,6432,8768,22.019428,85.914895,0.6092,Mining
T45QUE,2021,576,3424,22.54402,85.391213,0.6092,Mining
T45QUE,2021,7072,6688,21.960163,85.713924,0.6092,Mining
T45QUE,2021,928,10432,22.517597,86.07283,0.6091,Mining
T45QUE,2021,3520,8608,22.282357,85.897348,0.6091,Mining
T45QUE,2021,0,2944,22.59556,85.343928,0.6091,Mining
T45QUE,2021,6304,9376,22.03137,85.973713,0.6091,Mining
T45QUE,2021,7936,4096,21.879975,85.463798,0.6091,Mining
T45QUE,2021,5216,10208,22.130137,86.053668,0.6091,Mining
T45QUE,2021,7008,10400,21.968366,86.073339,0.6091,Mining
T45QUE,2021,7040,7776,21.963845,85.819251,0.6091,Mining
T45QUE,2021,2016,6176,22.41642,85.660024,0.6091,Mining
T45QUE,2021,32,6464,22.595837,85.686308,0.6091,Mining
T45QUE,2021,2048,10720,22.416587,86.101484,0.6091,Mining
T45QUE,2021,2688,224,22.349916,85.082773,0.6091,Mining
T45QUE,2021,6880,2016,21.973336,85.261383,0.6091,Mining
T45QUE,2021,3584,6144,22.274777,85.658272,0.6091,Mining
T45QUE,2021,10336,9504,21.667224,85.988681,0.609,Mining
T45QUE,2021,2816,3392,22.341706,85.390438,0.609,Mining
T45QUE,2021,2880,1152,22.333621,85.173078,0.6089,Mining
T45QUE,2021,5088,9568,22.141327,85.991535,0.6089,Mining
T45QUE,2021,6816,3168,21.98026,85.372854,0.6089,Mining
T45QUE,2021,1536,4224,22.458084,85.469942,0.6089,Mining
T45QUE,2021,2176,6528,22.402249,85.694352,0.6089,Mining
T45QUE,2021,7648,9088,21.909788,85.946706,0.6089,Mining
T45QUE,2021,992,4448,22.507417,85.491173,0.6089,Mining
T45QUE,2021,2944,10176,22.33535,86.049182,0.6089,Mining
T45QUE,2021,8832,7808,21.802,85.823678,0.6089,Mining
T45QUE,2021,8384,3936,21.839369,85.448753,0.6088,Mining
T45QUE,2021,10400,4320,21.657636,85.487807,0.6088,Mining
T45QUE,2021,1600,6304,22.454094,85.6721,0.6088,Mining
T45QUE,2021,2656,8128,22.360074,85.850123,0.6088,Mining
T45QUE,2021,8416,7872,21.83962,85.829563,0.6088,Mining
T45QUE,2021,1152,7712,22.495625,85.808568,0.6088,Mining
T45QUE,2021,4640,10848,22.182516,86.115395,0.6088,Mining
T45QUE,2021,4672,6720,22.176961,85.715064,0.6088,Mining
T45QUE,2021,5504,928,22.096437,85.15444,0.6087,Mining
T45QUE,2021,4576,5344,22.184524,85.581542,0.6087,Mining
T45QUE,2021,3968,4832,22.238995,85.53132,0.6087,Mining
T45QUE,2021,6112,7424,22.047418,85.784451,0.6087,Mining
T45QUE,2021,6688,10624,21.997394,86.094849,0.6087,Mining
T45QUE,2021,3040,6496,22.324189,85.691973,0.6086,Mining
T45QUE,2021,5504,8000,22.102741,85.839812,0.6086,Mining
T45QUE,2021,7136,5344,21.953312,85.583848,0.6086,Mining
T45QUE,2021,0,4128,22.596707,85.459076,0.6086,Mining
T45QUE,2021,5120,9728,22.138532,86.007069,0.6086,Mining
T45QUE,2021,96,2368,22.586304,85.28802,0.6085,Mining
T45QUE,2021,4544,7680,22.18923,85.808065,0.6085,Mining
T45QUE,2021,608,5184,22.542751,85.562352,0.6085,Mining
T45QUE,2021,7584,8128,21.914948,85.853731,0.6085,Mining
T45QUE,2021,160,5568,22.58354,85.599277,0.6085,Mining
T45QUE,2021,416,10400,22.563827,86.069409,0.6085,Mining
T45QUE,2021,3264,8928,22.305689,85.92823,0.6085,Mining
T45QUE,2021,7616,8384,21.912228,85.878535,0.6085,Mining
T45QUE,2021,1472,3520,22.4632,85.401476,0.6084,Mining
T45QUE,2021,2080,6816,22.411143,85.722247,0.6084,Mining
T45QUE,2021,192,5536,22.580623,85.596194,0.6084,Mining
T45QUE,2021,5760,10592,22.081207,86.091214,0.6084,Mining
T45QUE,2021,7552,8000,21.917752,85.841317,0.6083,Mining
T45QUE,2021,288,10592,22.575496,86.088007,0.6083,Mining
T45QUE,2021,1504,3712,22.460494,85.420164,0.6083,Mining
T45QUE,2021,3584,10400,22.277664,86.071314,0.6083,Mining
T45QUE,2021,4800,9856,22.167513,86.01928,0.6083,Mining
T45QUE,2021,3392,5792,22.291832,85.623944,0.6083,Mining
T45QUE,2021,4000,6144,22.237205,85.65863,0.6083,Mining
T45QUE,2021,1312,5504,22.479446,85.594107,0.6082,Mining
T45QUE,2021,4640,6464,22.179653,85.690211,0.6082,Mining
T45QUE,2021,2848,9024,22.343326,85.937264,0.6081,Mining
T45QUE,2021,8416,5376,21.83773,85.588085,0.6081,Mining
T45QUE,2021,6880,3904,21.975171,85.444183,0.608,Mining
T45QUE,2021,4064,9152,22.233569,85.950513,0.608,Mining
T45QUE,2021,9152,7808,21.773094,85.823914,0.608,Mining
T45QUE,2021,5664,3680,22.084782,85.421277,0.608,Mining
T45QUE,2021,6944,7904,21.972605,85.831575,0.608,Mining
T45QUE,2021,3936,1408,22.238545,85.199147,0.608,Mining
T45QUE,2021,8768,8576,21.808293,85.89792,0.608,Mining
T45QUE,2021,800,6688,22.52665,85.708742,0.6079,Mining
T45QUE,2021,1120,2304,22.493772,85.282941,0.6079,Mining
T45QUE,2021,1600,4096,22.452186,85.457569,0.6079,Mining
T45QUE,2021,5056,10368,22.144679,86.069086,0.6079,Mining
T45QUE,2021,3040,832,22.31882,85.142211,0.6079,Mining
T45QUE,2021,5472,8832,22.106185,85.920437,0.6078,Mining
T45QUE,2021,672,992,22.532814,85.154914,0.6078,Mining
T45QUE,2021,3936,10880,22.246127,86.118101,0.6078,Mining
T45QUE,2021,2944,864,22.327524,85.145202,0.6078,Mining
T45QUE,2021,2624,10464,22.364417,86.076956,0.6078,Mining
T45QUE,2021,5824,9344,22.074709,85.970299,0.6078,Mining
T45QUE,2021,2336,5088,22.386609,85.554638,0.6078,Mining
T45QUE,2021,7104,9184,21.958988,85.95564,0.6077,Mining
T45QUE,2021,1664,9376,22.450493,85.970656,0.6077,Mining
T45QUE,2021,8672,6912,21.815812,85.736887,0.6077,Mining
T45QUE,2021,6592,2464,21.999798,85.304449,0.6077,Mining
T45QUE,2021,2528,5600,22.369705,85.604534,0.6077,Mining
T45QUE,2021,256,128,22.569389,85.070416,0.6077,Mining
T45QUE,2021,896,1184,22.512801,85.173842,0.6077,Mining
T45QUE,2021,1056,1152,22.498318,85.170922,0.6077,Mining
T45QUE,2021,1312,1792,22.475897,85.233408,0.6076,Mining
T45QUE,2021,7744,288,21.893463,85.095132,0.6076,Mining
T45QUE,2021,704,608,22.529492,85.11763,0.6076,Mining
T45QUE,2021,3904,10112,22.248597,86.043558,0.6076,Mining
T45QUE,2021,3008,5632,22.32638,85.608072,0.6076,Mining
T45QUE,2021,1280,4384,22.48135,85.485236,0.6075,Mining
T45QUE,2021,6720,864,21.986565,85.149667,0.6075,Mining
T45QUE,2021,10432,5312,21.655591,85.583681,0.6075,Mining
T45QUE,2021,5344,10400,22.118681,86.072359,0.6075,Mining
T45QUE,2021,5184,4928,22.129256,85.541767,0.6075,Mining
T45QUE,2021,10272,8096,21.67212,85.852568,0.6075,Mining
T45QUE,2021,1088,7040,22.50091,85.743198,0.6075,Mining
T45QUE,2021,3200,1376,22.304969,85.195191,0.6075,Mining
T45QUE,2021,9888,9568,21.707731,85.994585,0.6075,Mining
T45QUE,2021,7008,5760,21.965215,85.624014,0.6075,Mining
T45QUE,2021,2464,8832,22.377888,85.918353,0.6074,Mining
T45QUE,2021,10752,4832,21.626286,85.537595,0.6074,Mining
T45QUE,2021,9600,5184,21.730632,85.570572,0.6074,Mining
T45QUE,2021,1152,10176,22.497218,86.04808,0.6074,Mining
T45QUE,2021,4544,9216,22.190252,85.957043,0.6074,Mining
T45QUE,2021,5952,5984,22.060774,85.644796,0.6074,Mining
T45QUE,2021,5312,3552,22.116451,85.408517,0.6073,Mining
T45QUE,2021,1856,8032,22.432266,85.840201,0.6073,Mining
T45QUE,2021,5664,10080,22.089595,86.041531,0.6073,Mining
T45QUE,2021,864,7200,22.521262,85.75857,0.6073,Mining
T45QUE,2021,6912,6240,21.974269,85.670411,0.6073,Mining
T45QUE,2021,6016,10752,22.058167,86.106867,0.6073,Mining
T45QUE,2021,4640,9856,22.181966,86.01918,0.6073,Mining
T45QUE,2021,1856,3840,22.428828,85.432957,0.6073,Mining
T45QUE,2021,5664,7136,22.087673,85.756193,0.6072,Mining
T45QUE,2021,8992,4992,21.785384,85.551461,0.6072,Mining
T45QUE,2021,5600,8480,22.094394,85.886407,0.6072,Mining
T45QUE,2021,6464,1600,22.01047,85.220639,0.6072,Mining
T45QUE,2021,8800,9760,21.806127,86.012473,0.6072,Mining
T45QUE,2021,512,1216,22.547509,85.176497,0.6072,Mining
T45QUE,2021,6432,4896,22.016515,85.539824,0.6072,Mining
T45QUE,2021,256,9600,22.57781,85.9915,0.6072,Mining
T45QUE,2021,2752,8128,22.351403,85.850194,0.6072,Mining
T45QUE,2021,3040,672,22.318642,85.126683,0.6072,Mining
T45QUE,2021,2976,4192,22.32801,85.468258,0.6072,Mining
T45QUE,2021,7360,1824,21.929793,85.243327,0.6071,Mining
T45QUE,2021,992,1664,22.504655,85.220602,0.6071,Mining
T45QUE,2021,1792,10336,22.439499,86.064022,0.6071,Mining
T45QUE,2021,64,3040,22.589877,85.353333,0.6071,Mining
T45QUE,2021,2016,5440,22.415811,85.588531,0.6071,Mining
T45QUE,2021,1856,10560,22.433843,86.085826,0.6071,Mining
T45QUE,2021,2496,7840,22.374325,85.822035,0.607,Mining
T45QUE,2021,1600,8064,22.455411,85.843119,0.607,Mining
T45QUE,2021,1120,6464,22.497573,85.687238,0.607,Mining
T45QUE,2021,6432,9216,22.01971,85.958296,0.6069,Mining
T45QUE,2021,8704,7520,21.813361,85.795725,0.6069,Mining
T45QUE,2021,2048,6784,22.414008,85.719112,0.6069,Mining
T45QUE,2021,7104,2400,21.953497,85.298802,0.6069,Mining
T45QUE,2021,8832,5120,21.799944,85.563695,0.6069,Mining
T45QUE,2021,4352,4800,22.204286,85.528577,0.6069,Mining
T45QUE,2021,6976,4992,21.967465,85.549622,0.6069,Mining
T45QUE,2021,6624,7296,22.001079,85.772448,0.6069,Mining
T45QUE,2021,224,1920,22.574276,85.244603,0.6069,Mining
T45QUE,2021,4576,7328,22.186086,85.773951,0.6069,Mining
T45QUE,2021,4384,2208,22.19893,85.277239,0.6069,Mining
T45QUE,2021,4928,9600,22.155799,85.994535,0.6069,Mining
T45QUE,2021,1728,416,22.436815,85.100232,0.6068,Mining
T45QUE,2021,4832,10080,22.164751,86.041023,0.6068,Mining
T45QUE,2021,5120,7744,22.137248,85.814708,0.6068,Mining
T45QUE,2021,2944,4416,22.331104,85.48997,0.6068,Mining
T45QUE,2021,3680,1696,22.261968,85.226791,0.6068,Mining
T45QUE,2021,9632,7488,21.729514,85.793331,0.6067,Mining
T45QUE,2021,5120,10528,22.138985,86.084638,0.6067,Mining
T45QUE,2021,3392,6080,22.292066,85.651895,0.6067,Mining
T45QUE,2021,6496,9248,22.013948,85.961438,0.6067,Mining
T45QUE,2021,1600,4192,22.452275,85.466896,0.6067,Mining
T45QUE,2021,2304,3776,22.38831,85.427196,0.6067,Mining
T45QUE,2021,7552,6112,21.916363,85.658558,0.6067,Mining
T45QUE,2021,4928,10368,22.156241,86.06901,0.6067,Mining
T45QUE,2021,6752,5312,21.987968,85.580405,0.6067,Mining
T45QUE,2021,3584,480,22.269306,85.108712,0.6067,Mining
T45QUE,2021,3424,10240,22.292028,86.055688,0.6067,Mining
T45QUE,2021,1216,5760,22.488331,85.618899,0.6066,Mining
T45QUE,2021,7392,3520,21.928575,85.407517,0.6066,Mining
T45QUE,2021,704,1888,22.530899,85.242041,0.6066,Mining
T45QUE,2021,2112,2976,22.404874,85.349305,0.6066,Mining
T45QUE,2021,992,5408,22.508264,85.584483,0.6066,Mining
T45QUE,2021,6880,6560,21.977408,85.701372,0.6066,Mining
T45QUE,2021,1088,6528,22.500514,85.693432,0.6066,Mining
T45QUE,2021,4096,8480,22.230245,85.885337,0.6065,Mining
T45QUE,2021,4672,10912,22.179659,86.12162,0.6065,Mining
T45QUE,2021,1760,9568,22.44194,85.989376,0.6065,Mining
T45QUE,2021,10496,3680,21.648391,85.426068,0.6065,Mining
T45QUE,2021,1440,10880,22.471593,86.116681,0.6065,Mining
T45QUE,2021,5440,1984,22.10334,85.256693,0.6065,Mining
T45QUE,2021,2272,32,22.387255,85.063617,0.6065,Mining
T45QUE,2021,1824,64,22.427742,85.066164,0.6065,Mining
T45QUE,2021,2464,1856,22.371941,85.240937,0.6064,Mining
T45QUE,2021,6048,4160,22.050545,85.468163,0.6064,Mining
T45QUE,2021,9088,6144,21.777652,85.662947,0.6064,Mining
T45QUE,2021,2304,3424,22.387974,85.393014,0.6064,Mining
T45QUE,2021,2304,2880,22.38744,85.340188,0.6064,Mining
T45QUE,2021,2944,2208,22.328965,85.275646,0.6064,Mining
T45QUE,2021,5056,7360,22.142754,85.777429,0.6064,Mining
T45QUE,2021,3712,1664,22.259045,85.223723,0.6064,Mining
T45QUE,2021,1312,1568,22.475657,85.211644,0.6064,Mining
T45QUE,2021,2528,7040,22.37085,85.744369,0.6064,Mining
T45QUE,2021,3936,4160,22.241283,85.466098,0.6063,Mining
T45QUE,2021,3744,512,22.254895,85.11201,0.6063,Mining
T45QUE,2021,6208,8064,22.039195,85.846532,0.6063,Mining
T45QUE,2021,5504,5536,22.100871,85.60099,0.6063,Mining
T45QUE,2021,640,576,22.535234,85.114442,0.6063,Mining
T45QUE,2021,5504,7360,22.102289,85.777778,0.6063,Mining
T45QUE,2021,5504,4320,22.099819,85.48314,0.6063,Mining
T45QUE,2021,6464,224,22.00897,85.087393,0.6063,Mining
T45QUE,2021,1568,5440,22.456271,85.588121,0.6063,Mining
T45QUE,2021,2144,3904,22.402879,85.439465,0.6062,Mining
T45QUE,2021,1856,10432,22.433772,86.073388,0.6062,Mining
T45QUE,2021,6432,7296,22.018422,85.772299,0.6062,Mining
T45QUE,2021,416,1568,22.556562,85.210602,0.6062,Mining
T45QUE,2021,5824,10400,22.075321,86.072643,0.6062,Mining
T45QUE,2021,256,6048,22.57527,85.646044,0.6062,Mining
T45QUE,2021,2784,5920,22.346849,85.635833,0.6062,Mining
T45QUE,2021,2560,7040,22.36796,85.744395,0.6062,Mining
T45QUE,2021,10560,1568,21.640552,85.222118,0.6061,Mining
T45QUE,2021,4928,4576,22.152068,85.507402,0.6061,Mining
T45QUE,2021,1152,5312,22.493732,85.5753,0.6061,Mining
T45QUE,2021,10208,8544,21.678195,85.895819,0.6061,Mining
T45QUE,2021,1216,10336,22.491529,86.063672,0.6061,Mining
T45QUE,2021,1472,1216,22.460826,85.177633,0.6061,Mining
T45QUE,2021,2368,576,22.37921,85.116552,0.6061,Mining
T45QUE,2021,4672,7744,22.177713,85.814369,0.6061,Mining
T45QUE,2021,576,9984,22.549135,86.029052,0.6061,Mining
T45QUE,2021,2112,10912,22.410909,86.120174,0.6061,Mining
T45QUE,2021,608,8288,22.545165,85.864154,0.6061,Mining
T45QUE,2021,1280,3584,22.4806,85.407496,0.6061,Mining
T45QUE,2021,1184,8992,22.493607,85.933009,0.606,Mining
T45QUE,2021,6304,9184,22.031252,85.955111,0.606,Mining
T45QUE,2021,672,4640,22.53649,85.509525,0.606,Mining
T45QUE,2021,1568,5312,22.456162,85.575684,0.606,Mining
T45QUE,2021,320,5952,22.569411,85.636765,0.6059,Mining
T45QUE,2021,5088,9408,22.141231,85.976022,0.6059,Mining
T45QUE,2021,1536,960,22.454765,85.15284,0.6059,Mining
T45QUE,2021,416,8544,22.562681,85.888908,0.6059,Mining
T45QUE,2021,3104,6816,22.318656,85.72309,0.6059,Mining
T45QUE,2021,5728,5568,22.080666,85.60429,0.6058,Mining
T45QUE,2021,5248,7936,22.12582,85.833419,0.6058,Mining
T45QUE,2021,6240,9568,22.037266,85.992274,0.6058,Mining
T45QUE,2021,3168,2656,22.309194,85.319373,0.6058,Mining
T45QUE,2021,5664,10400,22.089774,86.072548,0.6058,Mining
T45QUE,2021,9088,8576,21.779387,85.898141,0.6058,Mining
T45QUE,2021,5504,9408,22.103653,85.976293,0.6058,Mining
T45QUE,2021,3328,5632,22.297479,85.608358,0.6058,Mining
T45QUE,2021,5600,2880,22.089795,85.343691,0.6057,Mining
T45QUE,2021,4896,5344,22.155623,85.581832,0.6057,Mining
T45QUE,2021,3776,6336,22.257589,85.677067,0.6057,Mining
T45QUE,2021,0,10176,22.601275,86.047366,0.6057,Mining
T45QUE,2021,4640,7968,22.18076,85.836069,0.6056,Mining
T45QUE,2021,992,1280,22.504238,85.183285,0.6056,Mining
T45QUE,2021,6944,6240,21.971379,85.670438,0.6056,Mining
T45QUE,2021,7232,2624,21.942161,85.320622,0.6056,Mining
T45QUE,2021,5184,7616,22.131377,85.802347,0.6056,Mining
T45QUE,2021,10144,3840,21.680328,85.441184,0.6056,Mining
T45QUE,2021,5120,5696,22.135685,85.616159,0.6056,Mining
T45QUE,2021,3360,4320,22.293447,85.481058,0.6055,Mining
T45QUE,2021,4544,7488,22.189092,85.789444,0.6055,Mining
T45QUE,2021,2016,10752,22.419495,86.104574,0.6055,Mining
T45QUE,2021,8832,4416,21.799337,85.495609,0.6055,Mining
T45QUE,2021,3488,5536,22.282949,85.599185,0.6055,Mining
T45QUE,2021,1856,6496,22.431125,85.690973,0.6055,Mining
T45QUE,2021,128,10304,22.589787,86.059896,0.6055,Mining
T45QUE,2021,5664,6624,22.087288,85.706573,0.6055,Mining
T45QUE,2021,8064,2912,21.867307,85.349366,0.6055,Mining
T45QUE,2021,5824,8224,22.073989,85.861756,0.6055,Mining
T45QUE,2021,6400,9088,22.022521,85.945874,0.6055,Mining
T45QUE,2021,384,3680,22.561606,85.415902,0.6054,Mining
T45QUE,2021,5408,2720,22.106976,85.327982,0.6054,Mining
T45QUE,2021,1184,9824,22.494122,86.013883,0.6054,Mining
T45QUE,2021,640,2400,22.537215,85.291737,0.6054,Mining
T45QUE,2021,2688,7776,22.356937,85.815966,0.6054,Mining
T45QUE,2021,8864,8096,21.799305,85.851558,0.6054,Mining
T45QUE,2021,7552,8512,21.918093,85.890881,0.6054,Mining
T45QUE,2021,2560,6656,22.367666,85.707106,0.6054,Mining
T45QUE,2021,6656,4224,21.995692,85.474952,0.6054,Mining
T45QUE,2021,6432,10880,22.020655,86.119504,0.6053,Mining
T45QUE,2021,512,8288,22.553836,85.864083,0.6053,Mining
T45QUE,2021,3072,9376,22.323313,85.971591,0.6053,Mining
T45QUE,2021,1184,288,22.485786,85.087126,0.6053,Mining
T45QUE,2021,1184,8256,22.493117,85.861469,0.6053,Mining
T45QUE,2021,1472,8000,22.466927,85.836803,0.6053,Mining
T45QUE,2021,5792,9440,22.077658,85.979582,0.6053,Mining
T45QUE,2021,2112,6080,22.407672,85.650782,0.6053,Mining
T45QUE,2021,1536,4480,22.458318,85.494815,0.6053,Mining
T45QUE,2021,6752,6976,21.989283,85.741556,0.6053,Mining
T45QUE,2021,832,2528,22.520009,85.304391,0.6053,Mining
T45QUE,2021,2112,3264,22.405157,85.377275,0.6052,Mining
T45QUE,2021,1216,6016,22.488542,85.643779,0.6052,Mining
T45QUE,2021,3008,8384,22.328455,85.875238,0.6052,Mining
T45QUE,2021,7264,7744,21.943589,85.81632,0.6052,Mining
T45QUE,2021,1984,1440,22.414839,85.199991,0.6052,Mining
T45QUE,2021,2432,3648,22.376629,85.414897,0.6052,Mining
T45QUE,2021,2016,2176,22.41273,85.271506,0.6052,Mining
T45QUE,2021,288,2176,22.568767,85.269567,0.6051,Mining
T45QUE,2021,5248,8064,22.125909,85.845828,0.6051,Mining
T45QUE,2021,3520,4480,22.279142,85.49674,0.6051,Mining
T45QUE,2021,9280,10016,21.762913,86.037527,0.6051,Mining
T45QUE,2021,6720,10144,21.99424,86.048373,0.6051,Mining
T45QUE,2021,4768,3296,22.165335,85.383144,0.6051,Mining
T45QUE,2021,2880,8704,22.340229,85.906215,0.6051,Mining
T45QUE,2021,2848,5792,22.340964,85.623462,0.6051,Mining
T45QUE,2021,5856,8000,22.070946,85.840072,0.605,Mining
T45QUE,2021,7712,8704,21.903765,85.909578,0.605,Mining
T45QUE,2021,1152,960,22.489437,85.15238,0.605,Mining
T45QUE,2021,3584,6400,22.27498,85.683114,0.605,Mining
T45QUE,2021,2464,4448,22.374482,85.492611,0.605,Mining
T45QUE,2021,9056,7872,21.78181,85.830033,0.605,Mining
T45QUE,2021,4512,9472,22.193299,85.981852,0.605,Mining
T45QUE,2021,7904,7776,21.885802,85.819895,0.605,Mining
T45QUE,2021,2848,6048,22.341173,85.648316,0.6049,Mining
T45QUE,2021,2880,10624,22.34138,86.092644,0.6049,Mining
T45QUE,2021,6048,8960,22.054237,85.933236,0.6049,Mining
T45QUE,2021,6144,7520,22.044596,85.793777,0.6049,Mining
T45QUE,2021,5536,10496,22.10139,86.081779,0.6049,Mining
T45QUE,2021,6592,7264,22.003946,85.769324,0.6049,Mining
T45QUE,2021,7808,2528,21.890049,85.311943,0.6049,Mining
T45QUE,2021,3712,2688,22.260101,85.323064,0.6049,Mining
T45QUE,2021,4800,5824,22.164692,85.628287,0.6048,Mining
T45QUE,2021,1856,3648,22.428645,85.414307,0.6048,Mining
T45QUE,2021,1984,1568,22.414977,85.212422,0.6048,Mining
T45QUE,2021,4960,6560,22.150825,85.699787,0.6048,Mining
T45QUE,2021,5376,9888,22.115501,86.022742,0.6048,Mining
T45QUE,2021,5376,352,22.107355,85.098474,0.6048,Mining
T45QUE,2021,6400,2112,22.016781,85.270152,0.6048,Mining
T45QUE,2021,4224,10112,22.219691,86.043755,0.6048,Mining
T45QUE,2021,2272,6112,22.393247,85.65403,0.6048,Mining
T45QUE,2021,4352,4640,22.204145,85.513059,0.6048,Mining
T45QUE,2021,2592,6336,22.364525,85.676059,0.6048,Mining
T45QUE,2021,480,3040,22.552311,85.353779,0.6047,Mining
T45QUE,2021,5376,9568,22.115312,85.99172,0.6047,Mining
T45QUE,2021,4832,4800,22.160936,85.529029,0.6047,Mining
T45QUE,2021,3008,7072,22.327521,85.747864,0.6047,Mining
T45QUE,2021,5440,4256,22.105542,85.476875,0.6047,Mining
T45QUE,2021,704,384,22.529236,85.09586,0.6047,Mining
T45QUE,2021,7808,3232,21.890733,85.380066,0.6047,Mining
T45QUE,2021,736,9536,22.534414,85.985593,0.6047,Mining
T45QUE,2021,2944,8608,22.334385,85.89694,0.6047,Mining
T45QUE,2021,2528,3136,22.367465,85.365283,0.6047,Mining
T45QUE,2021,6080,1888,22.045447,85.248103,0.6047,Mining
T45QUE,2021,2464,1888,22.371975,85.244044,0.6047,Mining
T45QUE,2021,6112,3936,22.04456,85.446526,0.6047,Mining
T45QUE,2021,10880,8032,21.617156,85.84682,0.6047,Mining
T45QUE,2021,128,8672,22.588779,85.90115,0.6046,Mining
T45QUE,2021,2624,5792,22.361194,85.623263,0.6046,Mining
T45QUE,2021,4320,7616,22.209416,85.801686,0.6046,Mining
T45QUE,2021,8832,2688,21.797731,85.328501,0.6046,Mining
T45QUE,2021,3776,4576,22.256108,85.506301,0.6046,Mining
T45QUE,2021,6112,7264,22.047302,85.768949,0.6046,Mining
T45QUE,2021,3360,9440,22.297338,85.977994,0.6046,Mining
T45QUE,2021,4288,5728,22.210855,85.618527,0.6046,Mining
T45QUE,2021,1280,10048,22.485583,86.035717,0.6046,Mining
T45QUE,2021,8864,7200,21.79868,85.764895,0.6045,Mining
T45QUE,2021,2336,2400,22.384065,85.293614,0.6045,Mining
T45QUE,2021,6208,7712,22.038952,85.812428,0.6045,Mining
T45QUE,2021,6880,2048,21.973369,85.264481,0.6045,Mining
T45QUE,2021,3616,4256,22.27027,85.475098,0.6045,Mining
T45QUE,2021,6016,5696,22.05476,85.616947,0.6045,Mining
T45QUE,2021,96,3680,22.587613,85.415605,0.6044,Mining
T45QUE,2021,1632,7136,22.451849,85.75297,0.6044,Mining
T45QUE,2021,1984,3808,22.417238,85.429979,0.6044,Mining
T45QUE,2021,896,3488,22.515185,85.397768,0.6044,Mining
T45QUE,2021,6208,4832,22.036691,85.533416,0.6044,Mining
T45QUE,2021,1536,3680,22.457574,85.417087,0.6044,Mining
T45QUE,2021,2080,3648,22.408417,85.414537,0.6044,Mining
T45QUE,2021,5184,10784,22.133341,86.109497,0.6043,Mining
T45QUE,2021,2496,3680,22.37088,85.41807,0.6043,Mining
T45QUE,2021,2144,7616,22.405958,85.800008,0.6043,Mining
T45QUE,2021,5472,9664,22.106698,86.001088,0.6043,Mining
T45QUE,2021,5888,2688,22.063597,85.325393,0.6043,Mining
T45QUE,2021,6144,6176,22.043585,85.663563,0.6043,Mining
T45QUE,2021,2688,4064,22.353901,85.455546,0.6043,Mining
T45QUE,2021,2752,3776,22.347852,85.42765,0.6043,Mining
T45QUE,2021,2720,3552,22.350529,85.405871,0.6043,Mining
T45QUE,2021,6944,7488,21.972313,85.79129,0.6043,Mining
T45QUE,2021,6688,7232,21.995252,85.766299,0.6043,Mining
T45QUE,2021,5472,6144,22.104255,85.65989,0.6043,Mining
T45QUE,2021,1984,10528,22.422263,86.082792,0.6043,Mining
T45QUE,2021,6528,352,22.003335,85.099865,0.6042,Mining
T45QUE,2021,32,1344,22.590991,85.188373,0.6042,Mining
T45QUE,2021,9632,8672,21.730308,85.907797,0.6042,Mining
T45QUE,2021,3424,9216,22.291419,85.956294,0.6042,Mining
T45QUE,2021,5376,4384,22.111437,85.489219,0.6042,Mining
T45QUE,2021,1600,5344,22.453299,85.578823,0.6042,Mining
T45QUE,2021,6112,10880,22.049562,86.119325,0.6042,Mining
T45QUE,2021,9344,5952,21.754378,85.644597,0.6042,Mining
T45QUE,2021,3712,6784,22.263717,85.720484,0.6042,Mining
T45QUE,2021,1728,3904,22.440447,85.439045,0.6042,Mining
T45QUE,2021,10208,2272,21.673055,85.289745,0.6042,Mining
T45QUE,2021,1568,10848,22.460014,86.113644,0.6042,Mining
T45QUE,2021,6208,6304,22.037906,85.676018,0.6042,Mining
T45QUE,2021,5056,3072,22.139109,85.361728,0.6042,Mining
T45QUE,2021,9088,7072,21.778354,85.752689,0.6041,Mining
T45QUE,2021,288,352,22.566759,85.092233,0.6041,Mining
T45QUE,2021,10144,3744,21.68024,85.431908,0.6041,Mining
T45QUE,2021,3552,5056,22.27676,85.552664,0.6041,Mining
T45QUE,2021,672,3328,22.535257,85.381981,0.6041,Mining
T45QUE,2021,4864,6880,22.15974,85.730736,0.6041,Mining
T45QUE,2021,160,3040,22.581208,85.353436,0.6041,Mining
T45QUE,2021,5888,8576,22.068442,85.895914,0.6041,Mining
T45QUE,2021,864,2144,22.516722,85.267105,0.604,Mining
T45QUE,2021,3552,5824,22.277407,85.627191,0.604,Mining
T45QUE,2021,0,3936,22.596526,85.440403,0.604,Mining
T45QUE,2021,1408,1152,22.466535,85.17134,0.604,Mining
T45QUE,2021,32,10496,22.598566,86.078515,0.604,Mining
T45QUE,2021,6848,5888,21.97977,85.63627,0.604,Mining
T45QUE,2021,2272,2560,22.390008,85.30908,0.604,Mining
T45QUE,2021,9408,5568,21.74829,85.607526,0.604,Mining
T45QUE,2021,2016,5088,22.415509,85.554339,0.604,Mining
T45QUE,2021,4160,5696,22.22239,85.615309,0.604,Mining
T45QUE,2021,384,7584,22.564899,85.795525,0.604,Mining
T45QUE,2021,3552,8864,22.279634,85.922216,0.604,Mining
T45QUE,2021,3968,7392,22.241049,85.779683,0.604,Mining
T45QUE,2021,5984,2464,22.054704,85.303795,0.6039,Mining
T45QUE,2021,672,8032,22.539207,85.83931,0.6039,Mining
T45QUE,2021,3072,8288,22.322609,85.865964,0.6039,Mining
T45QUE,2021,5568,7360,22.096508,85.777828,0.6039,Mining
T45QUE,2021,4224,8736,22.218851,85.910263,0.6039,Mining
T45QUE,2021,960,5088,22.510878,85.553349,0.6039,Mining
T45QUE,2021,128,2240,22.583281,85.275609,0.6039,Mining
T45QUE,2021,2496,2720,22.369942,85.324859,0.6038,Mining
T45QUE,2021,6432,9312,22.019768,85.967596,0.6038,Mining
T45QUE,2021,7136,7776,21.955174,85.819323,0.6038,Mining
T45QUE,2021,2944,3808,22.330543,85.430951,0.6038,Mining
T45QUE,2021,6144,7584,22.044642,85.799978,0.6038,Mining
T45QUE,2021,8928,3072,21.789433,85.365733,0.6038,Mining
T45QUE,2021,4288,5664,22.210803,85.612319,0.6038,Mining
T45QUE,2021,1152,6272,22.49453,85.668604,0.6038,Mining
T45QUE,2021,4000,6080,22.237153,85.652421,0.6038,Mining
T45QUE,2021,1472,3328,22.463014,85.382821,0.6037,Mining
T45QUE,2021,5760,96,22.072391,85.074139,0.6037,Mining
T45QUE,2021,4576,10880,22.188315,86.118463,0.6037,Mining
T45QUE,2021,3776,2752,22.254385,85.329342,0.6037,Mining
T45QUE,2021,3168,5632,22.31193,85.608215,0.6037,Mining
T45QUE,2021,1184,10336,22.494419,86.063653,0.6037,Mining
T45QUE,2021,5440,10208,22.109902,86.053803,0.6037,Mining
T45QUE,2021,7200,7552,21.949235,85.797682,0.6037,Mining
T45QUE,2021,4800,10496,22.167874,86.081347,0.6037,Mining
T45QUE,2021,1568,3744,22.454745,85.423338,0.6037,Mining
T45QUE,2021,10496,8576,21.6522,85.899109,0.6037,Mining
T45QUE,2021,7456,3040,21.922339,85.361123,0.6037,Mining
T45QUE,2021,384,3936,22.561849,85.440793,0.6037,Mining
T45QUE,2021,2592,10304,22.367218,86.061398,0.6036,Mining
T45QUE,2021,1760,928,22.434503,85.15,0.6036,Mining
T45QUE,2021,3776,5664,22.257045,85.611864,0.6036,Mining
T45QUE,2021,5120,3488,22.133729,85.402118,0.6036,Mining
T45QUE,2021,7264,6560,21.942724,85.701687,0.6036,Mining
T45QUE,2021,4576,7648,22.186316,85.804986,0.6036,Mining
T45QUE,2021,192,2176,22.577435,85.269458,0.6036,Mining
T45QUE,2021,1376,3968,22.472295,85.444908,0.6035,Mining
T45QUE,2021,5568,10656,22.098585,86.097307,0.6035,Mining
T45QUE,2021,1216,2944,22.485753,85.345238,0.6035,Mining
T45QUE,2021,8128,544,21.859073,85.120355,0.6035,Mining
T45QUE,2021,320,1408,22.565056,85.194935,0.6035,Mining
T45QUE,2021,1568,4448,22.455399,85.491737,0.6035,Mining
T45QUE,2021,6848,5344,21.979324,85.58359,0.6035,Mining
T45QUE,2021,4608,6112,22.182265,85.656048,0.6034,Mining
T45QUE,2021,2176,10240,22.404759,86.054928,0.6034,Mining
T45QUE,2021,2464,5856,22.375698,85.629336,0.6034,Mining
T45QUE,2021,10336,4416,21.6635,85.497023,0.6034,Mining
T45QUE,2021,5760,6464,22.078494,85.691146,0.6034,Mining
T45QUE,2021,5248,7872,22.125776,85.827214,0.6034,Mining
T45QUE,2021,2176,3552,22.399656,85.405312,0.6034,Mining
T45QUE,2021,352,1152,22.561885,85.170085,0.6034,Mining
T45QUE,2021,3616,5344,22.271227,85.58067,0.6034,Mining
T45QUE,2021,6400,5728,22.020104,85.620384,0.6033,Mining
T45QUE,2021,1632,2304,22.447538,85.283511,0.6033,Mining
T45QUE,2021,6144,7200,22.044365,85.762773,0.6033,Mining
T45QUE,2021,4512,1952,22.187107,85.252558,0.6033,Mining
T45QUE,2021,5568,9600,22.097988,85.994945,0.6033,Mining
T45QUE,2021,0,224,22.592614,85.079429,0.6033,Mining
T45QUE,2021,7328,3616,21.934445,85.416745,0.6032,Mining
T45QUE,2021,5824,2080,22.068763,85.266419,0.6032,Mining
T45QUE,2021,7616,6816,21.911124,85.726755,0.6032,Mining
T45QUE,2021,2240,6272,22.396266,85.669542,0.6032,Mining
T45QUE,2021,2272,2624,22.390073,85.315295,0.6032,Mining
T45QUE,2021,1888,5952,22.427798,85.638152,0.6032,Mining
T45QUE,2021,2176,7936,22.403295,85.831116,0.6032,Mining
T45QUE,2021,4992,5408,22.147006,85.588124,0.6031,Mining
T45QUE,2021,5664,6496,22.08719,85.694168,0.6031,Mining
T45QUE,2021,6464,7328,22.015554,85.775423,0.6031,Mining
T45QUE,2021,4704,4448,22.172184,85.494777,0.6031,Mining
T45QUE,2021,5568,2816,22.092621,85.337455,0.6031,Mining
T45QUE,2021,6688,5248,21.993694,85.57415,0.6031,Mining
T45QUE,2021,224,2496,22.574878,85.300609,0.6031,Mining
T45QUE,2021,5760,9632,22.080663,85.99817,0.603,Mining
T45QUE,2021,4672,10496,22.179437,86.081272,0.603,Mining
T45QUE,2021,9760,1024,21.712224,85.168661,0.603,Mining
T45QUE,2021,480,832,22.549971,85.13913,0.603,Mining
T45QUE,2021,416,5920,22.560715,85.633739,0.603,Mining
T45QUE,2021,6368,10752,22.026369,86.107067,0.6029,Mining
T45QUE,2021,2144,4480,22.40341,85.495407,0.6029,Mining
T45QUE,2021,1952,2496,22.418839,85.302514,0.6029,Mining
T45QUE,2021,5312,160,22.112916,85.079792,0.6029,Mining
T45QUE,2021,1664,4672,22.446931,85.513593,0.6029,Mining
T45QUE,2021,1056,2944,22.500202,85.345066,0.6029,Mining
T45QUE,2021,4704,3360,22.171176,85.389284,0.6029,Mining
T45QUE,2021,2080,3104,22.40789,85.361703,0.6029,Mining
T45QUE,2021,5344,9664,22.11826,86.001007,0.6029,Mining
T45QUE,2021,4832,10912,22.165206,86.12171,0.6028,Mining
T45QUE,2021,7200,2624,21.945051,85.320588,0.6028,Mining
T45QUE,2021,10848,5088,21.617831,85.56241,0.6028,Mining
T45QUE,2021,672,2144,22.534059,85.266888,0.6028,Mining
T45QUE,2021,4864,10912,22.162315,86.121728,0.6028,Mining
T45QUE,2021,7264,8160,21.943875,85.856598,0.6028,Mining
T45QUE,2021,1344,8000,22.478488,85.836707,0.6028,Mining
T45QUE,2021,6112,8608,22.04823,85.899172,0.6028,Mining
T45QUE,2021,2112,6112,22.407698,85.653891,0.6028,Mining
T45QUE,2021,1408,6304,22.471435,85.671935,0.6027,Mining
T45QUE,2021,1312,8544,22.481751,85.889555,0.6027,Mining
T45QUE,2021,192,10368,22.584042,86.066161,0.6027,Mining
T45QUE,2021,3712,9920,22.265829,86.024807,0.6027,Mining
T45QUE,2021,6848,8544,21.981706,85.893487,0.6027,Mining
T45QUE,2021,6688,9440,21.996721,85.980162,0.6027,Mining
T45QUE,2021,4832,5760,22.161749,85.62211,0.6026,Mining
T45QUE,2021,2368,5888,22.384394,85.632359,0.6026,Mining
T45QUE,2021,4352,10688,22.208447,86.09971,0.6026,Mining
T45QUE,2021,3776,3744,22.255346,85.425581,0.6026,Mining
T45QUE,2021,3104,6144,22.318129,85.657858,0.6026,Mining
T45QUE,2021,192,2496,22.577768,85.300573,0.6026,Mining
T45QUE,2021,1568,3520,22.454531,85.401575,0.6026,Mining
T45QUE,2021,1472,10080,22.468258,86.038947,0.6026,Mining
T45QUE,2021,32,8256,22.597168,85.860615,0.6026,Mining
T45QUE,2021,4448,5856,22.196509,85.631082,0.6026,Mining
T45QUE,2021,0,9792,22.601049,86.01001,0.6025,Mining
T45QUE,2021,6400,8672,22.022257,85.905573,0.6025,Mining
T45QUE,2021,1856,2656,22.427671,85.31795,0.6025,Mining
T45QUE,2021,1856,3360,22.428368,85.386332,0.6025,Mining
T45QUE,2021,5120,10688,22.139072,86.100152,0.6025,Mining
T45QUE,2021,5472,3936,22.102359,85.445893,0.6025,Mining
T45QUE,2021,3712,6368,22.263394,85.680118,0.6025,Mining
T45QUE,2021,5568,3008,22.09281,85.35606,0.6024,Mining
T45QUE,2021,6112,4096,22.044706,85.462026,0.6024,Mining
T45QUE,2021,960,5248,22.511017,85.568902,0.6024,Mining
T45QUE,2021,8512,3296,21.827215,85.386973,0.6024,Mining
T45QUE,2021,5664,6656,22.087313,85.709674,0.6023,Mining
T45QUE,2021,6976,6976,21.96905,85.741734,0.6023,Mining
T45QUE,2021,3808,9600,22.256968,85.993814,0.6023,Mining
T45QUE,2021,576,9440,22.548807,85.976152,0.6023,Mining
T45QUE,2021,2720,6080,22.352759,85.651312,0.6023,Mining
T45QUE,2021,4480,8768,22.195749,85.913546,0.6023,Mining
T45QUE,2021,6336,7744,22.027412,85.815625,0.6023,Mining
T45QUE,2021,5824,10432,22.075339,86.075744,0.6023,Mining
T45QUE,2021,8256,3520,21.850546,85.408383,0.6023,Mining
T45QUE,2021,512,1376,22.547684,85.19205,0.6022,Mining
T45QUE,2021,1664,7712,22.449381,85.808963,0.6022,Mining
T45QUE,2021,3008,8320,22.328411,85.869024,0.6022,Mining
T45QUE,2021,5920,8672,22.065614,85.90524,0.6022,Mining
T45QUE,2021,5824,4288,22.07089,85.480348,0.6021,Mining
T45QUE,2021,9600,7776,21.732605,85.82115,0.6021,Mining
T45QUE,2021,2912,3648,22.333282,85.415387,0.6021,Mining
T45QUE,2021,8672,1472,21.810948,85.210736,0.6021,Mining
T45QUE,2021,6688,2720,21.991383,85.329341,0.6021,Mining
T45QUE,2021,3424,10912,22.292394,86.120917,0.6021,Mining
T45QUE,2021,3232,0,22.300539,85.061709,0.602,Mining
T45QUE,2021,1856,2848,22.427864,85.336599,0.602,Mining
T45QUE,2021,7072,2432,21.956419,85.301866,0.602,Mining
T45QUE,2021,288,1600,22.568154,85.213564,0.602,Mining
T45QUE,2021,3328,8192,22.29942,85.856833,0.602,Mining
T45QUE,2021,10432,5792,21.65598,85.630058,0.602,Mining
T45QUE,2021,5152,7712,22.134335,85.81163,0.602,Mining
T45QUE,2021,5792,6816,22.075873,85.725284,0.602,Mining
T45QUE,2021,6144,3904,22.041641,85.443457,0.602,Mining
T45QUE,2021,2944,8928,22.334593,85.928009,0.6019,Mining
T45QUE,2021,9568,4672,21.733087,85.521049,0.6019,Mining
T45QUE,2021,160,1216,22.579292,85.176078,0.6019,Mining
T45QUE,2021,128,416,22.581279,85.098257,0.6019,Mining
T45QUE,2021,192,6784,22.581638,85.717567,0.6019,Mining
T45QUE,2021,6304,736,22.023988,85.136783,0.6019,Mining
T45QUE,2021,3968,1440,22.235689,85.202288,0.6019,Mining
T45QUE,2021,6784,8128,21.98721,85.853152,0.6019,Mining
T45QUE,2021,1056,8896,22.505106,85.923588,0.6018,Mining
T45QUE,2021,6976,6560,21.968737,85.701451,0.6018,Mining
T45QUE,2021,5216,6176,22.127402,85.662774,0.6018,Mining
T45QUE,2021,6304,9152,22.031232,85.952011,0.6018,Mining
T45QUE,2021,768,6304,22.529237,85.671383,0.6018,Mining
T45QUE,2021,9312,6496,21.757691,85.697169,0.6018,Mining
T45QUE,2021,2816,6560,22.34447,85.697998,0.6018,Mining
T45QUE,2021,1216,4480,22.487217,85.494503,0.6018,Mining
T45QUE,2021,3040,10880,22.327065,86.117593,0.6018,Mining
T45QUE,2021,288,3840,22.570428,85.431361,0.6018,Mining
T45QUE,2021,1024,896,22.500923,85.146007,0.6018,Mining
T45QUE,2021,6144,3456,22.041222,85.400059,0.6018,Mining
T45QUE,2021,640,960,22.535667,85.151765,0.6017,Mining
T45QUE,2021,4384,9728,22.205015,86.006602,0.6017,Mining
T45QUE,2021,544,9472,22.551718,85.979242,0.6016,Mining
T45QUE,2021,2848,6176,22.341276,85.660743,0.6016,Mining
T45QUE,2021,6432,9248,22.019729,85.961396,0.6016,Mining
T45QUE,2021,3072,5248,22.320276,85.570855,0.6016,Mining
T45QUE,2021,4736,6144,22.17073,85.659261,0.6016,Mining
T45QUE,2021,160,5536,22.583513,85.596165,0.6015,Mining
T45QUE,2021,5856,10528,22.0725,86.085067,0.6015,Mining
T45QUE,2021,2208,2944,22.396173,85.3463,0.6015,Mining
T45QUE,2021,9248,2048,21.759526,85.267065,0.6014,Mining
T45QUE,2021,4896,7264,22.157136,85.767996,0.6014,Mining
T45QUE,2021,416,1472,22.556457,85.20127,0.6014,Mining
T45QUE,2021,4608,544,22.176917,85.116156,0.6014,Mining
T45QUE,2021,7200,7776,21.949393,85.819371,0.6014,Mining
T45QUE,2021,7456,6976,21.925695,85.742116,0.6014,Mining
T45QUE,2021,1536,2848,22.456761,85.336254,0.6014,Mining
T45QUE,2021,4352,10208,22.208183,86.053146,0.6014,Mining
T45QUE,2021,4576,8896,22.187159,85.926027,0.6013,Mining
T45QUE,2021,9376,6240,21.751714,85.67247,0.6013,Mining
T45QUE,2021,2080,3008,22.407795,85.352379,0.6013,Mining
T45QUE,2021,896,4320,22.515969,85.478637,0.6013,Mining
T45QUE,2021,6624,6560,22.00053,85.701162,0.6013,Mining
T45QUE,2021,8576,3552,21.821675,85.411798,0.6013,Mining
T45QUE,2021,5248,10816,22.127577,86.112635,0.6012,Mining
T45QUE,2021,1216,2368,22.485169,85.289267,0.6012,Mining
T45QUE,2021,1024,1024,22.501066,85.158446,0.6012,Mining
T45QUE,2021,3712,10336,22.266066,86.065179,0.6012,Mining
T45QUE,2021,5888,5280,22.065975,85.576526,0.6012,Mining
T45QUE,2021,9856,6176,21.708309,85.666682,0.6012,Mining
T45QUE,2021,992,5312,22.508182,85.575152,0.6012,Mining
T45QUE,2021,4256,5888,22.213876,85.634018,0.6012,Mining
T45QUE,2021,7168,4224,21.949451,85.475445,0.6011,Mining
T45QUE,2021,3168,5856,22.312115,85.629958,0.6011,Mining
T45QUE,2021,8896,8224,21.7965,85.863962,0.6011,Mining
T45QUE,2021,6720,10080,21.994204,86.042174,0.6011,Mining
T45QUE,2021,1664,10240,22.451007,86.054615,0.6011,Mining
T45QUE,2021,704,9440,22.537246,85.976237,0.6011,Mining
T45QUE,2021,1760,10688,22.442585,86.098207,0.601,Mining
T45QUE,2021,10880,5088,21.614941,85.562439,0.601,Mining
T45QUE,2021,4480,5344,22.193194,85.581455,0.601,Mining
T45QUE,2021,128,9888,22.589545,86.019431,0.601,Mining
T45QUE,2021,352,2592,22.563418,85.310084,0.601,Mining
T45QUE,2021,3776,5184,22.25664,85.565291,0.601,Mining
T45QUE,2021,2432,3744,22.37672,85.424219,0.601,Mining
T45QUE,2021,768,640,22.52375,85.120819,0.6009,Mining
T45QUE,2021,3360,5728,22.294669,85.617704,0.6009,Mining
T45QUE,2021,4480,7744,22.195056,85.814224,0.6009,Mining
T45QUE,2021,5696,5024,22.083098,85.551545,0.6009,Mining
T45QUE,2021,5792,9984,22.077978,86.032305,0.6009,Mining
T45QUE,2021,7520,6976,21.919914,85.742166,0.6009,Mining
T45QUE,2021,3936,10336,22.245832,86.065314,0.6009,Mining
T45QUE,2021,7072,7328,21.960637,85.775895,0.6008,Mining
T45QUE,2021,96,1696,22.585594,85.222675,0.6008,Mining
T45QUE,2021,2176,480,22.396438,85.106997,0.6008,Mining
T45QUE,2021,288,4512,22.571052,85.496705,0.6008,Mining
T45QUE,2021,1024,4512,22.504585,85.497425,0.6008,Mining
T45QUE,2021,3744,8256,22.261889,85.863348,0.6008,Mining
T45QUE,2021,5280,7168,22.122381,85.758991,0.6008,Mining
T45QUE,2021,5216,9664,22.129822,86.000925,0.6008,Mining
T45QUE,2021,7136,8352,21.955565,85.875097,0.6007,Mining
T45QUE,2021,8352,4320,21.842604,85.485869,0.6007,Mining
T45QUE,2021,2976,3552,22.327411,85.406134,0.6007,Mining
T45QUE,2021,2080,4192,22.408927,85.467372,0.6007,Mining
T45QUE,2021,4800,10592,22.167927,86.090658,0.6007,Mining
T45QUE,2021,6144,1312,22.039061,85.192383,0.6007,Mining
T45QUE,2021,416,6144,22.560898,85.65552,0.6007,Mining
T45QUE,2021,1824,2144,22.430035,85.268183,0.6007,Mining
T45QUE,2021,1408,3392,22.468856,85.388973,0.6007,Mining
T45QUE,2021,1824,1088,22.428902,85.165616,0.6007,Mining
T45QUE,2021,4288,2656,22.208053,85.32058,0.6007,Mining
T45QUE,2021,4576,4256,22.183571,85.476035,0.6007,Mining
T45QUE,2021,4576,8864,22.187139,85.922923,0.6007,Mining
T45QUE,2021,6656,192,21.991597,85.084528,0.6007,Mining
T45QUE,2021,1728,2304,22.438869,85.283618,0.6006,Mining
T45QUE,2021,128,3360,22.584414,85.38452,0.6006,Mining
T45QUE,2021,5728,4384,22.079647,85.489557,0.6006,Mining
T45QUE,2021,1216,9568,22.491078,85.98902,0.6006,Mining
T45QUE,2021,96,9472,22.592183,85.978944,0.6006,Mining
T45QUE,2021,9344,5440,21.753966,85.595094,0.6006,Mining
T45QUE,2021,4192,5440,22.219286,85.590506,0.6006,Mining
T45QUE,2021,2496,5472,22.372487,85.592076,0.6006,Mining
T45QUE,2021,5920,6912,22.064384,85.73469,0.6006,Mining
T45QUE,2021,10464,4608,21.652106,85.515692,0.6005,Mining
T45QUE,2021,5920,3104,22.061115,85.365729,0.6005,Mining
T45QUE,2021,6080,448,22.043895,85.108623,0.6005,Mining
T45QUE,2021,4928,4864,22.152321,85.535324,0.6005,Mining
T45QUE,2021,3904,1504,22.241537,85.208422,0.6004,Mining
T45QUE,2021,224,9408,22.580582,85.972805,0.6004,Mining
T45QUE,2021,4192,5472,22.219313,85.59361,0.6004,Mining
T45QUE,2021,5952,6176,22.060927,85.6634,0.6004,Mining
T45QUE,2021,4096,9760,22.231049,86.009524,0.6004,Mining
T45QUE,2021,5216,10624,22.130365,86.094002,0.6004,Mining
T45QUE,2021,9376,8288,21.753184,85.870492,0.6003,Mining
T45QUE,2021,8000,3200,21.873363,85.377165,0.6003,Mining
T45QUE,2021,4000,8736,22.239085,85.910107,0.6003,Mining
T45QUE,2021,6336,7552,22.027277,85.797024,0.6003,Mining
T45QUE,2021,4256,768,22.208951,85.137454,0.6003,Mining
T45QUE,2021,8864,4416,21.796447,85.49564,0.6003,Mining
T45QUE,2021,5024,3040,22.141968,85.358593,0.6003,Mining
T45QUE,2021,3392,9408,22.294428,85.974909,0.6003,Mining
T45QUE,2021,3744,9024,22.262393,85.937876,0.6003,Mining
T45QUE,2021,1856,10400,22.433754,86.070279,0.6003,Mining
T45QUE,2021,5664,7008,22.087579,85.743788,0.6003,Mining
T45QUE,2021,6144,10272,22.046344,86.060428,0.6003,Mining
T45QUE,2021,4448,3296,22.194233,85.382814,0.6002,Mining
T45QUE,2021,6752,10144,21.99135,86.048392,0.6002,Mining
T45QUE,2021,5952,8480,22.062598,85.886656,0.6002,Mining
T45QUE,2021,8896,2688,21.791951,85.328568,0.6002,Mining
T45QUE,2021,2464,9664,22.378408,85.99916,0.6002,Mining
T45QUE,2021,704,6592,22.535246,85.699328,0.6002,Mining
T45QUE,2021,1792,4352,22.435082,85.48263,0.6002,Mining
T45QUE,2021,5760,2336,22.074803,85.291152,0.6002,Mining
T45QUE,2021,4992,5728,22.147272,85.619148,0.6002,Mining
T45QUE,2021,7008,9184,21.967659,85.955577,0.6002,Mining
T45QUE,2021,6528,8864,22.010818,85.924261,0.6002,Mining
T45QUE,2021,7424,1856,21.924046,85.246495,0.6001,Mining
T45QUE,2021,6624,6080,22.000155,85.654672,0.6001,Mining
T45QUE,2021,2688,3616,22.35348,85.412052,0.6001,Mining
T45QUE,2021,1280,896,22.477808,85.146315,0.6,Mining
T45QUE,2021,3904,4576,22.244548,85.506424,0.6,Mining
T45QUE,2021,2496,512,22.367581,85.110494,0.6,Mining
T45QUE,2021,5600,7904,22.094004,85.830579,0.6,Mining
T45QUE,2021,5856,9568,22.071953,85.992028,0.6,Mining
T45QUE,2021,5024,3872,22.14276,85.439246,0.6,Mining
T45QUE,2021,4288,5472,22.210643,85.593696,0.6,Mining
T45QUE,2021,2560,3296,22.364731,85.380852,0.6,Mining
T45QUE,2021,800,4896,22.525158,85.534535,0.6,Mining
